frame,index,module,kernel,stage,groups,threads,count,start_ms,end_ms,duration_ms,frame_ms,scalar_args
0,0,c32_fused_ffn,c32_fast_ffn_attention_fused_half_prefix_finish_main8,pre-down,34560,128,34560,0.004360000,1.592919946,1.588559985,28.858600616,_;_;_;_;_;_;34560;0;1;1920;1152;0;0
0,1,c32_fused_ffn,c32_fast_ffn_attention_fused_half_mapped,block4,8640,128,8640,1.601959944,2.031840086,0.429879993,28.858600616,_;_;_;_;8640;0;1;960;576;0;0
0,2,c32_fused_ffn,c32_fast_ffn_attention_fused_half_chain,block4,8833,128,8833,2.033279896,2.440079927,0.406800002,28.858600616,_;_;_;_;8833;3;1;960;576;4;4;960;0;0
0,3,c32_fused_ffn,c32_fast_ffn_attention_fused_half_chain,block4,8712,128,8712,2.441679955,2.842479944,0.400799990,28.858600616,_;_;_;_;8712;3;1;960;576;4;0;968;4;4
0,4,c32_fused_ffn,c32_fast_ffn_attention_fused_half_chain_finish_dcrop,block4,8760,128,8760,2.844079971,3.294280052,0.450199991,28.858600616,_;_;_;_;_;8760;3;1;960;576;0;4;968;4;0
0,5,mh_fast,mh_pool_project_production_h16w,block5,34560,32,8847360,3.295880079,3.413079977,0.117200002,28.858600616,_;_;_;480;288;0;0;32
0,6,mh_fast,mh_ffn_fused_c64_project_g128_qkv_fb,block5,8640,128,8847360,3.421080112,3.621639967,0.200560004,28.858600616,_;_;_;_;_;138240;480;288;480;0;0
0,7,mh_fused,c64_attention_project_fb_bout_diag,block5,2160,256,2160,3.623039961,3.777879953,0.154840007,28.858600616,_;_;_;_;480;288;4;0;0;0;0
0,8,mh_fast,mh_ffn_fused_c64_project_mapped_g128_qkv_bytein_fb,block6,9028,128,9244672,3.779239893,3.995120049,0.215880007,28.858600616,_;_;_;_;_;144448;480;288;488;4;4
0,9,mh_fused,c64_attention_project_fb_bout_diag,block6,2257,256,2257,3.996520042,4.156000137,0.159480006,28.858600616,_;_;_;_;488;296;4;480;288;4;4
0,10,mh_fast,mh_ffn_fused_c64_project_mapped_g128_qkv_bytein_fb,block7,8784,128,8994816,4.157479763,4.366600037,0.209120005,28.858600616,_;_;_;_;_;140544;480;288;488;4;0
0,11,mh_fused,c64_attention_project_fb_bout_diag,block7,2196,256,2196,4.367959976,4.525279999,0.157319993,28.858600616,_;_;_;_;488;288;4;480;288;4;0
0,12,mh_fast,mh_ffn_fused_c64_project_mapped_g128_qkv_bytein_fb,block8,8880,128,9093120,4.526800156,4.737480164,0.210679993,28.858600616,_;_;_;_;_;142080;480;288;480;0;4
0,13,mh_fused,c64_attention_project_fb_diag,block8,2220,256,2220,4.738840103,4.897319794,0.158480003,28.858600616,_;_;_;_;480;296;3;480;288;0;4
0,14,mh_fast,mh_pool_project_group_c64,block9,2160,64,4423680,4.898799896,4.994959831,0.096160002,28.858600616,_;_;_;240;144;480;0;0
0,15,mh_fast,mh_ffn_fused_c128_project_g128_qkv_fb,block9,2160,256,4423680,4.998839855,5.155240059,0.156399995,28.858600616,_;_;_;_;_;34560;240;144;240;0;0
0,16,mh_fused,c128_attention_project_fb_bout_diag,block9,540,512,540,5.156640053,5.255159855,0.098520003,28.858600616,_;_;_;_;240;144;4;0;0;0;0
0,17,mh_fast,mh_ffn_fused_c128_project_mapped_g128_qkv_bytein_fb,block10,2356,256,4825088,5.256599903,5.414120197,0.157519996,28.858600616,_;_;_;_;_;37696;240;144;248;4;4
0,18,mh_fused,c128_attention_project_fb_bout_diag,block10,589,512,589,5.420919895,5.529759884,0.108840004,28.858600616,_;_;_;_;248;152;4;240;144;4;4
0,19,mh_fast,mh_ffn_fused_c128_project_mapped_g128_qkv_bytein_fb,block11,2232,256,4571136,5.531199932,5.692599773,0.161400005,28.858600616,_;_;_;_;_;35712;240;144;248;4;0
0,20,mh_fused,c128_attention_project_fb_bout_diag,block11,558,512,558,5.693999767,5.804399967,0.110399999,28.858600616,_;_;_;_;248;144;4;240;144;4;0
0,21,mh_fast,mh_ffn_fused_c128_project_mapped_g128_qkv_bytein_fb,block12,2280,256,4669440,5.805880070,6.010119915,0.204239994,28.858600616,_;_;_;_;_;36480;240;144;240;0;4
0,22,mh_fused,c128_attention_project_fb_bout_diag,block12,570,512,570,6.016960144,6.123320103,0.106360003,28.858600616,_;_;_;_;240;152;4;240;144;0;4
0,23,mh_fast,mh_ffn_fused_c128_project_g128_qkv_bytein_fb,block13,2160,256,4423680,6.124800205,6.280200005,0.155399993,28.858600616,_;_;_;_;_;34560;240;144;240;0;0
0,24,mh_fused,c128_attention_project_fb_bout_diag,block13,540,512,540,6.281559944,6.378359795,0.096799999,28.858600616,_;_;_;_;240;144;4;0;0;0;0
0,25,mh_fast,mh_ffn_fused_c128_project_mapped_g128_qkv_bytein_fb,block14,2356,256,4825088,6.379839897,6.538839817,0.158999994,28.858600616,_;_;_;_;_;37696;240;144;248;4;4
0,26,mh_fused,c128_attention_project_fb_diag,block14,589,512,589,6.547200203,6.655280113,0.108080000,28.858600616,_;_;_;_;248;152;3;240;144;4;4
0,27,mh_fast,mh_pool_project_group_c128,block15,540,128,2211840,6.656760216,6.729720116,0.072959997,28.858600616,_;_;_;120;72;240;0;0
0,28,mh_fast,mh_ffn_fused_c256_frag_project_g128_qkv_fb,block15,540,512,2211840,6.732439995,6.857840061,0.125400007,28.858600616,_;_;_;_;_;8640;120;72;120;0;0
0,29,mh_fused,c256_attention_project_fb_bout_diag,block15,135,512,135,6.859320164,6.947720051,0.088399999,28.858600616,_;_;_;_;120;72;4;0;0;0;0
0,30,mh_fast,mh_ffn_fused_c256_frag_project_mapped_g128_qkv_bytein_fb,block16,640,512,2621440,6.949240208,7.077799797,0.128560007,28.858600616,_;_;_;_;_;10240;120;72;128;4;4
0,31,mh_fused,c256_attention_project_fb_bout_diag,block16,160,512,160,7.080480099,7.179399967,0.098920003,28.858600616,_;_;_;_;128;80;4;120;72;4;4
0,32,mh_fast,mh_ffn_fused_c256_frag_project_mapped_g128_qkv_bytein_fb,block17,576,512,2359296,7.181159973,7.311039925,0.129879996,28.858600616,_;_;_;_;_;9216;120;72;128;4;0
0,33,mh_fused,c256_attention_project_fb_bout_diag,block17,144,512,144,7.312560081,7.407360077,0.094800003,28.858600616,_;_;_;_;128;72;4;120;72;4;0
0,34,mh_fast,mh_ffn_fused_c256_frag_project_mapped_g128_qkv_bytein_fb,block18,600,512,2457600,7.409080029,7.533440113,0.124360003,28.858600616,_;_;_;_;_;9600;120;72;120;0;4
0,35,mh_fused,c256_attention_project_fb_bout_diag,block18,150,512,150,7.536119938,7.633800030,0.097680002,28.858600616,_;_;_;_;120;80;4;120;72;0;4
0,36,mh_fast,mh_ffn_fused_c256_frag_project_g128_qkv_bytein_fb,block19,540,512,2211840,7.635519981,7.759079933,0.123559996,28.858600616,_;_;_;_;_;8640;120;72;120;0;0
0,37,mh_fused,c256_attention_project_fb_bout_diag,block19,135,512,135,7.760519981,7.875879765,0.115359999,28.858600616,_;_;_;_;120;72;4;0;0;0;0
0,38,mh_fast,mh_ffn_fused_c256_frag_project_mapped_g128_qkv_bytein_fb,block20,640,512,2621440,7.877439976,8.012920380,0.135480002,28.858600616,_;_;_;_;_;10240;120;72;128;4;4
0,39,mh_fused,c256_attention_project_fb_bout_diag,block20,160,512,160,8.014320374,8.113120079,0.098800004,28.858600616,_;_;_;_;128;80;4;120;72;4;4
0,40,mh_fast,mh_ffn_fused_c256_frag_project_mapped_g128_qkv_bytein_fb,block21,576,512,2359296,8.114879608,8.253560066,0.138679996,28.858600616,_;_;_;_;_;9216;120;72;128;4;0
0,41,mh_fused,c256_attention_project_fb_bout_diag,block21,144,512,144,8.255040169,8.349439621,0.094400004,28.858600616,_;_;_;_;128;72;4;120;72;4;0
0,42,mh_fast,mh_ffn_fused_c256_frag_project_mapped_g128_qkv_bytein_fb,block22,600,512,2457600,8.351200104,8.482919693,0.131720006,28.858600616,_;_;_;_;_;9600;120;72;120;0;4
0,43,mh_fused,c256_attention_project_fb_diag,block22,150,512,150,8.484239578,8.582759857,0.098520003,28.858600616,_;_;_;_;120;80;3;120;72;0;4
0,44,mh_fast,mh_pool_project_group_c256,block23,135,256,1105920,8.584839821,8.647959709,0.063120000,28.858600616,_;_;_;60;36;120;0;0
0,45,mh,mh_shift_pack,block23,5120,256,1310720,8.651599884,8.710240364,0.058639999,28.858600616,_;_;60;36;64;40;0;0;512;0
0,46,deep_fast,split_mix_blocked_h16w,block23,1280,32,1310720,8.718079567,8.792559624,0.074479997,28.858600616,_;_;_;2560
0,47,deep_fast,split_ffn_fused_fp8_t8,block23,1280,128,1310720,8.796279907,8.865599632,0.069320001,28.858600616,_;_;_;_;2560
0,48,deep_fast,split_projection_frag,block23,1280,32,1310720,8.867079735,8.927319527,0.060240000,28.858600616,_;_;_;_;_;2560
0,49,mh_fast,mh_qkv_normalize_frag_c512,block23,3840,32,3932160,8.931719780,9.014559746,0.082840003,28.858600616,_;_;_;2560
0,50,mh_fused,mh_attention_fused_fp8_out,block23,640,128,640,9.015919685,9.082320213,0.066399999,28.858600616,_;_;_;64;40;512
0,51,mh_fast,mh_attention_project_frag_c512,block23,1280,32,1310720,9.083760262,9.158160210,0.074400000,28.858600616,_;_;_;_;2560;0;60;36;64;0;0
0,52,mh,mh_shift_pack,block24,5120,256,1310720,9.161879539,9.220800400,0.058920000,28.858600616,_;_;60;36;64;40;4;4;512;0
0,53,deep_fast,split_mix_blocked_h16w,block24,1280,32,1310720,9.227160454,9.301400185,0.074239999,28.858600616,_;_;_;2560
0,54,deep_fast,split_ffn_fused_fp8_t8,block24,1280,128,1310720,9.305120468,9.374039650,0.068920001,28.858600616,_;_;_;_;2560
0,55,deep_fast,split_projection_frag,block24,1280,32,1310720,9.375559807,9.436200142,0.060640000,28.858600616,_;_;_;_;_;2560
0,56,mh_fast,mh_qkv_normalize_frag_c512,block24,3840,32,3932160,9.440640450,9.524000168,0.083360001,28.858600616,_;_;_;2560
0,57,mh_fused,mh_attention_fused_fp8_out,block24,640,128,640,9.525360107,9.605239868,0.079879999,28.858600616,_;_;_;64;40;512
0,58,mh_fast,mh_attention_project_frag_c512,block24,1280,32,1310720,9.607879639,9.677399635,0.069519997,28.858600616,_;_;_;_;2560;0;60;36;64;4;4
0,59,mh,mh_shift_pack,block25,5120,256,1310720,9.681119919,9.739119530,0.057999998,28.858600616,_;_;60;36;64;40;4;0;512;0
0,60,deep_fast,split_mix_blocked_h16w,block25,1280,32,1310720,9.745639801,9.822199821,0.076559998,28.858600616,_;_;_;2560
0,61,deep_fast,split_ffn_fused_fp8_t8,block25,1280,128,1310720,9.825960159,9.896320343,0.070359997,28.858600616,_;_;_;_;2560
0,62,deep_fast,split_projection_frag,block25,1280,32,1310720,9.897879601,9.958640099,0.060759999,28.858600616,_;_;_;_;_;2560
0,63,mh_fast,mh_qkv_normalize_frag_c512,block25,3840,32,3932160,9.963000298,10.048319817,0.085320003,28.858600616,_;_;_;2560
0,64,mh_fused,mh_attention_fused_fp8_out,block25,640,128,640,10.049719810,10.115559578,0.065839998,28.858600616,_;_;_;64;40;512
0,65,mh_fast,mh_attention_project_frag_c512,block25,1280,32,1310720,10.116959572,10.190959930,0.074000001,28.858600616,_;_;_;_;2560;0;60;36;64;4;0
0,66,mh,mh_shift_pack,block26,5120,256,1310720,10.194680214,10.252840042,0.058160000,28.858600616,_;_;60;36;64;40;0;4;512;0
0,67,deep_fast,split_mix_blocked_h16w,block26,1280,32,1310720,10.260319710,10.335840225,0.075520001,28.858600616,_;_;_;2560
0,68,deep_fast,split_ffn_fused_fp8_t8,block26,1280,128,1310720,10.339559555,10.409600258,0.070040002,28.858600616,_;_;_;_;2560
0,69,deep_fast,split_projection_frag,block26,1280,32,1310720,10.411120415,10.472479820,0.061360002,28.858600616,_;_;_;_;_;2560
0,70,mh_fast,mh_qkv_normalize_frag_c512,block26,3840,32,3932160,10.476880074,10.559000015,0.082120001,28.858600616,_;_;_;2560
0,71,mh_fused,mh_attention_fused_fp8_out,block26,640,128,640,10.562999725,10.628040314,0.065040000,28.858600616,_;_;_;64;40;512
0,72,mh_fast,mh_attention_project_frag_c512,block26,1280,32,1310720,10.629400253,10.704039574,0.074639998,28.858600616,_;_;_;_;2560;0;60;36;64;0;4
0,73,mh,mh_shift_pack,block27,5120,256,1310720,10.707759857,10.766920090,0.059160002,28.858600616,_;_;60;36;64;40;0;0;512;0
0,74,deep_fast,split_mix_blocked_h16w,block27,1280,32,1310720,10.773159981,10.849040031,0.075879999,28.858600616,_;_;_;2560
0,75,deep_fast,split_ffn_fused_fp8_t8,block27,1280,128,1310720,10.852800369,10.923839569,0.071039997,28.858600616,_;_;_;_;2560
0,76,deep_fast,split_projection_frag,block27,1280,32,1310720,10.925279617,10.986280441,0.061000001,28.858600616,_;_;_;_;_;2560
0,77,mh_fast,mh_qkv_normalize_frag_c512,block27,3840,32,3932160,10.990639687,11.055439949,0.064800002,28.858600616,_;_;_;2560
0,78,mh_fused,mh_attention_fused_fp8_out,block27,640,128,640,11.056839943,11.121399879,0.064560004,28.858600616,_;_;_;64;40;512
0,79,mh_fast,mh_attention_project_frag_c512,block27,1280,32,1310720,11.122839928,11.199359894,0.076520003,28.858600616,_;_;_;_;2560;0;60;36;64;0;0
0,80,mh,mh_shift_pack,block28,5120,256,1310720,11.203120232,11.261360168,0.058240000,28.858600616,_;_;60;36;64;40;4;4;512;0
0,81,deep_fast,split_mix_blocked_h16w,block28,1280,32,1310720,11.268879890,11.342479706,0.073600002,28.858600616,_;_;_;2560
0,82,deep_fast,split_ffn_fused_fp8_t8,block28,1280,128,1310720,11.346280098,11.416600227,0.070320003,28.858600616,_;_;_;_;2560
0,83,deep_fast,split_projection_frag,block28,1280,32,1310720,11.418120384,11.477720261,0.059599999,28.858600616,_;_;_;_;_;2560
0,84,mh_fast,mh_qkv_normalize_frag_c512,block28,3840,32,3932160,11.482040405,11.564959526,0.082920000,28.858600616,_;_;_;2560
0,85,mh_fused,mh_attention_fused_fp8_out,block28,640,128,640,11.567560196,11.634880066,0.067319997,28.858600616,_;_;_;64;40;512
0,86,mh_fast,mh_attention_project_frag_c512,block28,1280,32,1310720,11.636280060,11.709799767,0.073519997,28.858600616,_;_;_;_;2560;0;60;36;64;4;4
0,87,mh,mh_shift_pack,block29,5120,256,1310720,11.713520050,11.772399902,0.058880001,28.858600616,_;_;60;36;64;40;4;0;512;0
0,88,deep_fast,split_mix_blocked_h16w,block29,1280,32,1310720,11.778719902,11.854359627,0.075640000,28.858600616,_;_;_;2560
0,89,deep_fast,split_ffn_fused_fp8_t8,block29,1280,128,1310720,11.858079910,11.929120064,0.071039997,28.858600616,_;_;_;_;2560
0,90,deep_fast,split_projection_frag,block29,1280,32,1310720,11.930600166,11.990639687,0.060040001,28.858600616,_;_;_;_;_;2560
0,91,mh_fast,mh_qkv_normalize_frag_c512,block29,3840,32,3932160,11.994959831,12.078680038,0.083719999,28.858600616,_;_;_;2560
0,92,mh_fused,mh_attention_fused_fp8_out,block29,640,128,640,12.080080032,12.146120071,0.066040002,28.858600616,_;_;_;64;40;512
0,93,mh_fast,mh_attention_project_frag_c512,block29,1280,32,1310720,12.147560120,12.222559929,0.075000003,28.858600616,_;_;_;_;2560;0;60;36;64;4;0
0,94,mh,mh_shift_pack,block30,5120,256,1310720,12.226280212,12.284879684,0.058600001,28.858600616,_;_;60;36;64;40;0;4;512;0
0,95,deep_fast,split_mix_blocked_h16w,block30,1280,32,1310720,12.292360306,12.366040230,0.073679999,28.858600616,_;_;_;2560
0,96,deep_fast,split_ffn_fused_fp8_t8,block30,1280,128,1310720,12.369799614,12.440360069,0.070560001,28.858600616,_;_;_;_;2560
0,97,deep_fast,split_projection_frag,block30,1280,32,1310720,12.441840172,12.503399849,0.061560001,28.858600616,_;_;_;_;_;2560
0,98,mh_fast,mh_qkv_normalize_frag_c512,block30,3840,32,3932160,12.507800102,12.590279579,0.082479998,28.858600616,_;_;_;2560
0,99,mh_fused,mh_attention_fused_fp8_out,block30,640,128,640,12.591640472,12.660079956,0.068439998,28.858600616,_;_;_;64;40;512
0,100,mh_fast,mh_attention_project_frag_c512,block30,1280,32,1310720,12.661479950,12.735600471,0.074120000,28.858600616,_;_;_;_;2560;3;60;36;64;0;4
0,101,mh,mh_pool,head,1280,256,327680,12.739359856,12.792679787,0.053320002,28.858600616,_;_;32;20;60;30;18;512
0,102,mh_fast,mh_pool_project_production_h16w,head,2560,32,655360,12.797719955,12.967800140,0.170080006,28.858600616,_;_;_;32;20;30;18;512
0,103,deep,vit_gather,block31,2560,256,655360,12.969519615,13.023639679,0.054120000,28.858600616,_;_;_;655360
0,104,deep_fast,vit_pack_input,block31,640,256,163840,13.028960228,13.053199768,0.024240000,28.858600616,_;_;655360
0,105,deep_fast,vit_expand_blocked_fp8_frag_bytein,block31,2560,32,2621440,13.058279991,13.135080338,0.076800004,28.858600616,_;_;_;640;1024;4096
0,106,deep_fast,vit_contract_blocked_fp8_frag,block31,640,32,655360,13.136759758,13.223239899,0.086479999,28.858600616,_;_;_;_;640;4096;1024
0,107,deep_fast,vit_qkv_project_normalize_fused_f16compact_fp8_frag,block31,3840,32,1966080,13.225959778,13.340160370,0.114200003,28.858600616,_;_;_;640
0,108,deep_fast,vit_attention_fused_640_bytein,block31,1280,32,327680,13.341799736,13.440679550,0.098880000,28.858600616,_;_;640
0,109,deep_fast,vit_project_frag,block31,2560,32,655360,13.443440437,13.556759834,0.113320000,28.858600616,_;_;_;_;640;1024;1024
0,110,deep_fast,vit_pack_input,block32,640,256,163840,13.558799744,13.607199669,0.048400000,28.858600616,_;_;655360
0,111,deep_fast,vit_expand_blocked_fp8_frag_bytein,block32,2560,32,2621440,13.613559723,13.692319870,0.078759998,28.858600616,_;_;_;640;1024;4096
0,112,deep_fast,vit_contract_blocked_fp8_frag,block32,640,32,655360,13.694160461,13.780119896,0.085960001,28.858600616,_;_;_;_;640;4096;1024
0,113,deep_fast,vit_qkv_project_normalize_fused_f16compact_fp8_frag,block32,3840,32,1966080,13.782879829,13.901359558,0.118479997,28.858600616,_;_;_;640
0,114,deep_fast,vit_attention_fused_640_bytein,block32,1280,32,327680,13.903039932,14.001359940,0.098320000,28.858600616,_;_;640
0,115,deep_fast,vit_project_frag,block32,2560,32,655360,14.004119873,14.117679596,0.113559999,28.858600616,_;_;_;_;640;1024;1024
0,116,deep_fast,vit_pack_input,block33,640,256,163840,14.119680405,14.166720390,0.047040001,28.858600616,_;_;655360
0,117,deep_fast,vit_expand_blocked_fp8_frag_bytein,block33,2560,32,2621440,14.172840118,14.252559662,0.079719998,28.858600616,_;_;_;640;1024;4096
0,118,deep_fast,vit_contract_blocked_fp8_frag,block33,640,32,655360,14.254240036,14.340760231,0.086520001,28.858600616,_;_;_;_;640;4096;1024
0,119,deep_fast,vit_qkv_project_normalize_fused_f16compact_fp8_frag,block33,3840,32,1966080,14.343560219,14.439080238,0.095519997,28.858600616,_;_;_;640
0,120,deep_fast,vit_attention_fused_640_bytein,block33,1280,32,327680,14.440799713,14.539799690,0.098999999,28.858600616,_;_;640
0,121,deep_fast,vit_project_frag,block33,2560,32,655360,14.542519569,14.655639648,0.113119997,28.858600616,_;_;_;_;640;1024;1024
0,122,deep_fast,vit_pack_input,block34,640,256,163840,14.657679558,14.707200050,0.049520001,28.858600616,_;_;655360
0,123,deep_fast,vit_expand_blocked_fp8_frag_bytein,block34,2560,32,2621440,14.712080002,14.793199539,0.081119999,28.858600616,_;_;_;640;1024;4096
0,124,deep_fast,vit_contract_blocked_fp8_frag,block34,640,32,655360,14.794960022,14.881679535,0.086719997,28.858600616,_;_;_;_;640;4096;1024
0,125,deep_fast,vit_qkv_project_normalize_fused_f16compact_fp8_frag,block34,3840,32,1966080,14.884440422,14.998519897,0.114079997,28.858600616,_;_;_;640
0,126,deep_fast,vit_attention_fused_640_bytein,block34,1280,32,327680,15.000160217,15.097599983,0.097439997,28.858600616,_;_;640
0,127,deep_fast,vit_project_frag,block34,2560,32,655360,15.100319862,15.212519646,0.112199999,28.858600616,_;_;_;_;640;1024;1024
0,128,deep_fast,vit_pack_input,block35,640,256,163840,15.214559555,15.263199806,0.048640002,28.858600616,_;_;655360
0,129,deep_fast,vit_expand_blocked_fp8_frag_bytein,block35,2560,32,2621440,15.269160271,15.346079826,0.076920003,28.858600616,_;_;_;640;1024;4096
0,130,deep_fast,vit_contract_blocked_fp8_frag,block35,640,32,655360,15.347760201,15.435000420,0.087240003,28.858600616,_;_;_;_;640;4096;1024
0,131,deep_fast,vit_qkv_project_normalize_fused_f16compact_fp8_frag,block35,3840,32,1966080,15.437760353,15.550279617,0.112520002,28.858600616,_;_;_;640
0,132,deep_fast,vit_attention_fused_640_bytein,block35,1280,32,327680,15.551959991,15.650520325,0.098559998,28.858600616,_;_;640
0,133,deep_fast,vit_project_frag,block35,2560,32,655360,15.653280258,15.765319824,0.112039998,28.858600616,_;_;_;_;640;1024;1024
0,134,deep_fast,vit_pack_input,block36,640,256,163840,15.767399788,15.815400124,0.048000000,28.858600616,_;_;655360
0,135,deep_fast,vit_expand_blocked_fp8_frag_bytein,block36,2560,32,2621440,15.821519852,15.901599884,0.080080003,28.858600616,_;_;_;640;1024;4096
0,136,deep_fast,vit_contract_blocked_fp8_frag,block36,640,32,655360,15.903320312,15.989239693,0.085919999,28.858600616,_;_;_;_;640;4096;1024
0,137,deep_fast,vit_qkv_project_normalize_fused_f16compact_fp8_frag,block36,3840,32,1966080,15.991999626,16.104440689,0.112439997,28.858600616,_;_;_;640
0,138,deep_fast,vit_attention_fused_640_bytein,block36,1280,32,327680,16.106159210,16.204160690,0.097999997,28.858600616,_;_;640
0,139,deep_fast,vit_project_frag,block36,2560,32,655360,16.206920624,16.317840576,0.110919997,28.858600616,_;_;_;_;640;1024;1024
0,140,deep_fast,vit_pack_input,block37,640,256,163840,16.319919586,16.369039536,0.049120001,28.858600616,_;_;655360
0,141,deep_fast,vit_expand_blocked_fp8_frag_bytein,block37,2560,32,2621440,16.375080109,16.454000473,0.078919999,28.858600616,_;_;_;640;1024;4096
0,142,deep_fast,vit_contract_blocked_fp8_frag,block37,640,32,655360,16.455720901,16.541759491,0.086039998,28.858600616,_;_;_;_;640;4096;1024
0,143,deep_fast,vit_qkv_project_normalize_fused_f16compact_fp8_frag,block37,3840,32,1966080,16.544479370,16.657199860,0.112719998,28.858600616,_;_;_;640
0,144,deep_fast,vit_attention_fused_640_bytein,block37,1280,32,327680,16.658880234,16.758359909,0.099480003,28.858600616,_;_;640
0,145,deep_fast,vit_project_frag,block37,2560,32,655360,16.761079788,16.872560501,0.111479998,28.858600616,_;_;_;_;640;1024;1024
0,146,deep_fast,vit_pack_input,block38,640,256,163840,16.874559402,16.923240662,0.048680000,28.858600616,_;_;655360
0,147,deep_fast,vit_expand_blocked_fp8_frag_bytein,block38,2560,32,2621440,16.929359436,17.027959824,0.098600000,28.858600616,_;_;_;640;1024;4096
0,148,deep_fast,vit_contract_blocked_fp8_frag,block38,640,32,655360,17.029640198,17.118759155,0.089120001,28.858600616,_;_;_;_;640;4096;1024
0,149,deep_fast,vit_qkv_project_normalize_fused_f16compact_fp8_frag,block38,3840,32,1966080,17.121559143,17.233640671,0.112080000,28.858600616,_;_;_;640
0,150,deep_fast,vit_attention_fused_640_bytein,block38,1280,32,327680,17.235319138,17.333759308,0.098439999,28.858600616,_;_;640
0,151,deep_fast,vit_project_frag,block38,2560,32,655360,17.336479187,17.447959900,0.111479998,28.858600616,_;_;_;_;640;1024;1024
0,152,deep,vit_gather,block39,2560,256,655360,17.450000763,17.503200531,0.053199999,28.858600616,_;_;_;655360
0,153,deep_fast,decoder_project2x_h16w,block39,1280,32,327680,17.509880066,17.594879150,0.085000001,28.858600616,_;_;_;_;32;20;60;36;1024;512
0,154,mh,mh_shift_pack,block40,5120,256,1310720,17.597919464,17.655080795,0.057160001,28.858600616,_;_;60;36;64;40;0;0;512;0
0,155,deep_fast,split_mix_blocked_h16w,block40,1280,32,1310720,17.662960052,17.735120773,0.072159998,28.858600616,_;_;_;2560
0,156,deep_fast,split_ffn_fused_fp8_t8,block40,1280,128,1310720,17.738800049,17.810319901,0.071520001,28.858600616,_;_;_;_;2560
0,157,deep_fast,split_projection_frag,block40,1280,32,1310720,17.811759949,17.871480942,0.059719998,28.858600616,_;_;_;_;_;2560
0,158,mh_fast,mh_qkv_normalize_frag_c512,block40,3840,32,3932160,17.875799179,17.955320358,0.079520002,28.858600616,_;_;_;2560
0,159,mh_fused,mh_attention_fused_fp8_out,block40,640,128,640,17.956720352,18.021039963,0.064319998,28.858600616,_;_;_;64;40;512
0,160,mh_fast,mh_attention_project_frag_c512,block40,1280,32,1310720,18.022439957,18.092880249,0.070440002,28.858600616,_;_;_;_;2560;0;60;36;64;0;0
0,161,mh,mh_shift_pack,block41,5120,256,1310720,18.096599579,18.153400421,0.056800000,28.858600616,_;_;60;36;64;40;4;4;512;0
0,162,deep_fast,split_mix_blocked_h16w,block41,1280,32,1310720,18.159639359,18.232799530,0.073160000,28.858600616,_;_;_;2560
0,163,deep_fast,split_ffn_fused_fp8_t8,block41,1280,128,1310720,18.236560822,18.303880692,0.067319997,28.858600616,_;_;_;_;2560
0,164,deep_fast,split_projection_frag,block41,1280,32,1310720,18.305320740,18.367080688,0.061760001,28.858600616,_;_;_;_;_;2560
0,165,mh_fast,mh_qkv_normalize_frag_c512,block41,3840,32,3932160,18.371440887,18.450759888,0.079319999,28.858600616,_;_;_;2560
0,166,mh_fused,mh_attention_fused_fp8_out,block41,640,128,640,18.452159882,18.517320633,0.065159999,28.858600616,_;_;_;64;40;512
0,167,mh_fast,mh_attention_project_frag_c512,block41,1280,32,1310720,18.518720627,18.588239670,0.069519997,28.858600616,_;_;_;_;2560;0;60;36;64;4;4
0,168,mh,mh_shift_pack,block44,5120,256,1310720,18.591960907,18.648359299,0.056400001,28.858600616,_;_;60;36;64;40;0;0;512;0
0,169,deep_fast,split_mix_blocked_h16w,block44,1280,32,1310720,18.656160355,18.728040695,0.071879998,28.858600616,_;_;_;2560
0,170,deep_fast,split_ffn_fused_fp8_t8,block44,1280,128,1310720,18.731800079,18.798999786,0.067199998,28.858600616,_;_;_;_;2560
0,171,deep_fast,split_projection_frag,block44,1280,32,1310720,18.800479889,18.858919144,0.058440000,28.858600616,_;_;_;_;_;2560
0,172,mh_fast,mh_qkv_normalize_frag_c512,block44,3840,32,3932160,18.863279343,18.942960739,0.079680003,28.858600616,_;_;_;2560
0,173,mh_fused,mh_attention_fused_fp8_out,block44,640,128,640,18.945640564,18.983959198,0.038320001,28.858600616,_;_;_;64;40;512
0,174,mh_fast,mh_attention_project_frag_c512,block44,1280,32,1310720,18.985359192,19.108200073,0.122840002,28.858600616,_;_;_;_;2560;0;60;36;64;0;0
0,175,mh,mh_shift_pack,block45,5120,256,1310720,19.111919403,19.168880463,0.056960002,28.858600616,_;_;60;36;64;40;4;4;512;0
0,176,deep_fast,split_mix_blocked_h16w,block45,1280,32,1310720,19.175119400,19.224319458,0.049199998,28.858600616,_;_;_;2560
0,177,deep_fast,split_ffn_fused_fp8_t8,block45,1280,128,1310720,19.228040695,19.300960541,0.072920002,28.858600616,_;_;_;_;2560
0,178,deep_fast,split_projection_frag,block45,1280,32,1310720,19.302400589,19.363000870,0.060600001,28.858600616,_;_;_;_;_;2560
0,179,mh_fast,mh_qkv_normalize_frag_c512,block45,3840,32,3932160,19.367279053,19.448959351,0.081680000,28.858600616,_;_;_;2560
0,180,mh_fused,mh_attention_fused_fp8_out,block45,640,128,640,19.450359344,19.514200211,0.063840002,28.858600616,_;_;_;64;40;512
0,181,mh_fast,mh_attention_project_frag_c512,block45,1280,32,1310720,19.515640259,19.589279175,0.073639996,28.858600616,_;_;_;_;2560;0;60;36;64;4;4
0,182,mh,mh_shift_pack,block47,5120,256,1310720,19.592960358,19.649560928,0.056600001,28.858600616,_;_;60;36;64;40;0;4;512;0
0,183,deep_fast,split_mix_blocked_h16w,block47,1280,32,1310720,19.657159805,19.729200363,0.072039999,28.858600616,_;_;_;2560
0,184,deep_fast,split_ffn_fused_fp8_t8,block47,1280,128,1310720,19.732959747,19.803760529,0.070799999,28.858600616,_;_;_;_;2560
0,185,deep_fast,split_projection_frag,block47,1280,32,1310720,19.805240631,19.863199234,0.057960000,28.858600616,_;_;_;_;_;2560
0,186,mh_fast,mh_qkv_normalize_frag_c512,block47,3840,32,3932160,19.867559433,19.948799133,0.081239998,28.858600616,_;_;_;2560
0,187,mh_fused,mh_attention_fused_fp8_out,block47,640,128,640,19.950159073,20.013599396,0.063440003,28.858600616,_;_;_;64;40;512
0,188,mh_fast,mh_attention_project_frag_c512,block47,1280,32,1310720,20.014999390,20.085920334,0.070919998,28.858600616,_;_;_;_;2560;0;60;36;64;0;4
0,189,deep_fast,decoder_project2x_h16w_byteout,block48,2160,32,552960,20.089719772,20.184560776,0.094839998,28.858600616,_;_;_;_;60;36;120;72;512;256
0,190,mh_fast,mh_ffn_fused_c256_frag_project_g128_qkv_bytein_fb,block48,540,512,2211840,20.186159134,20.309360504,0.123199999,28.858600616,_;_;_;_;_;8640;120;72;120;0;0
0,191,mh_fused,c256_attention_project_fb_bout_diag,block48,135,512,135,20.310800552,20.399400711,0.088600002,28.858600616,_;_;_;_;120;72;0;0;0;0;0
0,192,mh_fast,mh_ffn_fused_c256_frag_project_mapped_g128_qkv_bytein_fb,block49,640,512,2621440,20.400999069,20.531400681,0.130400002,28.858600616,_;_;_;_;_;10240;120;72;128;4;4
0,193,mh_fused,c256_attention_project_fb_bout_diag,block49,160,512,160,20.532760620,20.626840591,0.094080001,28.858600616,_;_;_;_;128;80;4;120;72;4;4
0,194,mh_fast,mh_ffn_fused_c256_frag_project_mapped_g128_qkv_bytein_fb,block50,576,512,2359296,20.628480911,20.759719849,0.131239995,28.858600616,_;_;_;_;_;9216;120;72;128;4;0
0,195,mh_fused,c256_attention_project_fb_bout_diag,block50,144,512,144,20.761240005,20.853279114,0.092040002,28.858600616,_;_;_;_;128;72;4;120;72;4;0
0,196,mh_fast,mh_ffn_fused_c256_frag_project_mapped_g128_qkv_bytein_fb,block51,600,512,2457600,20.854999542,20.980079651,0.125080004,28.858600616,_;_;_;_;_;9600;120;72;120;0;4
0,197,mh_fused,c256_attention_project_fb_bout_diag,block51,150,512,150,20.982759476,21.078359604,0.095600002,28.858600616,_;_;_;_;120;80;4;120;72;0;4
0,198,mh_fast,mh_ffn_fused_c256_frag_project_g128_qkv_bytein_fb,block52,540,512,2211840,21.080080032,21.202119827,0.122040004,28.858600616,_;_;_;_;_;8640;120;72;120;0;0
0,199,mh_fused,c256_attention_project_fb_bout_diag,block52,135,512,135,21.203559875,21.293760300,0.090200000,28.858600616,_;_;_;_;120;72;4;0;0;0;0
0,200,mh_fast,mh_ffn_fused_c256_frag_project_mapped_g128_qkv_bytein_fb,block53,640,512,2621440,21.295480728,21.424680710,0.129199997,28.858600616,_;_;_;_;_;10240;120;72;128;4;4
0,201,mh_fused,c256_attention_project_fb_bout_diag,block53,160,512,160,21.427320480,21.523080826,0.095760003,28.858600616,_;_;_;_;128;80;4;120;72;4;4
0,202,mh_fast,mh_ffn_fused_c256_frag_project_mapped_g128_qkv_bytein_fb,block54,576,512,2359296,21.524759293,21.656799316,0.132039994,28.858600616,_;_;_;_;_;9216;120;72;128;4;0
0,203,mh_fused,c256_attention_project_fb_bout_diag,block54,144,512,144,21.658359528,21.749839783,0.091480002,28.858600616,_;_;_;_;128;72;4;120;72;4;0
0,204,mh_fast,mh_ffn_fused_c256_frag_project_mapped_g128_qkv_bytein_fb,block55,600,512,2457600,21.751560211,21.878320694,0.126760006,28.858600616,_;_;_;_;_;9600;120;72;120;0;4
0,205,mh_fused,c256_attention_project_fb_diag,block55,150,512,150,21.879720688,21.977119446,0.097400002,28.858600616,_;_;_;_;120;80;0;120;72;0;4
0,206,deep_fast,decoder_project2x_h16w_byteout,block56,4320,32,1105920,21.979280472,22.095600128,0.116319999,28.858600616,_;_;_;_;120;72;240;144;256;128
0,207,mh_fast,mh_ffn_fused_c128_project_mapped_g128_qkv_bytein_fb,block56,2232,256,4571136,22.097200394,22.255800247,0.158600003,28.858600616,_;_;_;_;_;35712;240;144;248;4;0
0,208,mh_fused,c128_attention_project_fb_bout_diag,block56,558,512,558,22.257160187,22.364799500,0.107639998,28.858600616,_;_;_;_;248;144;4;240;144;4;0
0,209,mh_fast,mh_ffn_fused_c128_project_mapped_g128_qkv_bytein_fb,block57,2280,256,4669440,22.366279602,22.516479492,0.150199994,28.858600616,_;_;_;_;_;36480;240;144;240;0;4
0,210,mh_fused,c128_attention_project_fb_bout_diag,block57,570,512,570,22.523759842,22.629119873,0.105360001,28.858600616,_;_;_;_;240;152;4;240;144;0;4
0,211,mh_fast,mh_ffn_fused_c128_project_g128_qkv_bytein_fb,block58,2160,256,4423680,22.630559921,22.776679993,0.146119997,28.858600616,_;_;_;_;_;34560;240;144;240;0;0
0,212,mh_fused,c128_attention_project_fb_bout_diag,block58,540,512,540,22.778039932,22.875719070,0.097680002,28.858600616,_;_;_;_;240;144;4;0;0;0;0
0,213,mh_fast,mh_ffn_fused_c128_project_mapped_g128_qkv_bytein_fb,block59,2356,256,4825088,22.877159119,23.033239365,0.156079993,28.858600616,_;_;_;_;_;37696;240;144;248;4;4
0,214,mh_fused,c128_attention_project_fb_bout_diag,block59,589,512,589,23.040119171,23.148439407,0.108319998,28.858600616,_;_;_;_;248;152;4;240;144;4;4
0,215,mh_fast,mh_ffn_fused_c128_project_mapped_g128_qkv_bytein_fb,block60,2232,256,4571136,23.149839401,23.308959961,0.159119993,28.858600616,_;_;_;_;_;35712;240;144;248;4;0
0,216,mh_fused,c128_attention_project_fb_bout_diag,block60,558,512,558,23.310359955,23.417720795,0.107359998,28.858600616,_;_;_;_;248;144;4;240;144;4;0
0,217,mh_fast,mh_ffn_fused_c128_project_mapped_g128_qkv_bytein_fb,block61,2280,256,4669440,23.419200897,23.570440292,0.151240006,28.858600616,_;_;_;_;_;36480;240;144;240;0;4
0,218,mh_fused,c128_attention_project_fb_diag,block61,570,512,570,23.577360153,23.687559128,0.110200003,28.858600616,_;_;_;_;240;152;0;240;144;0;4
0,219,deep_fast,decoder_project2x_h16w_byteout,block62,8640,32,2211840,23.689159393,23.841760635,0.152600005,28.858600616,_;_;_;_;240;144;480;288;128;64
0,220,mh_fast,mh_ffn_fused_c64_project_g128_qkv_bytein_fb,block62,8640,128,8847360,23.843439102,24.026559830,0.183119997,28.858600616,_;_;_;_;_;138240;480;288;480;0;0
0,221,mh_fused,c64_attention_project_fb_bout_diag,block62,2160,256,2160,24.027919769,24.158519745,0.130600005,28.858600616,_;_;_;_;480;288;4;0;0;0;0
0,222,mh_fast,mh_ffn_fused_c64_project_mapped_g128_qkv_bytein_fb,block63,9028,128,9244672,24.159879684,24.374200821,0.214320004,28.858600616,_;_;_;_;_;144448;480;288;488;4;4
0,223,mh_fused,c64_attention_project_fb_bout_diag,block63,2257,256,2257,24.375600815,24.533239365,0.157639995,28.858600616,_;_;_;_;488;296;4;480;288;4;4
0,224,mh_fast,mh_ffn_fused_c64_project_mapped_g128_qkv_bytein_fb,block64,8784,128,8994816,24.534719467,24.743719101,0.209000006,28.858600616,_;_;_;_;_;140544;480;288;488;4;0
0,225,mh_fused,c64_attention_project_fb_bout_diag,block64,2196,256,2196,24.745119095,24.899120331,0.153999999,28.858600616,_;_;_;_;488;288;4;480;288;4;0
0,226,mh_fast,mh_ffn_fused_c64_project_mapped_g128_qkv_bytein_fb,block65,8880,128,9093120,24.900640488,25.109920502,0.209279999,28.858600616,_;_;_;_;_;142080;480;288;480;0;4
0,227,mh_fused,c64_attention_project_fb_diag,block65,2220,256,2220,25.111320496,25.275199890,0.163880005,28.858600616,_;_;_;_;480;296;0;480;288;0;4
0,228,deep_fast,decoder_project2x_h16w,block69,17280,32,4423680,25.276720047,25.616880417,0.340160012,28.858600616,_;_;_;_;480;288;960;576;64;32
0,229,c32_fused_ffn,c32_fast_ffn_attention_fused_half_mapped,block69,8640,128,8640,25.619840622,26.035400391,0.415560007,28.858600616,_;_;_;_;8640;0;1;960;576;0;0
0,230,c32_fused_ffn,c32_fast_ffn_attention_fused_half_chain,block69,8833,128,8833,26.036840439,26.423799515,0.386960000,28.858600616,_;_;_;_;8833;3;1;960;576;4;4;960;0;0
0,231,c32_fused_ffn,c32_fast_ffn_attention_fused_half_chain,block69,8712,128,8712,26.425399780,26.805700302,0.380299985,28.858600616,_;_;_;_;8712;3;1;960;576;4;0;968;4;4
0,232,c32_fused_ffn,c32_fast_ffn_attention_fused_half_chain_finish,block69,8760,128,8760,26.807260513,27.228700638,0.421440005,28.858600616,_;_;_;_;_;8760;3;1;960;576;0;4;968;4;0
0,233,c32_fused_ffn,c32_post_merge_head_half,block70,34945,128,34945,27.230260849,28.785100937,1.554839969,28.858600616,_;_;_;_;_;_;_;_;34945;1920;1152;4;4;_
1,0,c32_fused_ffn,c32_fast_ffn_attention_fused_half_prefix_finish_main8,pre-down,34560,128,34560,0.004560000,1.566959977,1.562399983,28.532640457,_;_;_;_;_;_;34560;0;1;1920;1152;0;0
1,1,c32_fused_ffn,c32_fast_ffn_attention_fused_half_mapped,block4,8640,128,8640,1.574399948,1.984200001,0.409799993,28.532640457,_;_;_;_;8640;0;1;960;576;0;0
1,2,c32_fused_ffn,c32_fast_ffn_attention_fused_half_chain,block4,8833,128,8833,1.985640049,2.378160000,0.392520010,28.532640457,_;_;_;_;8833;3;1;960;576;4;4;960;0;0
1,3,c32_fused_ffn,c32_fast_ffn_attention_fused_half_chain,block4,8712,128,8712,2.379719973,2.759399891,0.379680008,28.532640457,_;_;_;_;8712;3;1;960;576;4;0;968;4;4
1,4,c32_fused_ffn,c32_fast_ffn_attention_fused_half_chain_finish_dcrop,block4,8760,128,8760,2.760960102,3.181119919,0.420159996,28.532640457,_;_;_;_;_;8760;3;1;960;576;0;4;968;4;0
1,5,mh_fast,mh_pool_project_production_h16w,block5,34560,32,8847360,3.182760000,3.283679962,0.100919999,28.532640457,_;_;_;480;288;0;0;32
1,6,mh_fast,mh_ffn_fused_c64_project_g128_qkv_fb,block5,8640,128,8847360,3.291719913,3.474040031,0.182319999,28.532640457,_;_;_;_;_;138240;480;288;480;0;0
1,7,mh_fused,c64_attention_project_fb_bout_diag,block5,2160,256,2160,3.475399971,3.612400055,0.136999995,28.532640457,_;_;_;_;480;288;4;0;0;0;0
1,8,mh_fast,mh_ffn_fused_c64_project_mapped_g128_qkv_bytein_fb,block6,9028,128,9244672,3.613800049,3.824759960,0.210960001,28.532640457,_;_;_;_;_;144448;480;288;488;4;4
1,9,mh_fused,c64_attention_project_fb_bout_diag,block6,2257,256,2257,3.826080084,3.973720074,0.147640005,28.532640457,_;_;_;_;488;296;4;480;288;4;4
1,10,mh_fast,mh_ffn_fused_c64_project_mapped_g128_qkv_bytein_fb,block7,8784,128,8994816,3.975199938,4.181519985,0.206320003,28.532640457,_;_;_;_;_;140544;480;288;488;4;0
1,11,mh_fused,c64_attention_project_fb_bout_diag,block7,2196,256,2196,4.182839870,4.337999821,0.155159995,28.532640457,_;_;_;_;488;288;4;480;288;4;0
1,12,mh_fast,mh_ffn_fused_c64_project_mapped_g128_qkv_bytein_fb,block8,8880,128,9093120,4.339479923,4.546239853,0.206760004,28.532640457,_;_;_;_;_;142080;480;288;480;0;4
1,13,mh_fused,c64_attention_project_fb_diag,block8,2220,256,2220,4.547560215,4.702519894,0.154960006,28.532640457,_;_;_;_;480;296;3;480;288;0;4
1,14,mh_fast,mh_pool_project_group_c64,block9,2160,64,4423680,4.704080105,4.797560215,0.093479998,28.532640457,_;_;_;240;144;480;0;0
1,15,mh_fast,mh_ffn_fused_c128_project_g128_qkv_fb,block9,2160,256,4423680,4.801400185,5.013040066,0.211640000,28.532640457,_;_;_;_;_;34560;240;144;240;0;0
1,16,mh_fused,c128_attention_project_fb_bout_diag,block9,540,512,540,5.014440060,5.111080170,0.096639998,28.532640457,_;_;_;_;240;144;4;0;0;0;0
1,17,mh_fast,mh_ffn_fused_c128_project_mapped_g128_qkv_bytein_fb,block10,2356,256,4825088,5.112559795,5.269599915,0.157040000,28.532640457,_;_;_;_;_;37696;240;144;248;4;4
1,18,mh_fused,c128_attention_project_fb_bout_diag,block10,589,512,589,5.277840137,5.383399963,0.105559997,28.532640457,_;_;_;_;248;152;4;240;144;4;4
1,19,mh_fast,mh_ffn_fused_c128_project_mapped_g128_qkv_bytein_fb,block11,2232,256,4571136,5.384840012,5.548759937,0.163920000,28.532640457,_;_;_;_;_;35712;240;144;248;4;0
1,20,mh_fused,c128_attention_project_fb_bout_diag,block11,558,512,558,5.550159931,5.639400005,0.089240000,28.532640457,_;_;_;_;248;144;4;240;144;4;0
1,21,mh_fast,mh_ffn_fused_c128_project_mapped_g128_qkv_bytein_fb,block12,2280,256,4669440,5.641039848,5.795959949,0.154919997,28.532640457,_;_;_;_;_;36480;240;144;240;0;4
1,22,mh_fused,c128_attention_project_fb_bout_diag,block12,570,512,570,5.804120064,5.908559799,0.104440004,28.532640457,_;_;_;_;240;152;4;240;144;0;4
1,23,mh_fast,mh_ffn_fused_c128_project_g128_qkv_bytein_fb,block13,2160,256,4423680,5.910039902,6.057519913,0.147479996,28.532640457,_;_;_;_;_;34560;240;144;240;0;0
1,24,mh_fused,c128_attention_project_fb_bout_diag,block13,540,512,540,6.058879852,6.154439926,0.095559999,28.532640457,_;_;_;_;240;144;4;0;0;0;0
1,25,mh_fast,mh_ffn_fused_c128_project_mapped_g128_qkv_bytein_fb,block14,2356,256,4825088,6.155920029,6.314879894,0.158960000,28.532640457,_;_;_;_;_;37696;240;144;248;4;4
1,26,mh_fused,c128_attention_project_fb_diag,block14,589,512,589,6.323160172,6.429800034,0.106640004,28.532640457,_;_;_;_;248;152;3;240;144;4;4
1,27,mh_fast,mh_pool_project_group_c128,block15,540,128,2211840,6.431320190,6.502960205,0.071640000,28.532640457,_;_;_;120;72;240;0;0
1,28,mh_fast,mh_ffn_fused_c256_frag_project_g128_qkv_fb,block15,540,512,2211840,6.505640030,6.630959988,0.125320002,28.532640457,_;_;_;_;_;8640;120;72;120;0;0
1,29,mh_fused,c256_attention_project_fb_bout_diag,block15,135,512,135,6.632400036,6.721799850,0.089400001,28.532640457,_;_;_;_;120;72;4;0;0;0;0
1,30,mh_fast,mh_ffn_fused_c256_frag_project_mapped_g128_qkv_bytein_fb,block16,640,512,2621440,6.723320007,6.857240200,0.133919999,28.532640457,_;_;_;_;_;10240;120;72;128;4;4
1,31,mh_fused,c256_attention_project_fb_bout_diag,block16,160,512,160,6.858560085,6.955200195,0.096639998,28.532640457,_;_;_;_;128;80;4;120;72;4;4
1,32,mh_fast,mh_ffn_fused_c256_frag_project_mapped_g128_qkv_bytein_fb,block17,576,512,2359296,6.956960201,7.092599869,0.135639995,28.532640457,_;_;_;_;_;9216;120;72;128;4;0
1,33,mh_fused,c256_attention_project_fb_bout_diag,block17,144,512,144,7.094120026,7.185480118,0.091360003,28.532640457,_;_;_;_;128;72;4;120;72;4;0
1,34,mh_fast,mh_ffn_fused_c256_frag_project_mapped_g128_qkv_bytein_fb,block18,600,512,2457600,7.187200069,7.315599918,0.128399998,28.532640457,_;_;_;_;_;9600;120;72;120;0;4
1,35,mh_fused,c256_attention_project_fb_bout_diag,block18,150,512,150,7.316959858,7.413159847,0.096199997,28.532640457,_;_;_;_;120;80;4;120;72;0;4
1,36,mh_fast,mh_ffn_fused_c256_frag_project_g128_qkv_bytein_fb,block19,540,512,2211840,7.414840221,7.538959980,0.124119997,28.532640457,_;_;_;_;_;8640;120;72;120;0;0
1,37,mh_fused,c256_attention_project_fb_bout_diag,block19,135,512,135,7.540400028,7.628399849,0.088000000,28.532640457,_;_;_;_;120;72;4;0;0;0;0
1,38,mh_fast,mh_ffn_fused_c256_frag_project_mapped_g128_qkv_bytein_fb,block20,640,512,2621440,7.629920006,7.762720108,0.132799998,28.532640457,_;_;_;_;_;10240;120;72;128;4;4
1,39,mh_fused,c256_attention_project_fb_bout_diag,block20,160,512,160,7.764080048,7.859960079,0.095880002,28.532640457,_;_;_;_;128;80;4;120;72;4;4
1,40,mh_fast,mh_ffn_fused_c256_frag_project_mapped_g128_qkv_bytein_fb,block21,576,512,2359296,7.861639977,7.994559765,0.132919997,28.532640457,_;_;_;_;_;9216;120;72;128;4;0
1,41,mh_fused,c256_attention_project_fb_bout_diag,block21,144,512,144,7.996119976,8.092320442,0.096199997,28.532640457,_;_;_;_;128;72;4;120;72;4;0
1,42,mh_fast,mh_ffn_fused_c256_frag_project_mapped_g128_qkv_bytein_fb,block22,600,512,2457600,8.094039917,8.220479965,0.126440004,28.532640457,_;_;_;_;_;9600;120;72;120;0;4
1,43,mh_fused,c256_attention_project_fb_diag,block22,150,512,150,8.221920013,8.318759918,0.096840002,28.532640457,_;_;_;_;120;80;3;120;72;0;4
1,44,mh_fast,mh_pool_project_group_c256,block23,135,256,1105920,8.320799828,8.382639885,0.061840001,28.532640457,_;_;_;60;36;120;0;0
1,45,mh,mh_shift_pack,block23,5120,256,1310720,8.386320114,8.444840431,0.058520000,28.532640457,_;_;60;36;64;40;0;0;512;0
1,46,deep_fast,split_mix_blocked_h16w,block23,1280,32,1310720,8.452440262,8.526519775,0.074079998,28.532640457,_;_;_;2560
1,47,deep_fast,split_ffn_fused_fp8_t8,block23,1280,128,1310720,8.530280113,8.600040436,0.069760002,28.532640457,_;_;_;_;2560
1,48,deep_fast,split_projection_frag,block23,1280,32,1310720,8.601479530,8.661199570,0.059719998,28.532640457,_;_;_;_;_;2560
1,49,mh_fast,mh_qkv_normalize_frag_c512,block23,3840,32,3932160,8.665559769,8.746919632,0.081359997,28.532640457,_;_;_;2560
1,50,mh_fused,mh_attention_fused_fp8_out,block23,640,128,640,8.748319626,8.813199997,0.064879999,28.532640457,_;_;_;64;40;512
1,51,mh_fast,mh_attention_project_frag_c512,block23,1280,32,1310720,8.814640045,8.865639687,0.050999999,28.532640457,_;_;_;_;2560;0;60;36;64;0;0
1,52,mh,mh_shift_pack,block24,5120,256,1310720,8.869359970,8.921480179,0.052120000,28.532640457,_;_;60;36;64;40;4;4;512;0
1,53,deep_fast,split_mix_blocked_h16w,block24,1280,32,1310720,8.927720070,9.000920296,0.073200002,28.532640457,_;_;_;2560
1,54,deep_fast,split_ffn_fused_fp8_t8,block24,1280,128,1310720,9.004679680,9.075559616,0.070880003,28.532640457,_;_;_;_;2560
1,55,deep_fast,split_projection_frag,block24,1280,32,1310720,9.077039719,9.137960434,0.060920000,28.532640457,_;_;_;_;_;2560
1,56,mh_fast,mh_qkv_normalize_frag_c512,block24,3840,32,3932160,9.142399788,9.228400230,0.086000003,28.532640457,_;_;_;2560
1,57,mh_fused,mh_attention_fused_fp8_out,block24,640,128,640,9.229800224,9.294599533,0.064800002,28.532640457,_;_;_;64;40;512
1,58,mh_fast,mh_attention_project_frag_c512,block24,1280,32,1310720,9.296039581,9.362879753,0.066840000,28.532640457,_;_;_;_;2560;0;60;36;64;4;4
1,59,mh,mh_shift_pack,block25,5120,256,1310720,9.366600037,9.424280167,0.057680000,28.532640457,_;_;60;36;64;40;4;0;512;0
1,60,deep_fast,split_mix_blocked_h16w,block25,1280,32,1310720,9.431759834,9.503760338,0.071999997,28.532640457,_;_;_;2560
1,61,deep_fast,split_ffn_fused_fp8_t8,block25,1280,128,1310720,9.507439613,9.576359749,0.068920001,28.532640457,_;_;_;_;2560
1,62,deep_fast,split_projection_frag,block25,1280,32,1310720,9.577839851,9.645239830,0.067400001,28.532640457,_;_;_;_;_;2560
1,63,mh_fast,mh_qkv_normalize_frag_c512,block25,3840,32,3932160,9.649640083,9.731240273,0.081600003,28.532640457,_;_;_;2560
1,64,mh_fused,mh_attention_fused_fp8_out,block25,640,128,640,9.733960152,9.793680191,0.059719998,28.532640457,_;_;_;64;40;512
1,65,mh_fast,mh_attention_project_frag_c512,block25,1280,32,1310720,9.795120239,9.893320084,0.098200001,28.532640457,_;_;_;_;2560;0;60;36;64;4;0
1,66,mh,mh_shift_pack,block26,5120,256,1310720,9.897040367,9.955320358,0.058279999,28.532640457,_;_;60;36;64;40;0;4;512;0
1,67,deep_fast,split_mix_blocked_h16w,block26,1280,32,1310720,9.962519646,10.038559914,0.076040000,28.532640457,_;_;_;2560
1,68,deep_fast,split_ffn_fused_fp8_t8,block26,1280,128,1310720,10.042280197,10.111519814,0.069239996,28.532640457,_;_;_;_;2560
1,69,deep_fast,split_projection_frag,block26,1280,32,1310720,10.112999916,10.173000336,0.059999999,28.532640457,_;_;_;_;_;2560
1,70,mh_fast,mh_qkv_normalize_frag_c512,block26,3840,32,3932160,10.177359581,10.260439873,0.083080001,28.532640457,_;_;_;2560
1,71,mh_fused,mh_attention_fused_fp8_out,block26,640,128,640,10.261799812,10.329879761,0.068080001,28.532640457,_;_;_;64;40;512
1,72,mh_fast,mh_attention_project_frag_c512,block26,1280,32,1310720,10.331319809,10.403440475,0.072120003,28.532640457,_;_;_;_;2560;0;60;36;64;0;4
1,73,mh,mh_shift_pack,block27,5120,256,1310720,10.407159805,10.464839935,0.057680000,28.532640457,_;_;60;36;64;40;0;0;512;0
1,74,deep_fast,split_mix_blocked_h16w,block27,1280,32,1310720,10.471240044,10.545519829,0.074280001,28.532640457,_;_;_;2560
1,75,deep_fast,split_ffn_fused_fp8_t8,block27,1280,128,1310720,10.549200058,10.618920326,0.069720000,28.532640457,_;_;_;_;2560
1,76,deep_fast,split_projection_frag,block27,1280,32,1310720,10.620320320,10.681119919,0.060800001,28.532640457,_;_;_;_;_;2560
1,77,mh_fast,mh_qkv_normalize_frag_c512,block27,3840,32,3932160,10.685440063,10.767800331,0.082359999,28.532640457,_;_;_;2560
1,78,mh_fused,mh_attention_fused_fp8_out,block27,640,128,640,10.771840096,10.833680153,0.061840001,28.532640457,_;_;_;64;40;512
1,79,mh_fast,mh_attention_project_frag_c512,block27,1280,32,1310720,10.835120201,10.906999588,0.071879998,28.532640457,_;_;_;_;2560;0;60;36;64;0;0
1,80,mh,mh_shift_pack,block28,5120,256,1310720,10.910719872,10.969079971,0.058359999,28.532640457,_;_;60;36;64;40;4;4;512;0
1,81,deep_fast,split_mix_blocked_h16w,block28,1280,32,1310720,10.975279808,11.050439835,0.075159997,28.532640457,_;_;_;2560
1,82,deep_fast,split_ffn_fused_fp8_t8,block28,1280,128,1310720,11.054120064,11.123080254,0.068960004,28.532640457,_;_;_;_;2560
1,83,deep_fast,split_projection_frag,block28,1280,32,1310720,11.124560356,11.185159683,0.060600001,28.532640457,_;_;_;_;_;2560
1,84,mh_fast,mh_qkv_normalize_frag_c512,block28,3840,32,3932160,11.189479828,11.269599915,0.080119997,28.532640457,_;_;_;2560
1,85,mh_fused,mh_attention_fused_fp8_out,block28,640,128,640,11.272279739,11.310799599,0.038520001,28.532640457,_;_;_;64;40;512
1,86,mh_fast,mh_attention_project_frag_c512,block28,1280,32,1310720,11.312199593,11.379560471,0.067359999,28.532640457,_;_;_;_;2560;0;60;36;64;4;4
1,87,mh,mh_shift_pack,block29,5120,256,1310720,11.383279800,11.442359924,0.059080001,28.532640457,_;_;60;36;64;40;4;0;512;0
1,88,deep_fast,split_mix_blocked_h16w,block29,1280,32,1310720,11.449760437,11.523119926,0.073360004,28.532640457,_;_;_;2560
1,89,deep_fast,split_ffn_fused_fp8_t8,block29,1280,128,1310720,11.526880264,11.596639633,0.069760002,28.532640457,_;_;_;_;2560
1,90,deep_fast,split_projection_frag,block29,1280,32,1310720,11.598119736,11.649439812,0.051320001,28.532640457,_;_;_;_;_;2560
1,91,mh_fast,mh_qkv_normalize_frag_c512,block29,3840,32,3932160,11.653800011,11.731719971,0.077919997,28.532640457,_;_;_;2560
1,92,mh_fused,mh_attention_fused_fp8_out,block29,640,128,640,11.733039856,11.798080444,0.065040000,28.532640457,_;_;_;64;40;512
1,93,mh_fast,mh_attention_project_frag_c512,block29,1280,32,1310720,11.799559593,11.873080254,0.073519997,28.532640457,_;_;_;_;2560;0;60;36;64;4;0
1,94,mh,mh_shift_pack,block30,5120,256,1310720,11.876839638,11.934639931,0.057799999,28.532640457,_;_;60;36;64;40;0;4;512;0
1,95,deep_fast,split_mix_blocked_h16w,block30,1280,32,1310720,11.940879822,12.015080452,0.074199997,28.532640457,_;_;_;2560
1,96,deep_fast,split_ffn_fused_fp8_t8,block30,1280,128,1310720,12.018759727,12.088159561,0.069399998,28.532640457,_;_;_;_;2560
1,97,deep_fast,split_projection_frag,block30,1280,32,1310720,12.089679718,12.149999619,0.060320001,28.532640457,_;_;_;_;_;2560
1,98,mh_fast,mh_qkv_normalize_frag_c512,block30,3840,32,3932160,12.154359818,12.237400055,0.083039999,28.532640457,_;_;_;2560
1,99,mh_fused,mh_attention_fused_fp8_out,block30,640,128,640,12.238759995,12.303520203,0.064760000,28.532640457,_;_;_;64;40;512
1,100,mh_fast,mh_attention_project_frag_c512,block30,1280,32,1310720,12.304920197,12.376000404,0.071079999,28.532640457,_;_;_;_;2560;3;60;36;64;0;4
1,101,mh,mh_pool,head,1280,256,327680,12.379719734,12.435919762,0.056200001,28.532640457,_;_;32;20;60;30;18;512
1,102,mh_fast,mh_pool_project_production_h16w,head,2560,32,655360,12.442520142,12.602999687,0.160479993,28.532640457,_;_;_;32;20;30;18;512
1,103,deep,vit_gather,block31,2560,256,655360,12.604760170,12.659440041,0.054680001,28.532640457,_;_;_;655360
1,104,deep_fast,vit_pack_input,block31,640,256,163840,12.666119576,12.688280106,0.022159999,28.532640457,_;_;655360
1,105,deep_fast,vit_expand_blocked_fp8_frag_bytein,block31,2560,32,2621440,12.693320274,12.774800301,0.081479996,28.532640457,_;_;_;640;1024;4096
1,106,deep_fast,vit_contract_blocked_fp8_frag,block31,640,32,655360,12.776519775,12.863160133,0.086640000,28.532640457,_;_;_;_;640;4096;1024
1,107,deep_fast,vit_qkv_project_normalize_fused_f16compact_fp8_frag,block31,3840,32,1966080,12.865920067,12.981639862,0.115719996,28.532640457,_;_;_;640
1,108,deep_fast,vit_attention_fused_640_bytein,block31,1280,32,327680,12.983280182,13.086799622,0.103519998,28.532640457,_;_;640
1,109,deep_fast,vit_project_frag,block31,2560,32,655360,13.089559555,13.205240250,0.115680002,28.532640457,_;_;_;_;640;1024;1024
1,110,deep_fast,vit_pack_input,block32,640,256,163840,13.207240105,13.256999969,0.049759999,28.532640457,_;_;655360
1,111,deep_fast,vit_expand_blocked_fp8_frag_bytein,block32,2560,32,2621440,13.262120247,13.344719887,0.082599998,28.532640457,_;_;_;640;1024;4096
1,112,deep_fast,vit_contract_blocked_fp8_frag,block32,640,32,655360,13.346400261,13.433719635,0.087320000,28.532640457,_;_;_;_;640;4096;1024
1,113,deep_fast,vit_qkv_project_normalize_fused_f16compact_fp8_frag,block32,3840,32,1966080,13.436479568,13.552120209,0.115640000,28.532640457,_;_;_;640
1,114,deep_fast,vit_attention_fused_640_bytein,block32,1280,32,327680,13.553759575,13.655320168,0.101559997,28.532640457,_;_;640
1,115,deep_fast,vit_project_frag,block32,2560,32,655360,13.658120155,13.771759987,0.113640003,28.532640457,_;_;_;_;640;1024;1024
1,116,deep_fast,vit_pack_input,block33,640,256,163840,13.773839951,13.823760033,0.049920000,28.532640457,_;_;655360
1,117,deep_fast,vit_expand_blocked_fp8_frag_bytein,block33,2560,32,2621440,13.828800201,13.911479950,0.082680002,28.532640457,_;_;_;640;1024;4096
1,118,deep_fast,vit_contract_blocked_fp8_frag,block33,640,32,655360,13.913160324,14.000359535,0.087200001,28.532640457,_;_;_;_;640;4096;1024
1,119,deep_fast,vit_qkv_project_normalize_fused_f16compact_fp8_frag,block33,3840,32,1966080,14.003120422,14.120400429,0.117279999,28.532640457,_;_;_;640
1,120,deep_fast,vit_attention_fused_640_bytein,block33,1280,32,327680,14.122079849,14.221559525,0.099480003,28.532640457,_;_;640
1,121,deep_fast,vit_project_frag,block33,2560,32,655360,14.224280357,14.364600182,0.140320003,28.532640457,_;_;_;_;640;1024;1024
1,122,deep_fast,vit_pack_input,block34,640,256,163840,14.366640091,14.416319847,0.049679998,28.532640457,_;_;655360
1,123,deep_fast,vit_expand_blocked_fp8_frag_bytein,block34,2560,32,2621440,14.421079636,14.525199890,0.104120001,28.532640457,_;_;_;640;1024;4096
1,124,deep_fast,vit_contract_blocked_fp8_frag,block34,640,32,655360,14.526920319,14.615759850,0.088840000,28.532640457,_;_;_;_;640;4096;1024
1,125,deep_fast,vit_qkv_project_normalize_fused_f16compact_fp8_frag,block34,3840,32,1966080,14.618519783,14.734120369,0.115599997,28.532640457,_;_;_;640
1,126,deep_fast,vit_attention_fused_640_bytein,block34,1280,32,327680,14.735759735,14.835439682,0.099679999,28.532640457,_;_;640
1,127,deep_fast,vit_project_frag,block34,2560,32,655360,14.838159561,14.950079918,0.111919999,28.532640457,_;_;_;_;640;1024;1024
1,128,deep_fast,vit_pack_input,block35,640,256,163840,14.952119827,14.995039940,0.042920001,28.532640457,_;_;655360
1,129,deep_fast,vit_expand_blocked_fp8_frag_bytein,block35,2560,32,2621440,15.000120163,15.082639694,0.082520001,28.532640457,_;_;_;640;1024;4096
1,130,deep_fast,vit_contract_blocked_fp8_frag,block35,640,32,655360,15.084360123,15.172039986,0.087679997,28.532640457,_;_;_;_;640;4096;1024
1,131,deep_fast,vit_qkv_project_normalize_fused_f16compact_fp8_frag,block35,3840,32,1966080,15.174799919,15.291159630,0.116360001,28.532640457,_;_;_;640
1,132,deep_fast,vit_attention_fused_640_bytein,block35,1280,32,327680,15.292880058,15.392959595,0.100079998,28.532640457,_;_;640
1,133,deep_fast,vit_project_frag,block35,2560,32,655360,15.395680428,15.510560036,0.114880003,28.532640457,_;_;_;_;640;1024;1024
1,134,deep_fast,vit_pack_input,block36,640,256,163840,15.512599945,15.562600136,0.050000001,28.532640457,_;_;655360
1,135,deep_fast,vit_expand_blocked_fp8_frag_bytein,block36,2560,32,2621440,15.568920135,15.642640114,0.073720001,28.532640457,_;_;_;640;1024;4096
1,136,deep_fast,vit_contract_blocked_fp8_frag,block36,640,32,655360,15.644280434,15.731599808,0.087320000,28.532640457,_;_;_;_;640;4096;1024
1,137,deep_fast,vit_qkv_project_normalize_fused_f16compact_fp8_frag,block36,3840,32,1966080,15.734359741,15.854080200,0.119719997,28.532640457,_;_;_;640
1,138,deep_fast,vit_attention_fused_640_bytein,block36,1280,32,327680,15.855759621,15.956000328,0.100240000,28.532640457,_;_;640
1,139,deep_fast,vit_project_frag,block36,2560,32,655360,15.958680153,16.075159073,0.116480000,28.532640457,_;_;_;_;640;1024;1024
1,140,deep_fast,vit_pack_input,block37,640,256,163840,16.077199936,16.126079559,0.048880000,28.532640457,_;_;655360
1,141,deep_fast,vit_expand_blocked_fp8_frag_bytein,block37,2560,32,2621440,16.131200790,16.212240219,0.081040002,28.532640457,_;_;_;640;1024;4096
1,142,deep_fast,vit_contract_blocked_fp8_frag,block37,640,32,655360,16.213920593,16.300199509,0.086280003,28.532640457,_;_;_;_;640;4096;1024
1,143,deep_fast,vit_qkv_project_normalize_fused_f16compact_fp8_frag,block37,3840,32,1966080,16.302959442,16.416799545,0.113839999,28.532640457,_;_;_;640
1,144,deep_fast,vit_attention_fused_640_bytein,block37,1280,32,327680,16.418479919,16.518640518,0.100160003,28.532640457,_;_;640
1,145,deep_fast,vit_project_frag,block37,2560,32,655360,16.521400452,16.635999680,0.114600003,28.532640457,_;_;_;_;640;1024;1024
1,146,deep_fast,vit_pack_input,block38,640,256,163840,16.638040543,16.687799454,0.049759999,28.532640457,_;_;655360
1,147,deep_fast,vit_expand_blocked_fp8_frag_bytein,block38,2560,32,2621440,16.692800522,16.775119781,0.082319997,28.532640457,_;_;_;640;1024;4096
1,148,deep_fast,vit_contract_blocked_fp8_frag,block38,640,32,655360,16.776840210,16.864040375,0.087200001,28.532640457,_;_;_;_;640;4096;1024
1,149,deep_fast,vit_qkv_project_normalize_fused_f16compact_fp8_frag,block38,3840,32,1966080,16.866800308,16.980520248,0.113720000,28.532640457,_;_;_;640
1,150,deep_fast,vit_attention_fused_640_bytein,block38,1280,32,327680,16.982120514,17.082559586,0.100440003,28.532640457,_;_;640
1,151,deep_fast,vit_project_frag,block38,2560,32,655360,17.085279465,17.232120514,0.146840006,28.532640457,_;_;_;_;640;1024;1024
1,152,deep,vit_gather,block39,2560,256,655360,17.234199524,17.292240143,0.058040000,28.532640457,_;_;_;655360
1,153,deep_fast,decoder_project2x_h16w,block39,1280,32,327680,17.297960281,17.380840302,0.082879998,28.532640457,_;_;_;_;32;20;60;36;1024;512
1,154,mh,mh_shift_pack,block40,5120,256,1310720,17.383880615,17.440559387,0.056680001,28.532640457,_;_;60;36;64;40;0;0;512;0
1,155,deep_fast,split_mix_blocked_h16w,block40,1280,32,1310720,17.447999954,17.521999359,0.074000001,28.532640457,_;_;_;2560
1,156,deep_fast,split_ffn_fused_fp8_t8,block40,1280,128,1310720,17.525760651,17.593399048,0.067639999,28.532640457,_;_;_;_;2560
1,157,deep_fast,split_projection_frag,block40,1280,32,1310720,17.594959259,17.653839111,0.058880001,28.532640457,_;_;_;_;_;2560
1,158,mh_fast,mh_qkv_normalize_frag_c512,block40,3840,32,3932160,17.658159256,17.732759476,0.074600004,28.532640457,_;_;_;2560
1,159,mh_fused,mh_attention_fused_fp8_out,block40,640,128,640,17.735479355,17.800760269,0.065279998,28.532640457,_;_;_;64;40;512
1,160,mh_fast,mh_attention_project_frag_c512,block40,1280,32,1310720,17.802160263,17.876560211,0.074400000,28.532640457,_;_;_;_;2560;0;60;36;64;0;0
1,161,mh,mh_shift_pack,block41,5120,256,1310720,17.880279541,17.936599731,0.056320000,28.532640457,_;_;60;36;64;40;4;4;512;0
1,162,deep_fast,split_mix_blocked_h16w,block41,1280,32,1310720,17.944280624,18.016719818,0.072439998,28.532640457,_;_;_;2560
1,163,deep_fast,split_ffn_fused_fp8_t8,block41,1280,128,1310720,18.020439148,18.087320328,0.066880003,28.532640457,_;_;_;_;2560
1,164,deep_fast,split_projection_frag,block41,1280,32,1310720,18.088880539,18.147760391,0.058880001,28.532640457,_;_;_;_;_;2560
1,165,mh_fast,mh_qkv_normalize_frag_c512,block41,3840,32,3932160,18.152120590,18.233879089,0.081759997,28.532640457,_;_;_;2560
1,166,mh_fused,mh_attention_fused_fp8_out,block41,640,128,640,18.235240936,18.298160553,0.062919997,28.532640457,_;_;_;64;40;512
1,167,mh_fast,mh_attention_project_frag_c512,block41,1280,32,1310720,18.299600601,18.374559402,0.074960001,28.532640457,_;_;_;_;2560;0;60;36;64;4;4
1,168,mh,mh_shift_pack,block44,5120,256,1310720,18.378280640,18.434520721,0.056240000,28.532640457,_;_;60;36;64;40;0;0;512;0
1,169,deep_fast,split_mix_blocked_h16w,block44,1280,32,1310720,18.442279816,18.513240814,0.070960000,28.532640457,_;_;_;2560
1,170,deep_fast,split_ffn_fused_fp8_t8,block44,1280,128,1310720,18.516960144,18.586799622,0.069839999,28.532640457,_;_;_;_;2560
1,171,deep_fast,split_projection_frag,block44,1280,32,1310720,18.588279724,18.646959305,0.058680002,28.532640457,_;_;_;_;_;2560
1,172,mh_fast,mh_qkv_normalize_frag_c512,block44,3840,32,3932160,18.651319504,18.732919693,0.081600003,28.532640457,_;_;_;2560
1,173,mh_fused,mh_attention_fused_fp8_out,block44,640,128,640,18.734279633,18.797399521,0.063120000,28.532640457,_;_;_;64;40;512
1,174,mh_fast,mh_attention_project_frag_c512,block44,1280,32,1310720,18.798799515,18.869800568,0.071000002,28.532640457,_;_;_;_;2560;0;60;36;64;0;0
1,175,mh,mh_shift_pack,block45,5120,256,1310720,18.873519897,18.929559708,0.056040000,28.532640457,_;_;60;36;64;40;4;4;512;0
1,176,deep_fast,split_mix_blocked_h16w,block45,1280,32,1310720,18.935680389,18.986400604,0.050719999,28.532640457,_;_;_;2560
1,177,deep_fast,split_ffn_fused_fp8_t8,block45,1280,128,1310720,18.990119934,19.058240891,0.068120003,28.532640457,_;_;_;_;2560
1,178,deep_fast,split_projection_frag,block45,1280,32,1310720,19.059719086,19.120679855,0.060959999,28.532640457,_;_;_;_;_;2560
1,179,mh_fast,mh_qkv_normalize_frag_c512,block45,3840,32,3932160,19.124959946,19.203760147,0.078800000,28.532640457,_;_;_;2560
1,180,mh_fused,mh_attention_fused_fp8_out,block45,640,128,640,19.206399918,19.266040802,0.059640002,28.532640457,_;_;_;64;40;512
1,181,mh_fast,mh_attention_project_frag_c512,block45,1280,32,1310720,19.267440796,19.339920044,0.072480001,28.532640457,_;_;_;_;2560;0;60;36;64;4;4
1,182,mh,mh_shift_pack,block47,5120,256,1310720,19.343639374,19.398439407,0.054800000,28.532640457,_;_;60;36;64;40;0;4;512;0
1,183,deep_fast,split_mix_blocked_h16w,block47,1280,32,1310720,19.406040192,19.478799820,0.072760001,28.532640457,_;_;_;2560
1,184,deep_fast,split_ffn_fused_fp8_t8,block47,1280,128,1310720,19.482479095,19.550119400,0.067639999,28.532640457,_;_;_;_;2560
1,185,deep_fast,split_projection_frag,block47,1280,32,1310720,19.551639557,19.610719681,0.059080001,28.532640457,_;_;_;_;_;2560
1,186,mh_fast,mh_qkv_normalize_frag_c512,block47,3840,32,3932160,19.615079880,19.693479538,0.078400001,28.532640457,_;_;_;2560
1,187,mh_fused,mh_attention_fused_fp8_out,block47,640,128,640,19.696079254,19.732479095,0.036400001,28.532640457,_;_;_;64;40;512
1,188,mh_fast,mh_attention_project_frag_c512,block47,1280,32,1310720,19.733919144,19.800720215,0.066799998,28.532640457,_;_;_;_;2560;0;60;36;64;0;4
1,189,deep_fast,decoder_project2x_h16w_byteout,block48,2160,32,552960,19.804439545,19.900360107,0.095919997,28.532640457,_;_;_;_;60;36;120;72;512;256
1,190,mh_fast,mh_ffn_fused_c256_frag_project_g128_qkv_bytein_fb,block48,540,512,2211840,19.901960373,20.022600174,0.120640002,28.532640457,_;_;_;_;_;8640;120;72;120;0;0
1,191,mh_fused,c256_attention_project_fb_bout_diag,block48,135,512,135,20.024000168,20.111879349,0.087880000,28.532640457,_;_;_;_;120;72;0;0;0;0;0
1,192,mh_fast,mh_ffn_fused_c256_frag_project_mapped_g128_qkv_bytein_fb,block49,640,512,2621440,20.113439560,20.239759445,0.126320004,28.532640457,_;_;_;_;_;10240;120;72;128;4;4
1,193,mh_fused,c256_attention_project_fb_bout_diag,block49,160,512,160,20.241119385,20.336919785,0.095799997,28.532640457,_;_;_;_;128;80;4;120;72;4;4
1,194,mh_fast,mh_ffn_fused_c256_frag_project_mapped_g128_qkv_bytein_fb,block50,576,512,2359296,20.338640213,20.468160629,0.129519999,28.532640457,_;_;_;_;_;9216;120;72;128;4;0
1,195,mh_fused,c256_attention_project_fb_bout_diag,block50,144,512,144,20.469680786,20.561519623,0.091839999,28.532640457,_;_;_;_;128;72;4;120;72;4;0
1,196,mh_fast,mh_ffn_fused_c256_frag_project_mapped_g128_qkv_bytein_fb,block51,600,512,2457600,20.563280106,20.687959671,0.124679998,28.532640457,_;_;_;_;_;9600;120;72;120;0;4
1,197,mh_fused,c256_attention_project_fb_bout_diag,block51,150,512,150,20.689359665,20.782800674,0.093440004,28.532640457,_;_;_;_;120;80;4;120;72;0;4
1,198,mh_fast,mh_ffn_fused_c256_frag_project_g128_qkv_bytein_fb,block52,540,512,2211840,20.784519196,20.904520035,0.119999997,28.532640457,_;_;_;_;_;8640;120;72;120;0;0
1,199,mh_fused,c256_attention_project_fb_bout_diag,block52,135,512,135,20.905920029,20.993959427,0.088040002,28.532640457,_;_;_;_;120;72;4;0;0;0;0
1,200,mh_fast,mh_ffn_fused_c256_frag_project_mapped_g128_qkv_bytein_fb,block53,640,512,2621440,20.995519638,21.124519348,0.128999993,28.532640457,_;_;_;_;_;10240;120;72;128;4;4
1,201,mh_fused,c256_attention_project_fb_bout_diag,block53,160,512,160,21.125839233,21.221599579,0.095760003,28.532640457,_;_;_;_;128;80;4;120;72;4;4
1,202,mh_fast,mh_ffn_fused_c256_frag_project_mapped_g128_qkv_bytein_fb,block54,576,512,2359296,21.223320007,21.354639053,0.131320000,28.532640457,_;_;_;_;_;9216;120;72;128;4;0
1,203,mh_fused,c256_attention_project_fb_bout_diag,block54,144,512,144,21.356119156,21.448640823,0.092519999,28.532640457,_;_;_;_;128;72;4;120;72;4;0
1,204,mh_fast,mh_ffn_fused_c256_frag_project_mapped_g128_qkv_bytein_fb,block55,600,512,2457600,21.450319290,21.576040268,0.125719994,28.532640457,_;_;_;_;_;9600;120;72;120;0;4
1,205,mh_fused,c256_attention_project_fb_diag,block55,150,512,150,21.577360153,21.674919128,0.097560003,28.532640457,_;_;_;_;120;80;0;120;72;0;4
1,206,deep_fast,decoder_project2x_h16w_byteout,block56,4320,32,1105920,21.677120209,21.790599823,0.113480002,28.532640457,_;_;_;_;120;72;240;144;256;128
1,207,mh_fast,mh_ffn_fused_c128_project_mapped_g128_qkv_bytein_fb,block56,2232,256,4571136,21.792240143,21.949319839,0.157079995,28.532640457,_;_;_;_;_;35712;240;144;248;4;0
1,208,mh_fused,c128_attention_project_fb_bout_diag,block56,558,512,558,21.950719833,22.060720444,0.109999999,28.532640457,_;_;_;_;248;144;4;240;144;4;0
1,209,mh_fast,mh_ffn_fused_c128_project_mapped_g128_qkv_bytein_fb,block57,2280,256,4669440,22.062160492,22.212680817,0.150519997,28.532640457,_;_;_;_;_;36480;240;144;240;0;4
1,210,mh_fused,c128_attention_project_fb_bout_diag,block57,570,512,570,22.221040726,22.324440002,0.103399999,28.532640457,_;_;_;_;240;152;4;240;144;0;4
1,211,mh_fast,mh_ffn_fused_c128_project_g128_qkv_bytein_fb,block58,2160,256,4423680,22.325920105,22.471200943,0.145280004,28.532640457,_;_;_;_;_;34560;240;144;240;0;0
1,212,mh_fused,c128_attention_project_fb_bout_diag,block58,540,512,540,22.472560883,22.568359375,0.095799997,28.532640457,_;_;_;_;240;144;4;0;0;0;0
1,213,mh_fast,mh_ffn_fused_c128_project_mapped_g128_qkv_bytein_fb,block59,2356,256,4825088,22.569879532,22.727039337,0.157159999,28.532640457,_;_;_;_;_;37696;240;144;248;4;4
1,214,mh_fused,c128_attention_project_fb_bout_diag,block59,589,512,589,22.735279083,22.841320038,0.106040001,28.532640457,_;_;_;_;248;152;4;240;144;4;4
1,215,mh_fast,mh_ffn_fused_c128_project_mapped_g128_qkv_bytein_fb,block60,2232,256,4571136,22.842720032,22.998279572,0.155560002,28.532640457,_;_;_;_;_;35712;240;144;248;4;0
1,216,mh_fused,c128_attention_project_fb_bout_diag,block60,558,512,558,22.999679565,23.104600906,0.104920000,28.532640457,_;_;_;_;248;144;4;240;144;4;0
1,217,mh_fast,mh_ffn_fused_c128_project_mapped_g128_qkv_bytein_fb,block61,2280,256,4669440,23.106079102,23.252960205,0.146880001,28.532640457,_;_;_;_;_;36480;240;144;240;0;4
1,218,mh_fused,c128_attention_project_fb_diag,block61,570,512,570,23.261119843,23.370239258,0.109119996,28.532640457,_;_;_;_;240;152;0;240;144;0;4
1,219,deep_fast,decoder_project2x_h16w_byteout,block62,8640,32,2211840,23.371919632,23.525440216,0.153520003,28.532640457,_;_;_;_;240;144;480;288;128;64
1,220,mh_fast,mh_ffn_fused_c64_project_g128_qkv_bytein_fb,block62,8640,128,8847360,23.527120590,23.705919266,0.178800002,28.532640457,_;_;_;_;_;138240;480;288;480;0;0
1,221,mh_fused,c64_attention_project_fb_bout_diag,block62,2160,256,2160,23.707319260,23.838880539,0.131559998,28.532640457,_;_;_;_;480;288;4;0;0;0;0
1,222,mh_fast,mh_ffn_fused_c64_project_mapped_g128_qkv_bytein_fb,block63,9028,128,9244672,23.840320587,24.054319382,0.214000002,28.532640457,_;_;_;_;_;144448;480;288;488;4;4
1,223,mh_fused,c64_attention_project_fb_bout_diag,block63,2257,256,2257,24.055719376,24.214759827,0.159040004,28.532640457,_;_;_;_;488;296;4;480;288;4;4
1,224,mh_fast,mh_ffn_fused_c64_project_mapped_g128_qkv_bytein_fb,block64,8784,128,8994816,24.216199875,24.423639297,0.207440004,28.532640457,_;_;_;_;_;140544;480;288;488;4;0
1,225,mh_fused,c64_attention_project_fb_bout_diag,block64,2196,256,2196,24.424999237,24.579359055,0.154359996,28.532640457,_;_;_;_;488;288;4;480;288;4;0
1,226,mh_fast,mh_ffn_fused_c64_project_mapped_g128_qkv_bytein_fb,block65,8880,128,9093120,24.580839157,24.788839340,0.208000004,28.532640457,_;_;_;_;_;142080;480;288;480;0;4
1,227,mh_fused,c64_attention_project_fb_diag,block65,2220,256,2220,24.790279388,24.955560684,0.165279999,28.532640457,_;_;_;_;480;296;0;480;288;0;4
1,228,deep_fast,decoder_project2x_h16w,block69,17280,32,4423680,24.957199097,25.296119690,0.338919997,28.532640457,_;_;_;_;480;288;960;576;64;32
1,229,c32_fused_ffn,c32_fast_ffn_attention_fused_half_mapped,block69,8640,128,8640,25.299079895,25.695339203,0.396259993,28.532640457,_;_;_;_;8640;0;1;960;576;0;0
1,230,c32_fused_ffn,c32_fast_ffn_attention_fused_half_chain,block69,8833,128,8833,25.696819305,26.082040787,0.385219991,28.532640457,_;_;_;_;8833;3;1;960;576;4;4;960;0;0
1,231,c32_fused_ffn,c32_fast_ffn_attention_fused_half_chain,block69,8712,128,8712,26.083599091,26.463939667,0.380340010,28.532640457,_;_;_;_;8712;3;1;960;576;4;0;968;4;4
1,232,c32_fused_ffn,c32_fast_ffn_attention_fused_half_chain_finish,block69,8760,128,8760,26.465539932,26.885639191,0.420100003,28.532640457,_;_;_;_;_;8760;3;1;960;576;0;4;968;4;0
1,233,c32_fused_ffn,c32_post_merge_head_half,block70,34945,128,34945,26.887199402,28.452440262,1.565240026,28.532640457,_;_;_;_;_;_;_;_;34945;1920;1152;4;4;_
2,0,c32_fused_ffn,c32_fast_ffn_attention_fused_half_prefix_finish_main8,pre-down,34560,128,34560,0.004360000,1.559559941,1.555199981,28.595779419,_;_;_;_;_;_;34560;0;1;1920;1152;0;0
2,1,c32_fused_ffn,c32_fast_ffn_attention_fused_half_mapped,block4,8640,128,8640,1.568279982,1.960399985,0.392120004,28.595779419,_;_;_;_;8640;0;1;960;576;0;0
2,2,c32_fused_ffn,c32_fast_ffn_attention_fused_half_chain,block4,8833,128,8833,1.961879969,2.356920004,0.395040005,28.595779419,_;_;_;_;8833;3;1;960;576;4;4;960;0;0
2,3,c32_fused_ffn,c32_fast_ffn_attention_fused_half_chain,block4,8712,128,8712,2.358479977,2.746999979,0.388520002,28.595779419,_;_;_;_;8712;3;1;960;576;4;0;968;4;4
2,4,c32_fused_ffn,c32_fast_ffn_attention_fused_half_chain_finish_dcrop,block4,8760,128,8760,2.748600006,3.171679974,0.423079997,28.595779419,_;_;_;_;_;8760;3;1;960;576;0;4;968;4;0
2,5,mh_fast,mh_pool_project_production_h16w,block5,34560,32,8847360,3.173320055,3.271800041,0.098480001,28.595779419,_;_;_;480;288;0;0;32
2,6,mh_fast,mh_ffn_fused_c64_project_g128_qkv_fb,block5,8640,128,8847360,3.278840065,3.466120005,0.187279999,28.595779419,_;_;_;_;_;138240;480;288;480;0;0
2,7,mh_fused,c64_attention_project_fb_bout_diag,block5,2160,256,2160,3.467519999,3.605560064,0.138040006,28.595779419,_;_;_;_;480;288;4;0;0;0;0
2,8,mh_fast,mh_ffn_fused_c64_project_mapped_g128_qkv_bytein_fb,block6,9028,128,9244672,3.606920004,3.817359924,0.210439995,28.595779419,_;_;_;_;_;144448;480;288;488;4;4
2,9,mh_fused,c64_attention_project_fb_bout_diag,block6,2257,256,2257,3.818759918,3.973239899,0.154479995,28.595779419,_;_;_;_;488;296;4;480;288;4;4
2,10,mh_fast,mh_ffn_fused_c64_project_mapped_g128_qkv_bytein_fb,block7,8784,128,8994816,3.974720001,4.178199768,0.203480005,28.595779419,_;_;_;_;_;140544;480;288;488;4;0
2,11,mh_fused,c64_attention_project_fb_bout_diag,block7,2196,256,2196,4.179560184,4.331359863,0.151800007,28.595779419,_;_;_;_;488;288;4;480;288;4;0
2,12,mh_fast,mh_ffn_fused_c64_project_mapped_g128_qkv_bytein_fb,block8,8880,128,9093120,4.332839966,4.541319847,0.208480000,28.595779419,_;_;_;_;_;142080;480;288;480;0;4
2,13,mh_fused,c64_attention_project_fb_diag,block8,2220,256,2220,4.542719841,4.698319912,0.155599996,28.595779419,_;_;_;_;480;296;3;480;288;0;4
2,14,mh_fast,mh_pool_project_group_c64,block9,2160,64,4423680,4.699800014,4.793079853,0.093280002,28.595779419,_;_;_;240;144;480;0;0
2,15,mh_fast,mh_ffn_fused_c128_project_g128_qkv_fb,block9,2160,256,4423680,4.797080040,4.946080208,0.149000004,28.595779419,_;_;_;_;_;34560;240;144;240;0;0
2,16,mh_fused,c128_attention_project_fb_bout_diag,block9,540,512,540,4.947440147,5.042880058,0.095440000,28.595779419,_;_;_;_;240;144;4;0;0;0;0
2,17,mh_fast,mh_ffn_fused_c128_project_mapped_g128_qkv_bytein_fb,block10,2356,256,4825088,5.044360161,5.199920177,0.155560002,28.595779419,_;_;_;_;_;37696;240;144;248;4;4
2,18,mh_fused,c128_attention_project_fb_bout_diag,block10,589,512,589,5.206799984,5.312479973,0.105679996,28.595779419,_;_;_;_;248;152;4;240;144;4;4
2,19,mh_fast,mh_ffn_fused_c128_project_mapped_g128_qkv_bytein_fb,block11,2232,256,4571136,5.313879967,5.469359875,0.155479997,28.595779419,_;_;_;_;_;35712;240;144;248;4;0
2,20,mh_fused,c128_attention_project_fb_bout_diag,block11,558,512,558,5.470719814,5.609799862,0.139080003,28.595779419,_;_;_;_;248;144;4;240;144;4;0
2,21,mh_fast,mh_ffn_fused_c128_project_mapped_g128_qkv_bytein_fb,block12,2280,256,4669440,5.611279964,5.758200169,0.146919996,28.595779419,_;_;_;_;_;36480;240;144;240;0;4
2,22,mh_fused,c128_attention_project_fb_bout_diag,block12,570,512,570,5.765439987,5.868519783,0.103079997,28.595779419,_;_;_;_;240;152;4;240;144;0;4
2,23,mh_fast,mh_ffn_fused_c128_project_g128_qkv_bytein_fb,block13,2160,256,4423680,5.869999886,6.013639927,0.143639997,28.595779419,_;_;_;_;_;34560;240;144;240;0;0
2,24,mh_fused,c128_attention_project_fb_bout_diag,block13,540,512,540,6.016280174,6.111599922,0.095320001,28.595779419,_;_;_;_;240;144;4;0;0;0;0
2,25,mh_fast,mh_ffn_fused_c128_project_mapped_g128_qkv_bytein_fb,block14,2356,256,4825088,6.113080025,6.267839909,0.154760003,28.595779419,_;_;_;_;_;37696;240;144;248;4;4
2,26,mh_fused,c128_attention_project_fb_diag,block14,589,512,589,6.274720192,6.384039879,0.109320000,28.595779419,_;_;_;_;248;152;3;240;144;4;4
2,27,mh_fast,mh_pool_project_group_c128,block15,540,128,2211840,6.385519981,6.455520153,0.070000000,28.595779419,_;_;_;120;72;240;0;0
2,28,mh_fast,mh_ffn_fused_c256_frag_project_g128_qkv_fb,block15,540,512,2211840,6.458280087,6.582240105,0.123960003,28.595779419,_;_;_;_;_;8640;120;72;120;0;0
2,29,mh_fused,c256_attention_project_fb_bout_diag,block15,135,512,135,6.583680153,6.669439793,0.085759997,28.595779419,_;_;_;_;120;72;4;0;0;0;0
2,30,mh_fast,mh_ffn_fused_c256_frag_project_mapped_g128_qkv_bytein_fb,block16,640,512,2621440,6.671160221,6.801559925,0.130400002,28.595779419,_;_;_;_;_;10240;120;72;128;4;4
2,31,mh_fused,c256_attention_project_fb_bout_diag,block16,160,512,160,6.802919865,6.907519817,0.104599997,28.595779419,_;_;_;_;128;80;4;120;72;4;4
2,32,mh_fast,mh_ffn_fused_c256_frag_project_mapped_g128_qkv_bytein_fb,block17,576,512,2359296,6.909279823,7.042759895,0.133479998,28.595779419,_;_;_;_;_;9216;120;72;128;4;0
2,33,mh_fused,c256_attention_project_fb_bout_diag,block17,144,512,144,7.044239998,7.138559818,0.094319999,28.595779419,_;_;_;_;128;72;4;120;72;4;0
2,34,mh_fast,mh_ffn_fused_c256_frag_project_mapped_g128_qkv_bytein_fb,block18,600,512,2457600,7.140240192,7.267360210,0.127120003,28.595779419,_;_;_;_;_;9600;120;72;120;0;4
2,35,mh_fused,c256_attention_project_fb_bout_diag,block18,150,512,150,7.268760204,7.359640121,0.090879999,28.595779419,_;_;_;_;120;80;4;120;72;0;4
2,36,mh_fast,mh_ffn_fused_c256_frag_project_g128_qkv_bytein_fb,block19,540,512,2211840,7.361320019,7.481719971,0.120399997,28.595779419,_;_;_;_;_;8640;120;72;120;0;0
2,37,mh_fused,c256_attention_project_fb_bout_diag,block19,135,512,135,7.483160019,7.591040134,0.107879996,28.595779419,_;_;_;_;120;72;4;0;0;0;0
2,38,mh_fast,mh_ffn_fused_c256_frag_project_mapped_g128_qkv_bytein_fb,block20,640,512,2621440,7.592800140,7.725759983,0.132960007,28.595779419,_;_;_;_;_;10240;120;72;128;4;4
2,39,mh_fused,c256_attention_project_fb_bout_diag,block20,160,512,160,7.728360176,7.823160172,0.094800003,28.595779419,_;_;_;_;128;80;4;120;72;4;4
2,40,mh_fast,mh_ffn_fused_c256_frag_project_mapped_g128_qkv_bytein_fb,block21,576,512,2359296,7.824719906,7.958000183,0.133279994,28.595779419,_;_;_;_;_;9216;120;72;128;4;0
2,41,mh_fused,c256_attention_project_fb_bout_diag,block21,144,512,144,7.959519863,8.050919533,0.091399997,28.595779419,_;_;_;_;128;72;4;120;72;4;0
2,42,mh_fast,mh_ffn_fused_c256_frag_project_mapped_g128_qkv_bytein_fb,block22,600,512,2457600,8.052599907,8.178440094,0.125839993,28.595779419,_;_;_;_;_;9600;120;72;120;0;4
2,43,mh_fused,c256_attention_project_fb_diag,block22,150,512,150,8.181079865,8.276880264,0.095799997,28.595779419,_;_;_;_;120;80;3;120;72;0;4
2,44,mh_fast,mh_pool_project_group_c256,block23,135,256,1105920,8.279000282,8.339839935,0.060839999,28.595779419,_;_;_;60;36;120;0;0
2,45,mh,mh_shift_pack,block23,5120,256,1310720,8.343480110,8.399600029,0.056120001,28.595779419,_;_;60;36;64;40;0;0;512;0
2,46,deep_fast,split_mix_blocked_h16w,block23,1280,32,1310720,8.407480240,8.478079796,0.070600003,28.595779419,_;_;_;2560
2,47,deep_fast,split_ffn_fused_fp8_t8,block23,1280,128,1310720,8.481800079,8.546719551,0.064920001,28.595779419,_;_;_;_;2560
2,48,deep_fast,split_projection_frag,block23,1280,32,1310720,8.548239708,8.605680466,0.057440002,28.595779419,_;_;_;_;_;2560
2,49,mh_fast,mh_qkv_normalize_frag_c512,block23,3840,32,3932160,8.610039711,8.691639900,0.081600003,28.595779419,_;_;_;2560
2,50,mh_fused,mh_attention_fused_fp8_out,block23,640,128,640,8.694359779,8.754799843,0.060440000,28.595779419,_;_;_;64;40;512
2,51,mh_fast,mh_attention_project_frag_c512,block23,1280,32,1310720,8.756199837,8.829440117,0.073239997,28.595779419,_;_;_;_;2560;0;60;36;64;0;0
2,52,mh,mh_shift_pack,block24,5120,256,1310720,8.833160400,8.891799927,0.058639999,28.595779419,_;_;60;36;64;40;4;4;512;0
2,53,deep_fast,split_mix_blocked_h16w,block24,1280,32,1310720,8.899359703,8.971320152,0.071960002,28.595779419,_;_;_;2560
2,54,deep_fast,split_ffn_fused_fp8_t8,block24,1280,128,1310720,8.975079536,9.045960426,0.070880003,28.595779419,_;_;_;_;2560
2,55,deep_fast,split_projection_frag,block24,1280,32,1310720,9.047400475,9.105680466,0.058279999,28.595779419,_;_;_;_;_;2560
2,56,mh_fast,mh_qkv_normalize_frag_c512,block24,3840,32,3932160,9.110079765,9.192879677,0.082800001,28.595779419,_;_;_;2560
2,57,mh_fused,mh_attention_fused_fp8_out,block24,640,128,640,9.194239616,9.257439613,0.063199997,28.595779419,_;_;_;64;40;512
2,58,mh_fast,mh_attention_project_frag_c512,block24,1280,32,1310720,9.258839607,9.332200050,0.073360004,28.595779419,_;_;_;_;2560;0;60;36;64;4;4
2,59,mh,mh_shift_pack,block25,5120,256,1310720,9.335960388,9.392919540,0.056960002,28.595779419,_;_;60;36;64;40;4;0;512;0
2,60,deep_fast,split_mix_blocked_h16w,block25,1280,32,1310720,9.399519920,9.472319603,0.072800003,28.595779419,_;_;_;2560
2,61,deep_fast,split_ffn_fused_fp8_t8,block25,1280,128,1310720,9.476039886,9.543880463,0.067840002,28.595779419,_;_;_;_;2560
2,62,deep_fast,split_projection_frag,block25,1280,32,1310720,9.545319557,9.606120110,0.060800001,28.595779419,_;_;_;_;_;2560
2,63,mh_fast,mh_qkv_normalize_frag_c512,block25,3840,32,3932160,9.610440254,9.691320419,0.080880001,28.595779419,_;_;_;2560
2,64,mh_fused,mh_attention_fused_fp8_out,block25,640,128,640,9.693920135,9.760319710,0.066399999,28.595779419,_;_;_;64;40;512
2,65,mh_fast,mh_attention_project_frag_c512,block25,1280,32,1310720,9.761719704,9.833160400,0.071439996,28.595779419,_;_;_;_;2560;0;60;36;64;4;0
2,66,mh,mh_shift_pack,block26,5120,256,1310720,9.836879730,9.895119667,0.058240000,28.595779419,_;_;60;36;64;40;0;4;512;0
2,67,deep_fast,split_mix_blocked_h16w,block26,1280,32,1310720,9.902680397,9.973640442,0.070960000,28.595779419,_;_;_;2560
2,68,deep_fast,split_ffn_fused_fp8_t8,block26,1280,128,1310720,9.977399826,10.044879913,0.067479998,28.595779419,_;_;_;_;2560
2,69,deep_fast,split_projection_frag,block26,1280,32,1310720,10.046400070,10.109840393,0.063440003,28.595779419,_;_;_;_;_;2560
2,70,mh_fast,mh_qkv_normalize_frag_c512,block26,3840,32,3932160,10.114199638,10.195320129,0.081119999,28.595779419,_;_;_;2560
2,71,mh_fused,mh_attention_fused_fp8_out,block26,640,128,640,10.197959900,10.257880211,0.059920002,28.595779419,_;_;_;64;40;512
2,72,mh_fast,mh_attention_project_frag_c512,block26,1280,32,1310720,10.259280205,10.333200455,0.073919997,28.595779419,_;_;_;_;2560;0;60;36;64;0;4
2,73,mh,mh_shift_pack,block27,5120,256,1310720,10.336959839,10.395319939,0.058359999,28.595779419,_;_;60;36;64;40;0;0;512;0
2,74,deep_fast,split_mix_blocked_h16w,block27,1280,32,1310720,10.403160095,10.476360321,0.073200002,28.595779419,_;_;_;2560
2,75,deep_fast,split_ffn_fused_fp8_t8,block27,1280,128,1310720,10.480039597,10.548640251,0.068599999,28.595779419,_;_;_;_;2560
2,76,deep_fast,split_projection_frag,block27,1280,32,1310720,10.550080299,10.611639977,0.061560001,28.595779419,_;_;_;_;_;2560
2,77,mh_fast,mh_qkv_normalize_frag_c512,block27,3840,32,3932160,10.615960121,10.699600220,0.083640002,28.595779419,_;_;_;2560
2,78,mh_fused,mh_attention_fused_fp8_out,block27,640,128,640,10.700960159,10.766519547,0.065559998,28.595779419,_;_;_;64;40;512
2,79,mh_fast,mh_attention_project_frag_c512,block27,1280,32,1310720,10.767919540,10.842439651,0.074519999,28.595779419,_;_;_;_;2560;0;60;36;64;0;0
2,80,mh,mh_shift_pack,block28,5120,256,1310720,10.846199989,10.903880119,0.057680000,28.595779419,_;_;60;36;64;40;4;4;512;0
2,81,deep_fast,split_mix_blocked_h16w,block28,1280,32,1310720,10.911279678,10.983639717,0.072360002,28.595779419,_;_;_;2560
2,82,deep_fast,split_ffn_fused_fp8_t8,block28,1280,128,1310720,10.987360001,11.056480408,0.069119997,28.595779419,_;_;_;_;2560
2,83,deep_fast,split_projection_frag,block28,1280,32,1310720,11.057999611,11.118320465,0.060320001,28.595779419,_;_;_;_;_;2560
2,84,mh_fast,mh_qkv_normalize_frag_c512,block28,3840,32,3932160,11.122639656,11.202400208,0.079760000,28.595779419,_;_;_;2560
2,85,mh_fused,mh_attention_fused_fp8_out,block28,640,128,640,11.206399918,11.263680458,0.057280000,28.595779419,_;_;_;64;40;512
2,86,mh_fast,mh_attention_project_frag_c512,block28,1280,32,1310720,11.265080452,11.338640213,0.073559999,28.595779419,_;_;_;_;2560;0;60;36;64;4;4
2,87,mh,mh_shift_pack,block29,5120,256,1310720,11.342399597,11.400799751,0.058400001,28.595779419,_;_;60;36;64;40;4;0;512;0
2,88,deep_fast,split_mix_blocked_h16w,block29,1280,32,1310720,11.408320427,11.480919838,0.072600000,28.595779419,_;_;_;2560
2,89,deep_fast,split_ffn_fused_fp8_t8,block29,1280,128,1310720,11.484640121,11.554280281,0.069640003,28.595779419,_;_;_;_;2560
2,90,deep_fast,split_projection_frag,block29,1280,32,1310720,11.555760384,11.616359711,0.060600001,28.595779419,_;_;_;_;_;2560
2,91,mh_fast,mh_qkv_normalize_frag_c512,block29,3840,32,3932160,11.620679855,11.706319809,0.085639998,28.595779419,_;_;_;2560
2,92,mh_fused,mh_attention_fused_fp8_out,block29,640,128,640,11.708999634,11.775919914,0.066919997,28.595779419,_;_;_;64;40;512
2,93,mh_fast,mh_attention_project_frag_c512,block29,1280,32,1310720,11.777319908,11.854160309,0.076839998,28.595779419,_;_;_;_;2560;0;60;36;64;4;0
2,94,mh,mh_shift_pack,block30,5120,256,1310720,11.857879639,11.916720390,0.058839999,28.595779419,_;_;60;36;64;40;0;4;512;0
2,95,deep_fast,split_mix_blocked_h16w,block30,1280,32,1310720,11.922800064,11.997839928,0.075039998,28.595779419,_;_;_;2560
2,96,deep_fast,split_ffn_fused_fp8_t8,block30,1280,128,1310720,12.001600266,12.070919991,0.069320001,28.595779419,_;_;_;_;2560
2,97,deep_fast,split_projection_frag,block30,1280,32,1310720,12.072440147,12.133040428,0.060600001,28.595779419,_;_;_;_;_;2560
2,98,mh_fast,mh_qkv_normalize_frag_c512,block30,3840,32,3932160,12.137359619,12.222160339,0.084799998,28.595779419,_;_;_;2560
2,99,mh_fused,mh_attention_fused_fp8_out,block30,640,128,640,12.223560333,12.290040016,0.066480003,28.595779419,_;_;_;64;40;512
2,100,mh_fast,mh_attention_project_frag_c512,block30,1280,32,1310720,12.291480064,12.369560242,0.078079998,28.595779419,_;_;_;_;2560;3;60;36;64;0;4
2,101,mh,mh_pool,head,1280,256,327680,12.373279572,12.426119804,0.052839998,28.595779419,_;_;32;20;60;30;18;512
2,102,mh_fast,mh_pool_project_production_h16w,head,2560,32,655360,12.431440353,12.573080063,0.141639993,28.595779419,_;_;_;32;20;30;18;512
2,103,deep,vit_gather,block31,2560,256,655360,12.574919701,12.629599571,0.054680001,28.595779419,_;_;_;655360
2,104,deep_fast,vit_pack_input,block31,640,256,163840,12.634920120,12.684320450,0.049400002,28.595779419,_;_;655360
2,105,deep_fast,vit_expand_blocked_fp8_frag_bytein,block31,2560,32,2621440,12.689120293,12.766799927,0.077679999,28.595779419,_;_;_;640;1024;4096
2,106,deep_fast,vit_contract_blocked_fp8_frag,block31,640,32,655360,12.768440247,12.856200218,0.087760001,28.595779419,_;_;_;_;640;4096;1024
2,107,deep_fast,vit_qkv_project_normalize_fused_f16compact_fp8_frag,block31,3840,32,1966080,12.858920097,12.973119736,0.114200003,28.595779419,_;_;_;640
2,108,deep_fast,vit_attention_fused_640_bytein,block31,1280,32,327680,12.974840164,13.076519966,0.101680003,28.595779419,_;_;640
2,109,deep_fast,vit_project_frag,block31,2560,32,655360,13.079279900,13.194479942,0.115199998,28.595779419,_;_;_;_;640;1024;1024
2,110,deep_fast,vit_pack_input,block32,640,256,163840,13.196519852,13.244560242,0.048039999,28.595779419,_;_;655360
2,111,deep_fast,vit_expand_blocked_fp8_frag_bytein,block32,2560,32,2621440,13.250880241,13.353280067,0.102399997,28.595779419,_;_;_;640;1024;4096
2,112,deep_fast,vit_contract_blocked_fp8_frag,block32,640,32,655360,13.354960442,13.443599701,0.088639997,28.595779419,_;_;_;_;640;4096;1024
2,113,deep_fast,vit_qkv_project_normalize_fused_f16compact_fp8_frag,block32,3840,32,1966080,13.446359634,13.566720009,0.120360002,28.595779419,_;_;_;640
2,114,deep_fast,vit_attention_fused_640_bytein,block32,1280,32,327680,13.568400383,13.669520378,0.101120003,28.595779419,_;_;640
2,115,deep_fast,vit_project_frag,block32,2560,32,655360,13.672240257,13.810799599,0.138559997,28.595779419,_;_;_;_;640;1024;1024
2,116,deep_fast,vit_pack_input,block33,640,256,163840,13.812879562,13.861960411,0.049079999,28.595779419,_;_;655360
2,117,deep_fast,vit_expand_blocked_fp8_frag_bytein,block33,2560,32,2621440,13.868040085,13.950639725,0.082599998,28.595779419,_;_;_;640;1024;4096
2,118,deep_fast,vit_contract_blocked_fp8_frag,block33,640,32,655360,13.952360153,14.041359901,0.089000002,28.595779419,_;_;_;_;640;4096;1024
2,119,deep_fast,vit_qkv_project_normalize_fused_f16compact_fp8_frag,block33,3840,32,1966080,14.044199944,14.160479546,0.116279997,28.595779419,_;_;_;640
2,120,deep_fast,vit_attention_fused_640_bytein,block33,1280,32,327680,14.162199974,14.262200356,0.100000001,28.595779419,_;_;640
2,121,deep_fast,vit_project_frag,block33,2560,32,655360,14.264960289,14.378399849,0.113440000,28.595779419,_;_;_;_;640;1024;1024
2,122,deep_fast,vit_pack_input,block34,640,256,163840,14.380479813,14.428839684,0.048360001,28.595779419,_;_;655360
2,123,deep_fast,vit_expand_blocked_fp8_frag_bytein,block34,2560,32,2621440,14.435000420,14.516200066,0.081200004,28.595779419,_;_;_;640;1024;4096
2,124,deep_fast,vit_contract_blocked_fp8_frag,block34,640,32,655360,14.517919540,14.606200218,0.088280000,28.595779419,_;_;_;_;640;4096;1024
2,125,deep_fast,vit_qkv_project_normalize_fused_f16compact_fp8_frag,block34,3840,32,1966080,14.608960152,14.725159645,0.116200000,28.595779419,_;_;_;640
2,126,deep_fast,vit_attention_fused_640_bytein,block34,1280,32,327680,14.726880074,14.827119827,0.100240000,28.595779419,_;_;640
2,127,deep_fast,vit_project_frag,block34,2560,32,655360,14.829879761,14.941880226,0.112000003,28.595779419,_;_;_;_;640;1024;1024
2,128,deep_fast,vit_pack_input,block35,640,256,163840,14.943920135,14.990839958,0.046920002,28.595779419,_;_;655360
2,129,deep_fast,vit_expand_blocked_fp8_frag_bytein,block35,2560,32,2621440,14.996919632,15.093359947,0.096440002,28.595779419,_;_;_;640;1024;4096
2,130,deep_fast,vit_contract_blocked_fp8_frag,block35,640,32,655360,15.095040321,15.180879593,0.085840002,28.595779419,_;_;_;_;640;4096;1024
2,131,deep_fast,vit_qkv_project_normalize_fused_f16compact_fp8_frag,block35,3840,32,1966080,15.183600426,15.297960281,0.114359997,28.595779419,_;_;_;640
2,132,deep_fast,vit_attention_fused_640_bytein,block35,1280,32,327680,15.299639702,15.400400162,0.100759998,28.595779419,_;_;640
2,133,deep_fast,vit_project_frag,block35,2560,32,655360,15.403120041,15.518039703,0.114919998,28.595779419,_;_;_;_;640;1024;1024
2,134,deep_fast,vit_pack_input,block36,640,256,163840,15.520039558,15.570400238,0.050360002,28.595779419,_;_;655360
2,135,deep_fast,vit_expand_blocked_fp8_frag_bytein,block36,2560,32,2621440,15.576720238,15.675279617,0.098559998,28.595779419,_;_;_;640;1024;4096
2,136,deep_fast,vit_contract_blocked_fp8_frag,block36,640,32,655360,15.676959991,15.763680458,0.086719997,28.595779419,_;_;_;_;640;4096;1024
2,137,deep_fast,vit_qkv_project_normalize_fused_f16compact_fp8_frag,block36,3840,32,1966080,15.766400337,15.882280350,0.115879998,28.595779419,_;_;_;640
2,138,deep_fast,vit_attention_fused_640_bytein,block36,1280,32,327680,15.883959770,15.984519958,0.100560002,28.595779419,_;_;640
2,139,deep_fast,vit_project_frag,block36,2560,32,655360,15.987239838,16.100879669,0.113640003,28.595779419,_;_;_;_;640;1024;1024
2,140,deep_fast,vit_pack_input,block37,640,256,163840,16.102960587,16.153079987,0.050120000,28.595779419,_;_;655360
2,141,deep_fast,vit_expand_blocked_fp8_frag_bytein,block37,2560,32,2621440,16.159200668,16.241359711,0.082160003,28.595779419,_;_;_;640;1024;4096
2,142,deep_fast,vit_contract_blocked_fp8_frag,block37,640,32,655360,16.243160248,16.328279495,0.085120000,28.595779419,_;_;_;_;640;4096;1024
2,143,deep_fast,vit_qkv_project_normalize_fused_f16compact_fp8_frag,block37,3840,32,1966080,16.331039429,16.446359634,0.115319997,28.595779419,_;_;_;640
2,144,deep_fast,vit_attention_fused_640_bytein,block37,1280,32,327680,16.448040009,16.549039841,0.101000004,28.595779419,_;_;640
2,145,deep_fast,vit_project_frag,block37,2560,32,655360,16.551759720,16.691400528,0.139640003,28.595779419,_;_;_;_;640;1024;1024
2,146,deep_fast,vit_pack_input,block38,640,256,163840,16.693439484,16.742479324,0.049040001,28.595779419,_;_;655360
2,147,deep_fast,vit_expand_blocked_fp8_frag_bytein,block38,2560,32,2621440,16.748600006,16.851200104,0.102600001,28.595779419,_;_;_;640;1024;4096
2,148,deep_fast,vit_contract_blocked_fp8_frag,block38,640,32,655360,16.852880478,16.940679550,0.087800004,28.595779419,_;_;_;_;640;4096;1024
2,149,deep_fast,vit_qkv_project_normalize_fused_f16compact_fp8_frag,block38,3840,32,1966080,16.943439484,17.056520462,0.113080002,28.595779419,_;_;_;640
2,150,deep_fast,vit_attention_fused_640_bytein,block38,1280,32,327680,17.058200836,17.161600113,0.103399999,28.595779419,_;_;640
2,151,deep_fast,vit_project_frag,block38,2560,32,655360,17.164319992,17.302520752,0.138200000,28.595779419,_;_;_;_;640;1024;1024
2,152,deep,vit_gather,block39,2560,256,655360,17.304599762,17.358560562,0.053959999,28.595779419,_;_;_;655360
2,153,deep_fast,decoder_project2x_h16w,block39,1280,32,327680,17.420600891,17.421279907,0.000680000,28.595779419,_;_;_;_;32;20;60;36;1024;512
2,154,mh,mh_shift_pack,block40,5120,256,1310720,17.424280167,17.480079651,0.055799998,28.595779419,_;_;60;36;64;40;0;0;512;0
2,155,deep_fast,split_mix_blocked_h16w,block40,1280,32,1310720,17.487720490,17.560239792,0.072520003,28.595779419,_;_;_;2560
2,156,deep_fast,split_ffn_fused_fp8_t8,block40,1280,128,1310720,17.563999176,17.636959076,0.072959997,28.595779419,_;_;_;_;2560
2,157,deep_fast,split_projection_frag,block40,1280,32,1310720,17.638399124,17.696760178,0.058359999,28.595779419,_;_;_;_;_;2560
2,158,mh_fast,mh_qkv_normalize_frag_c512,block40,3840,32,3932160,17.701080322,17.779520035,0.078440003,28.595779419,_;_;_;2560
2,159,mh_fused,mh_attention_fused_fp8_out,block40,640,128,640,17.782159805,17.842519760,0.060360000,28.595779419,_;_;_;64;40;512
2,160,mh_fast,mh_attention_project_frag_c512,block40,1280,32,1310720,17.843959808,17.921360016,0.077399999,28.595779419,_;_;_;_;2560;0;60;36;64;0;0
2,161,mh,mh_shift_pack,block41,5120,256,1310720,17.925119400,17.983200073,0.058079999,28.595779419,_;_;60;36;64;40;4;4;512;0
2,162,deep_fast,split_mix_blocked_h16w,block41,1280,32,1310720,17.989479065,18.063159943,0.073679999,28.595779419,_;_;_;2560
2,163,deep_fast,split_ffn_fused_fp8_t8,block41,1280,128,1310720,18.066919327,18.136079788,0.069159999,28.595779419,_;_;_;_;2560
2,164,deep_fast,split_projection_frag,block41,1280,32,1310720,18.137559891,18.198200226,0.060640000,28.595779419,_;_;_;_;_;2560
2,165,mh_fast,mh_qkv_normalize_frag_c512,block41,3840,32,3932160,18.202560425,18.280920029,0.078359999,28.595779419,_;_;_;2560
2,166,mh_fused,mh_attention_fused_fp8_out,block41,640,128,640,18.283479691,18.348760605,0.065279998,28.595779419,_;_;_;64;40;512
2,167,mh_fast,mh_attention_project_frag_c512,block41,1280,32,1310720,18.350120544,18.426559448,0.076439999,28.595779419,_;_;_;_;2560;0;60;36;64;4;4
2,168,mh,mh_shift_pack,block44,5120,256,1310720,18.430320740,18.489040375,0.058720000,28.595779419,_;_;60;36;64;40;0;0;512;0
2,169,deep_fast,split_mix_blocked_h16w,block44,1280,32,1310720,18.496679306,18.570720673,0.074040003,28.595779419,_;_;_;2560
2,170,deep_fast,split_ffn_fused_fp8_t8,block44,1280,128,1310720,18.574480057,18.644399643,0.069920003,28.595779419,_;_;_;_;2560
2,171,deep_fast,split_projection_frag,block44,1280,32,1310720,18.645879745,18.705080032,0.059200000,28.595779419,_;_;_;_;_;2560
2,172,mh_fast,mh_qkv_normalize_frag_c512,block44,3840,32,3932160,18.709360123,18.792520523,0.083159998,28.595779419,_;_;_;2560
2,173,mh_fused,mh_attention_fused_fp8_out,block44,640,128,640,18.793920517,18.858959198,0.065040000,28.595779419,_;_;_;64;40;512
2,174,mh_fast,mh_attention_project_frag_c512,block44,1280,32,1310720,18.860399246,18.937000275,0.076600000,28.595779419,_;_;_;_;2560;0;60;36;64;0;0
2,175,mh,mh_shift_pack,block45,5120,256,1310720,18.940759659,18.998479843,0.057720002,28.595779419,_;_;60;36;64;40;4;4;512;0
2,176,deep_fast,split_mix_blocked_h16w,block45,1280,32,1310720,19.005680084,19.078519821,0.072839998,28.595779419,_;_;_;2560
2,177,deep_fast,split_ffn_fused_fp8_t8,block45,1280,128,1310720,19.082279205,19.151479721,0.069200002,28.595779419,_;_;_;_;2560
2,178,deep_fast,split_projection_frag,block45,1280,32,1310720,19.152919769,19.211839676,0.058920000,28.595779419,_;_;_;_;_;2560
2,179,mh_fast,mh_qkv_normalize_frag_c512,block45,3840,32,3932160,19.216159821,19.296400070,0.080239996,28.595779419,_;_;_;2560
2,180,mh_fused,mh_attention_fused_fp8_out,block45,640,128,640,19.298959732,19.366239548,0.067280002,28.595779419,_;_;_;64;40;512
2,181,mh_fast,mh_attention_project_frag_c512,block45,1280,32,1310720,19.367599487,19.443399429,0.075800002,28.595779419,_;_;_;_;2560;0;60;36;64;4;4
2,182,mh,mh_shift_pack,block47,5120,256,1310720,19.447120667,19.504999161,0.057879999,28.595779419,_;_;60;36;64;40;0;4;512;0
2,183,deep_fast,split_mix_blocked_h16w,block47,1280,32,1310720,19.512519836,19.588439941,0.075920001,28.595779419,_;_;_;2560
2,184,deep_fast,split_ffn_fused_fp8_t8,block47,1280,128,1310720,19.592159271,19.659559250,0.067400001,28.595779419,_;_;_;_;2560
2,185,deep_fast,split_projection_frag,block47,1280,32,1310720,19.661079407,19.718200684,0.057119999,28.595779419,_;_;_;_;_;2560
2,186,mh_fast,mh_qkv_normalize_frag_c512,block47,3840,32,3932160,19.722600937,19.801319122,0.078720003,28.595779419,_;_;_;2560
2,187,mh_fused,mh_attention_fused_fp8_out,block47,640,128,640,19.803960800,19.862760544,0.058800001,28.595779419,_;_;_;64;40;512
2,188,mh_fast,mh_attention_project_frag_c512,block47,1280,32,1310720,19.864200592,19.936800003,0.072600000,28.595779419,_;_;_;_;2560;0;60;36;64;0;4
2,189,deep_fast,decoder_project2x_h16w_byteout,block48,2160,32,552960,19.940559387,20.037599564,0.097039998,28.595779419,_;_;_;_;60;36;120;72;512;256
2,190,mh_fast,mh_ffn_fused_c256_frag_project_g128_qkv_bytein_fb,block48,540,512,2211840,20.039199829,20.159200668,0.119999997,28.595779419,_;_;_;_;_;8640;120;72;120;0;0
2,191,mh_fused,c256_attention_project_fb_bout_diag,block48,135,512,135,20.160640717,20.248279572,0.087640002,28.595779419,_;_;_;_;120;72;0;0;0;0;0
2,192,mh_fast,mh_ffn_fused_c256_frag_project_mapped_g128_qkv_bytein_fb,block49,640,512,2621440,20.249919891,20.378400803,0.128480002,28.595779419,_;_;_;_;_;10240;120;72;128;4;4
2,193,mh_fused,c256_attention_project_fb_bout_diag,block49,160,512,160,20.379760742,20.475839615,0.096079998,28.595779419,_;_;_;_;128;80;4;120;72;4;4
2,194,mh_fast,mh_ffn_fused_c256_frag_project_mapped_g128_qkv_bytein_fb,block50,576,512,2359296,20.477519989,20.628200531,0.150680006,28.595779419,_;_;_;_;_;9216;120;72;128;4;0
2,195,mh_fused,c256_attention_project_fb_bout_diag,block50,144,512,144,20.629720688,20.723840714,0.094120003,28.595779419,_;_;_;_;128;72;4;120;72;4;0
2,196,mh_fast,mh_ffn_fused_c256_frag_project_mapped_g128_qkv_bytein_fb,block51,600,512,2457600,20.725519180,20.852960587,0.127440006,28.595779419,_;_;_;_;_;9600;120;72;120;0;4
2,197,mh_fused,c256_attention_project_fb_bout_diag,block51,150,512,150,20.854360580,20.949840546,0.095480002,28.595779419,_;_;_;_;120;80;4;120;72;0;4
2,198,mh_fast,mh_ffn_fused_c256_frag_project_g128_qkv_bytein_fb,block52,540,512,2211840,20.951480865,21.073959351,0.122479998,28.595779419,_;_;_;_;_;8640;120;72;120;0;0
2,199,mh_fused,c256_attention_project_fb_bout_diag,block52,135,512,135,21.075359344,21.163160324,0.087800004,28.595779419,_;_;_;_;120;72;4;0;0;0;0
2,200,mh_fast,mh_ffn_fused_c256_frag_project_mapped_g128_qkv_bytein_fb,block53,640,512,2621440,21.164680481,21.296720505,0.132039994,28.595779419,_;_;_;_;_;10240;120;72;128;4;4
2,201,mh_fused,c256_attention_project_fb_bout_diag,block53,160,512,160,21.299400330,21.396560669,0.097159997,28.595779419,_;_;_;_;128;80;4;120;72;4;4
2,202,mh_fast,mh_ffn_fused_c256_frag_project_mapped_g128_qkv_bytein_fb,block54,576,512,2359296,21.398239136,21.534120560,0.135879993,28.595779419,_;_;_;_;_;9216;120;72;128;4;0
2,203,mh_fused,c256_attention_project_fb_bout_diag,block54,144,512,144,21.535600662,21.607479095,0.071879998,28.595779419,_;_;_;_;128;72;4;120;72;4;0
2,204,mh_fast,mh_ffn_fused_c256_frag_project_mapped_g128_qkv_bytein_fb,block55,600,512,2457600,21.609239578,21.732360840,0.123120002,28.595779419,_;_;_;_;_;9600;120;72;120;0;4
2,205,mh_fused,c256_attention_project_fb_diag,block55,150,512,150,21.735000610,21.832639694,0.097640000,28.595779419,_;_;_;_;120;80;0;120;72;0;4
2,206,deep_fast,decoder_project2x_h16w_byteout,block56,4320,32,1105920,21.834720612,21.948919296,0.114200003,28.595779419,_;_;_;_;120;72;240;144;256;128
2,207,mh_fast,mh_ffn_fused_c128_project_mapped_g128_qkv_bytein_fb,block56,2232,256,4571136,21.950599670,22.100599289,0.150000006,28.595779419,_;_;_;_;_;35712;240;144;248;4;0
2,208,mh_fused,c128_attention_project_fb_bout_diag,block56,558,512,558,22.102039337,22.208400726,0.106360003,28.595779419,_;_;_;_;248;144;4;240;144;4;0
2,209,mh_fast,mh_ffn_fused_c128_project_mapped_g128_qkv_bytein_fb,block57,2280,256,4669440,22.209880829,22.353359222,0.143480003,28.595779419,_;_;_;_;_;36480;240;144;240;0;4
2,210,mh_fused,c128_attention_project_fb_bout_diag,block57,570,512,570,22.361120224,22.441600800,0.080480002,28.595779419,_;_;_;_;240;152;4;240;144;0;4
2,211,mh_fast,mh_ffn_fused_c128_project_g128_qkv_bytein_fb,block58,2160,256,4423680,22.443080902,22.581199646,0.138119996,28.595779419,_;_;_;_;_;34560;240;144;240;0;0
2,212,mh_fused,c128_attention_project_fb_bout_diag,block58,540,512,540,22.583879471,22.679079056,0.095200002,28.595779419,_;_;_;_;240;144;4;0;0;0;0
2,213,mh_fast,mh_ffn_fused_c128_project_mapped_g128_qkv_bytein_fb,block59,2356,256,4825088,22.680559158,22.830959320,0.150399998,28.595779419,_;_;_;_;_;37696;240;144;248;4;4
2,214,mh_fused,c128_attention_project_fb_bout_diag,block59,589,512,589,22.837320328,22.923999786,0.086680003,28.595779419,_;_;_;_;248;152;4;240;144;4;4
2,215,mh_fast,mh_ffn_fused_c128_project_mapped_g128_qkv_bytein_fb,block60,2232,256,4571136,22.925439835,23.080240250,0.154799998,28.595779419,_;_;_;_;_;35712;240;144;248;4;0
2,216,mh_fused,c128_attention_project_fb_bout_diag,block60,558,512,558,23.081680298,23.191040039,0.109360002,28.595779419,_;_;_;_;248;144;4;240;144;4;0
2,217,mh_fast,mh_ffn_fused_c128_project_mapped_g128_qkv_bytein_fb,block61,2280,256,4669440,23.192560196,23.339120865,0.146559998,28.595779419,_;_;_;_;_;36480;240;144;240;0;4
2,218,mh_fused,c128_attention_project_fb_diag,block61,570,512,570,23.345960617,23.435239792,0.089280002,28.595779419,_;_;_;_;240;152;0;240;144;0;4
2,219,deep_fast,decoder_project2x_h16w_byteout,block62,8640,32,2211840,23.436960220,23.587480545,0.150519997,28.595779419,_;_;_;_;240;144;480;288;128;64
2,220,mh_fast,mh_ffn_fused_c64_project_g128_qkv_bytein_fb,block62,8640,128,8847360,23.589160919,23.768920898,0.179759994,28.595779419,_;_;_;_;_;138240;480;288;480;0;0
2,221,mh_fused,c64_attention_project_fb_bout_diag,block62,2160,256,2160,23.770320892,23.902639389,0.132320002,28.595779419,_;_;_;_;480;288;4;0;0;0;0
2,222,mh_fast,mh_ffn_fused_c64_project_mapped_g128_qkv_bytein_fb,block63,9028,128,9244672,23.904039383,24.119039536,0.215000004,28.595779419,_;_;_;_;_;144448;480;288;488;4;4
2,223,mh_fused,c64_attention_project_fb_bout_diag,block63,2257,256,2257,24.120479584,24.279359818,0.158879995,28.595779419,_;_;_;_;488;296;4;480;288;4;4
2,224,mh_fast,mh_ffn_fused_c64_project_mapped_g128_qkv_bytein_fb,block64,8784,128,8994816,24.280799866,24.492959976,0.212160006,28.595779419,_;_;_;_;_;140544;480;288;488;4;0
2,225,mh_fused,c64_attention_project_fb_bout_diag,block64,2196,256,2196,24.494400024,24.649719238,0.155320004,28.595779419,_;_;_;_;488;288;4;480;288;4;0
2,226,mh_fast,mh_ffn_fused_c64_project_mapped_g128_qkv_bytein_fb,block65,8880,128,9093120,24.651279449,24.860359192,0.209079996,28.595779419,_;_;_;_;_;142080;480;288;480;0;4
2,227,mh_fused,c64_attention_project_fb_diag,block65,2220,256,2220,24.861839294,25.026639938,0.164800003,28.595779419,_;_;_;_;480;296;0;480;288;0;4
2,228,deep_fast,decoder_project2x_h16w,block69,17280,32,4423680,25.028200150,25.366559982,0.338360012,28.595779419,_;_;_;_;480;288;960;576;64;32
2,229,c32_fused_ffn,c32_fast_ffn_attention_fused_half_mapped,block69,8640,128,8640,25.369600296,25.754680634,0.385080010,28.595779419,_;_;_;_;8640;0;1;960;576;0;0
2,230,c32_fused_ffn,c32_fast_ffn_attention_fused_half_chain,block69,8833,128,8833,25.756080627,26.146080017,0.389999986,28.595779419,_;_;_;_;8833;3;1;960;576;4;4;960;0;0
2,231,c32_fused_ffn,c32_fast_ffn_attention_fused_half_chain,block69,8712,128,8712,26.147680283,26.537979126,0.390300006,28.595779419,_;_;_;_;8712;3;1;960;576;4;0;968;4;4
2,232,c32_fused_ffn,c32_fast_ffn_attention_fused_half_chain_finish,block69,8760,128,8760,26.539579391,26.963779449,0.424199998,28.595779419,_;_;_;_;_;8760;3;1;960;576;0;4;968;4;0
2,233,c32_fused_ffn,c32_post_merge_head_half,block70,34945,128,34945,26.965339661,28.524980545,1.559640050,28.595779419,_;_;_;_;_;_;_;_;34945;1920;1152;4;4;_
3,0,c32_fused_ffn,c32_fast_ffn_attention_fused_half_prefix_finish_main8,pre-down,34560,128,34560,0.005840000,1.572520018,1.566679955,28.724000931,_;_;_;_;_;_;34560;0;1;1920;1152;0;0
3,1,c32_fused_ffn,c32_fast_ffn_attention_fused_half_mapped,block4,8640,128,8640,1.579959989,1.992280006,0.412319988,28.724000931,_;_;_;_;8640;0;1;960;576;0;0
3,2,c32_fused_ffn,c32_fast_ffn_attention_fused_half_chain,block4,8833,128,8833,1.993720055,2.371639967,0.377920002,28.724000931,_;_;_;_;8833;3;1;960;576;4;4;960;0;0
3,3,c32_fused_ffn,c32_fast_ffn_attention_fused_half_chain,block4,8712,128,8712,2.373199940,2.763799906,0.390599996,28.724000931,_;_;_;_;8712;3;1;960;576;4;0;968;4;4
3,4,c32_fused_ffn,c32_fast_ffn_attention_fused_half_chain_finish_dcrop,block4,8760,128,8760,2.765399933,3.206279993,0.440880001,28.724000931,_;_;_;_;_;8760;3;1;960;576;0;4;968;4;0
3,5,mh_fast,mh_pool_project_production_h16w,block5,34560,32,8847360,3.207920074,3.326240063,0.118320003,28.724000931,_;_;_;480;288;0;0;32
3,6,mh_fast,mh_ffn_fused_c64_project_g128_qkv_fb,block5,8640,128,8847360,3.334759951,3.518640041,0.183880001,28.724000931,_;_;_;_;_;138240;480;288;480;0;0
3,7,mh_fused,c64_attention_project_fb_bout_diag,block5,2160,256,2160,3.520040035,3.673199892,0.153160006,28.724000931,_;_;_;_;480;288;4;0;0;0;0
3,8,mh_fast,mh_ffn_fused_c64_project_mapped_g128_qkv_bytein_fb,block6,9028,128,9244672,3.674599886,3.885279894,0.210679993,28.724000931,_;_;_;_;_;144448;480;288;488;4;4
3,9,mh_fused,c64_attention_project_fb_bout_diag,block6,2257,256,2257,3.886640072,4.042439938,0.155800000,28.724000931,_;_;_;_;488;296;4;480;288;4;4
3,10,mh_fast,mh_ffn_fused_c64_project_mapped_g128_qkv_bytein_fb,block7,8784,128,8994816,4.043879986,4.248600006,0.204720005,28.724000931,_;_;_;_;_;140544;480;288;488;4;0
3,11,mh_fused,c64_attention_project_fb_bout_diag,block7,2196,256,2196,4.249959946,4.402319908,0.152360007,28.724000931,_;_;_;_;488;288;4;480;288;4;0
3,12,mh_fast,mh_ffn_fused_c64_project_mapped_g128_qkv_bytein_fb,block8,8880,128,9093120,4.403800011,4.614999771,0.211199999,28.724000931,_;_;_;_;_;142080;480;288;480;0;4
3,13,mh_fused,c64_attention_project_fb_diag,block8,2220,256,2220,4.616360188,4.770760059,0.154400006,28.724000931,_;_;_;_;480;296;3;480;288;0;4
3,14,mh_fast,mh_pool_project_group_c64,block9,2160,64,4423680,4.772359848,4.864759922,0.092399999,28.724000931,_;_;_;240;144;480;0;0
3,15,mh_fast,mh_ffn_fused_c128_project_g128_qkv_fb,block9,2160,256,4423680,4.868720055,5.019080162,0.150360003,28.724000931,_;_;_;_;_;34560;240;144;240;0;0
3,16,mh_fused,c128_attention_project_fb_bout_diag,block9,540,512,540,5.020440102,5.115240097,0.094800003,28.724000931,_;_;_;_;240;144;4;0;0;0;0
3,17,mh_fast,mh_ffn_fused_c128_project_mapped_g128_qkv_bytein_fb,block10,2356,256,4825088,5.116720200,5.273560047,0.156839997,28.724000931,_;_;_;_;_;37696;240;144;248;4;4
3,18,mh_fused,c128_attention_project_fb_bout_diag,block10,589,512,589,5.281760216,5.385759830,0.104000002,28.724000931,_;_;_;_;248;152;4;240;144;4;4
3,19,mh_fast,mh_ffn_fused_c128_project_mapped_g128_qkv_bytein_fb,block11,2232,256,4571136,5.387199879,5.546279907,0.159079999,28.724000931,_;_;_;_;_;35712;240;144;248;4;0
3,20,mh_fused,c128_attention_project_fb_bout_diag,block11,558,512,558,5.547639847,5.653200150,0.105559997,28.724000931,_;_;_;_;248;144;4;240;144;4;0
3,21,mh_fast,mh_ffn_fused_c128_project_mapped_g128_qkv_bytein_fb,block12,2280,256,4669440,5.654679775,5.804959774,0.150279999,28.724000931,_;_;_;_;_;36480;240;144;240;0;4
3,22,mh_fused,c128_attention_project_fb_bout_diag,block12,570,512,570,5.813159943,5.915319920,0.102159999,28.724000931,_;_;_;_;240;152;4;240;144;0;4
3,23,mh_fast,mh_ffn_fused_c128_project_g128_qkv_bytein_fb,block13,2160,256,4423680,5.916759968,6.061079979,0.144319996,28.724000931,_;_;_;_;_;34560;240;144;240;0;0
3,24,mh_fused,c128_attention_project_fb_bout_diag,block13,540,512,540,6.062399864,6.157839775,0.095440000,28.724000931,_;_;_;_;240;144;4;0;0;0;0
3,25,mh_fast,mh_ffn_fused_c128_project_mapped_g128_qkv_bytein_fb,block14,2356,256,4825088,6.159279823,6.315120220,0.155839995,28.724000931,_;_;_;_;_;37696;240;144;248;4;4
3,26,mh_fused,c128_attention_project_fb_diag,block14,589,512,589,6.323359966,6.428120136,0.104759999,28.724000931,_;_;_;_;248;152;3;240;144;4;4
3,27,mh_fast,mh_pool_project_group_c128,block15,540,128,2211840,6.429560184,6.497719765,0.068159997,28.724000931,_;_;_;120;72;240;0;0
3,28,mh_fast,mh_ffn_fused_c256_frag_project_g128_qkv_fb,block15,540,512,2211840,6.500480175,6.623119831,0.122639999,28.724000931,_;_;_;_;_;8640;120;72;120;0;0
3,29,mh_fused,c256_attention_project_fb_bout_diag,block15,135,512,135,6.624639988,6.710519791,0.085879996,28.724000931,_;_;_;_;120;72;4;0;0;0;0
3,30,mh_fast,mh_ffn_fused_c256_frag_project_mapped_g128_qkv_bytein_fb,block16,640,512,2621440,6.712039948,6.841760159,0.129720002,28.724000931,_;_;_;_;_;10240;120;72;128;4;4
3,31,mh_fused,c256_attention_project_fb_bout_diag,block16,160,512,160,6.843160152,6.935800076,0.092639998,28.724000931,_;_;_;_;128;80;4;120;72;4;4
3,32,mh_fast,mh_ffn_fused_c256_frag_project_mapped_g128_qkv_bytein_fb,block17,576,512,2359296,6.937520027,7.069479942,0.131960005,28.724000931,_;_;_;_;_;9216;120;72;128;4;0
3,33,mh_fused,c256_attention_project_fb_bout_diag,block17,144,512,144,7.070960045,7.161920071,0.090960003,28.724000931,_;_;_;_;128;72;4;120;72;4;0
3,34,mh_fast,mh_ffn_fused_c256_frag_project_mapped_g128_qkv_bytein_fb,block18,600,512,2457600,7.163680077,7.286640167,0.122960001,28.724000931,_;_;_;_;_;9600;120;72;120;0;4
3,35,mh_fused,c256_attention_project_fb_bout_diag,block18,150,512,150,7.289319992,7.383039951,0.093719997,28.724000931,_;_;_;_;120;80;4;120;72;0;4
3,36,mh_fast,mh_ffn_fused_c256_frag_project_g128_qkv_bytein_fb,block19,540,512,2211840,7.384799957,7.505159855,0.120360002,28.724000931,_;_;_;_;_;8640;120;72;120;0;0
3,37,mh_fused,c256_attention_project_fb_bout_diag,block19,135,512,135,7.506559849,7.593039989,0.086479999,28.724000931,_;_;_;_;120;72;4;0;0;0;0
3,38,mh_fast,mh_ffn_fused_c256_frag_project_mapped_g128_qkv_bytein_fb,block20,640,512,2621440,7.594560146,7.725240231,0.130679995,28.724000931,_;_;_;_;_;10240;120;72;128;4;4
3,39,mh_fused,c256_attention_project_fb_bout_diag,block20,160,512,160,7.726640224,7.819320202,0.092680000,28.724000931,_;_;_;_;128;80;4;120;72;4;4
3,40,mh_fast,mh_ffn_fused_c256_frag_project_mapped_g128_qkv_bytein_fb,block21,576,512,2359296,7.821239948,7.953599930,0.132359996,28.724000931,_;_;_;_;_;9216;120;72;128;4;0
3,41,mh_fused,c256_attention_project_fb_bout_diag,block21,144,512,144,7.955080032,8.045999527,0.090920001,28.724000931,_;_;_;_;128;72;4;120;72;4;0
3,42,mh_fast,mh_ffn_fused_c256_frag_project_mapped_g128_qkv_bytein_fb,block22,600,512,2457600,8.047760010,8.171919823,0.124159999,28.724000931,_;_;_;_;_;9600;120;72;120;0;4
3,43,mh_fused,c256_attention_project_fb_diag,block22,150,512,150,8.173279762,8.270039558,0.096759997,28.724000931,_;_;_;_;120;80;3;120;72;0;4
3,44,mh_fast,mh_pool_project_group_c256,block23,135,256,1105920,8.272000313,8.332320213,0.060320001,28.724000931,_;_;_;60;36;120;0;0
3,45,mh,mh_shift_pack,block23,5120,256,1310720,8.336000443,8.393239975,0.057240002,28.724000931,_;_;60;36;64;40;0;0;512;0
3,46,deep_fast,split_mix_blocked_h16w,block23,1280,32,1310720,8.400799751,8.473360062,0.072559997,28.724000931,_;_;_;2560
3,47,deep_fast,split_ffn_fused_fp8_t8,block23,1280,128,1310720,8.477080345,8.544199944,0.067120001,28.724000931,_;_;_;_;2560
3,48,deep_fast,split_projection_frag,block23,1280,32,1310720,8.545639992,8.603599548,0.057960000,28.724000931,_;_;_;_;_;2560
3,49,mh_fast,mh_qkv_normalize_frag_c512,block23,3840,32,3932160,8.607959747,8.689080238,0.081119999,28.724000931,_;_;_;2560
3,50,mh_fused,mh_attention_fused_fp8_out,block23,640,128,640,8.690440178,8.754440308,0.064000003,28.724000931,_;_;_;64;40;512
3,51,mh_fast,mh_attention_project_frag_c512,block23,1280,32,1310720,8.755840302,8.825839996,0.070000000,28.724000931,_;_;_;_;2560;0;60;36;64;0;0
3,52,mh,mh_shift_pack,block24,5120,256,1310720,8.829600334,8.885479927,0.055879999,28.724000931,_;_;60;36;64;40;4;4;512;0
3,53,deep_fast,split_mix_blocked_h16w,block24,1280,32,1310720,8.891480446,8.965239525,0.073760003,28.724000931,_;_;_;2560
3,54,deep_fast,split_ffn_fused_fp8_t8,block24,1280,128,1310720,8.968959808,9.036439896,0.067479998,28.724000931,_;_;_;_;2560
3,55,deep_fast,split_projection_frag,block24,1280,32,1310720,9.037919998,9.095879555,0.057960000,28.724000931,_;_;_;_;_;2560
3,56,mh_fast,mh_qkv_normalize_frag_c512,block24,3840,32,3932160,9.100319862,9.182479858,0.082160003,28.724000931,_;_;_;2560
3,57,mh_fused,mh_attention_fused_fp8_out,block24,640,128,640,9.183879852,9.247879982,0.064000003,28.724000931,_;_;_;64;40;512
3,58,mh_fast,mh_attention_project_frag_c512,block24,1280,32,1310720,9.249279976,9.320039749,0.070759997,28.724000931,_;_;_;_;2560;0;60;36;64;4;4
3,59,mh,mh_shift_pack,block25,5120,256,1310720,9.323800087,9.380479813,0.056680001,28.724000931,_;_;60;36;64;40;4;0;512;0
3,60,deep_fast,split_mix_blocked_h16w,block25,1280,32,1310720,9.388400078,9.438240051,0.049840000,28.724000931,_;_;_;2560
3,61,deep_fast,split_ffn_fused_fp8_t8,block25,1280,128,1310720,9.441960335,9.513079643,0.071120001,28.724000931,_;_;_;_;2560
3,62,deep_fast,split_projection_frag,block25,1280,32,1310720,9.514679909,9.567159653,0.052480001,28.724000931,_;_;_;_;_;2560
3,63,mh_fast,mh_qkv_normalize_frag_c512,block25,3840,32,3932160,9.571519852,9.649000168,0.077480003,28.724000931,_;_;_;2560
3,64,mh_fused,mh_attention_fused_fp8_out,block25,640,128,640,9.650400162,9.713760376,0.063359998,28.724000931,_;_;_;64;40;512
3,65,mh_fast,mh_attention_project_frag_c512,block25,1280,32,1310720,9.715200424,9.785440445,0.070239998,28.724000931,_;_;_;_;2560;0;60;36;64;4;0
3,66,mh,mh_shift_pack,block26,5120,256,1310720,9.789159775,9.845720291,0.056559999,28.724000931,_;_;60;36;64;40;0;4;512;0
3,67,deep_fast,split_mix_blocked_h16w,block26,1280,32,1310720,9.851519585,9.925840378,0.074320003,28.724000931,_;_;_;2560
3,68,deep_fast,split_ffn_fused_fp8_t8,block26,1280,128,1310720,9.929599762,9.997159958,0.067560002,28.724000931,_;_;_;_;2560
3,69,deep_fast,split_projection_frag,block26,1280,32,1310720,9.998640060,10.057959557,0.059319999,28.724000931,_;_;_;_;_;2560
3,70,mh_fast,mh_qkv_normalize_frag_c512,block26,3840,32,3932160,10.062359810,10.141839981,0.079480000,28.724000931,_;_;_;2560
3,71,mh_fused,mh_attention_fused_fp8_out,block26,640,128,640,10.144519806,10.182720184,0.038199998,28.724000931,_;_;_;64;40;512
3,72,mh_fast,mh_attention_project_frag_c512,block26,1280,32,1310720,10.184120178,10.249839783,0.065719999,28.724000931,_;_;_;_;2560;0;60;36;64;0;4
3,73,mh,mh_shift_pack,block27,5120,256,1310720,10.253600121,10.310159683,0.056559999,28.724000931,_;_;60;36;64;40;0;0;512;0
3,74,deep_fast,split_mix_blocked_h16w,block27,1280,32,1310720,10.317600250,10.365559578,0.047959998,28.724000931,_;_;_;2560
3,75,deep_fast,split_ffn_fused_fp8_t8,block27,1280,128,1310720,10.369199753,10.437919617,0.068719998,28.724000931,_;_;_;_;2560
3,76,deep_fast,split_projection_frag,block27,1280,32,1310720,10.439359665,10.502400398,0.063040003,28.724000931,_;_;_;_;_;2560
3,77,mh_fast,mh_qkv_normalize_frag_c512,block27,3840,32,3932160,10.506679535,10.588600159,0.081919998,28.724000931,_;_;_;2560
3,78,mh_fused,mh_attention_fused_fp8_out,block27,640,128,640,10.589960098,10.654199600,0.064240001,28.724000931,_;_;_;64;40;512
3,79,mh_fast,mh_attention_project_frag_c512,block27,1280,32,1310720,10.655639648,10.727359772,0.071719997,28.724000931,_;_;_;_;2560;0;60;36;64;0;0
3,80,mh,mh_shift_pack,block28,5120,256,1310720,10.731080055,10.788479805,0.057399999,28.724000931,_;_;60;36;64;40;4;4;512;0
3,81,deep_fast,split_mix_blocked_h16w,block28,1280,32,1310720,10.794639587,10.846360207,0.051720001,28.724000931,_;_;_;2560
3,82,deep_fast,split_ffn_fused_fp8_t8,block28,1280,128,1310720,10.850079536,10.916799545,0.066720001,28.724000931,_;_;_;_;2560
3,83,deep_fast,split_projection_frag,block28,1280,32,1310720,10.918279648,10.976920128,0.058639999,28.724000931,_;_;_;_;_;2560
3,84,mh_fast,mh_qkv_normalize_frag_c512,block28,3840,32,3932160,10.981240273,11.060480118,0.079240002,28.724000931,_;_;_;2560
3,85,mh_fused,mh_attention_fused_fp8_out,block28,640,128,640,11.063079834,11.127880096,0.064800002,28.724000931,_;_;_;64;40;512
3,86,mh_fast,mh_attention_project_frag_c512,block28,1280,32,1310720,11.129320145,11.202159882,0.072839998,28.724000931,_;_;_;_;2560;0;60;36;64;4;4
3,87,mh,mh_shift_pack,block29,5120,256,1310720,11.205880165,11.262319565,0.056439999,28.724000931,_;_;60;36;64;40;4;0;512;0
3,88,deep_fast,split_mix_blocked_h16w,block29,1280,32,1310720,11.269920349,11.341719627,0.071800001,28.724000931,_;_;_;2560
3,89,deep_fast,split_ffn_fused_fp8_t8,block29,1280,128,1310720,11.345479965,11.413640022,0.068159997,28.724000931,_;_;_;_;2560
3,90,deep_fast,split_projection_frag,block29,1280,32,1310720,11.415240288,11.472040176,0.056800000,28.724000931,_;_;_;_;_;2560
3,91,mh_fast,mh_qkv_normalize_frag_c512,block29,3840,32,3932160,11.476360321,11.558959961,0.082599998,28.724000931,_;_;_;2560
3,92,mh_fused,mh_attention_fused_fp8_out,block29,640,128,640,11.560319901,11.624839783,0.064520001,28.724000931,_;_;_;64;40;512
3,93,mh_fast,mh_attention_project_frag_c512,block29,1280,32,1310720,11.626279831,11.695719719,0.069440000,28.724000931,_;_;_;_;2560;0;60;36;64;4;0
3,94,mh,mh_shift_pack,block30,5120,256,1310720,11.699440002,11.756079674,0.056639999,28.724000931,_;_;60;36;64;40;0;4;512;0
3,95,deep_fast,split_mix_blocked_h16w,block30,1280,32,1310720,11.762319565,11.836720467,0.074400000,28.724000931,_;_;_;2560
3,96,deep_fast,split_ffn_fused_fp8_t8,block30,1280,128,1310720,11.840439796,11.907400131,0.066960000,28.724000931,_;_;_;_;2560
3,97,deep_fast,split_projection_frag,block30,1280,32,1310720,11.908880234,11.967359543,0.058479998,28.724000931,_;_;_;_;_;2560
3,98,mh_fast,mh_qkv_normalize_frag_c512,block30,3840,32,3932160,11.971719742,12.055040359,0.083319999,28.724000931,_;_;_;2560
3,99,mh_fused,mh_attention_fused_fp8_out,block30,640,128,640,12.056440353,12.121040344,0.064599998,28.724000931,_;_;_;64;40;512
3,100,mh_fast,mh_attention_project_frag_c512,block30,1280,32,1310720,12.122480392,12.192480087,0.070000000,28.724000931,_;_;_;_;2560;3;60;36;64;0;4
3,101,mh,mh_pool,head,1280,256,327680,12.196279526,12.247079849,0.050799999,28.724000931,_;_;32;20;60;30;18;512
3,102,mh_fast,mh_pool_project_production_h16w,head,2560,32,655360,12.253600121,12.398440361,0.144840002,28.724000931,_;_;_;32;20;30;18;512
3,103,deep,vit_gather,block31,2560,256,655360,12.400320053,12.455439568,0.055119999,28.724000931,_;_;_;655360
3,104,deep_fast,vit_pack_input,block31,640,256,163840,12.462160110,12.508799553,0.046640001,28.724000931,_;_;655360
3,105,deep_fast,vit_expand_blocked_fp8_frag_bytein,block31,2560,32,2621440,12.515119553,12.594160080,0.079039998,28.724000931,_;_;_;640;1024;4096
3,106,deep_fast,vit_contract_blocked_fp8_frag,block31,640,32,655360,12.595840454,12.681280136,0.085440002,28.724000931,_;_;_;_;640;4096;1024
3,107,deep_fast,vit_qkv_project_normalize_fused_f16compact_fp8_frag,block31,3840,32,1966080,12.684080124,12.799400330,0.115319997,28.724000931,_;_;_;640
3,108,deep_fast,vit_attention_fused_640_bytein,block31,1280,32,327680,12.801079750,12.880599976,0.079520002,28.724000931,_;_;640
3,109,deep_fast,vit_project_frag,block31,2560,32,655360,12.883359909,12.998880386,0.115520000,28.724000931,_;_;_;_;640;1024;1024
3,110,deep_fast,vit_pack_input,block32,640,256,163840,13.000960350,13.050160408,0.049199998,28.724000931,_;_;655360
3,111,deep_fast,vit_expand_blocked_fp8_frag_bytein,block32,2560,32,2621440,13.055159569,13.136199951,0.081040002,28.724000931,_;_;_;640;1024;4096
3,112,deep_fast,vit_contract_blocked_fp8_frag,block32,640,32,655360,13.137880325,13.227640152,0.089759998,28.724000931,_;_;_;_;640;4096;1024
3,113,deep_fast,vit_qkv_project_normalize_fused_f16compact_fp8_frag,block32,3840,32,1966080,13.230440140,13.347359657,0.116920002,28.724000931,_;_;_;640
3,114,deep_fast,vit_attention_fused_640_bytein,block32,1280,32,327680,13.349040031,13.450039864,0.101000004,28.724000931,_;_;640
3,115,deep_fast,vit_project_frag,block32,2560,32,655360,13.452799797,13.568160057,0.115359999,28.724000931,_;_;_;_;640;1024;1024
3,116,deep_fast,vit_pack_input,block33,640,256,163840,13.570199966,13.619759560,0.049559999,28.724000931,_;_;655360
3,117,deep_fast,vit_expand_blocked_fp8_frag_bytein,block33,2560,32,2621440,13.624719620,13.706640244,0.081919998,28.724000931,_;_;_;640;1024;4096
3,118,deep_fast,vit_contract_blocked_fp8_frag,block33,640,32,655360,13.708319664,13.794879913,0.086560003,28.724000931,_;_;_;_;640;4096;1024
3,119,deep_fast,vit_qkv_project_normalize_fused_f16compact_fp8_frag,block33,3840,32,1966080,13.797639847,13.914919853,0.117279999,28.724000931,_;_;_;640
3,120,deep_fast,vit_attention_fused_640_bytein,block33,1280,32,327680,13.916560173,14.016400337,0.099840000,28.724000931,_;_;640
3,121,deep_fast,vit_project_frag,block33,2560,32,655360,14.019120216,14.134920120,0.115800001,28.724000931,_;_;_;_;640;1024;1024
3,122,deep_fast,vit_pack_input,block34,640,256,163840,14.136960030,14.186880112,0.049920000,28.724000931,_;_;655360
3,123,deep_fast,vit_expand_blocked_fp8_frag_bytein,block34,2560,32,2621440,14.191880226,14.274999619,0.083120003,28.724000931,_;_;_;640;1024;4096
3,124,deep_fast,vit_contract_blocked_fp8_frag,block34,640,32,655360,14.276679993,14.363400459,0.086719997,28.724000931,_;_;_;_;640;4096;1024
3,125,deep_fast,vit_qkv_project_normalize_fused_f16compact_fp8_frag,block34,3840,32,1966080,14.366160393,14.483079910,0.116920002,28.724000931,_;_;_;640
3,126,deep_fast,vit_attention_fused_640_bytein,block34,1280,32,327680,14.484760284,14.586480141,0.101719998,28.724000931,_;_;640
3,127,deep_fast,vit_project_frag,block34,2560,32,655360,14.589240074,14.732119560,0.142879993,28.724000931,_;_;_;_;640;1024;1024
3,128,deep_fast,vit_pack_input,block35,640,256,163840,14.734199524,14.783080101,0.048880000,28.724000931,_;_;655360
3,129,deep_fast,vit_expand_blocked_fp8_frag_bytein,block35,2560,32,2621440,14.788040161,14.870759964,0.082719997,28.724000931,_;_;_;640;1024;4096
3,130,deep_fast,vit_contract_blocked_fp8_frag,block35,640,32,655360,14.872520447,14.958160400,0.085639998,28.724000931,_;_;_;_;640;4096;1024
3,131,deep_fast,vit_qkv_project_normalize_fused_f16compact_fp8_frag,block35,3840,32,1966080,14.960880280,15.076479912,0.115599997,28.724000931,_;_;_;640
3,132,deep_fast,vit_attention_fused_640_bytein,block35,1280,32,327680,15.078160286,15.178640366,0.100479998,28.724000931,_;_;640
3,133,deep_fast,vit_project_frag,block35,2560,32,655360,15.181360245,15.321319580,0.139960006,28.724000931,_;_;_;_;640;1024;1024
3,134,deep_fast,vit_pack_input,block36,640,256,163840,15.323320389,15.372079849,0.048760001,28.724000931,_;_;655360
3,135,deep_fast,vit_expand_blocked_fp8_frag_bytein,block36,2560,32,2621440,15.377120018,15.456279755,0.079159997,28.724000931,_;_;_;640;1024;4096
3,136,deep_fast,vit_contract_blocked_fp8_frag,block36,640,32,655360,15.458000183,15.545040131,0.087040000,28.724000931,_;_;_;_;640;4096;1024
3,137,deep_fast,vit_qkv_project_normalize_fused_f16compact_fp8_frag,block36,3840,32,1966080,15.547840118,15.663040161,0.115199998,28.724000931,_;_;_;640
3,138,deep_fast,vit_attention_fused_640_bytein,block36,1280,32,327680,15.664719582,15.764840126,0.100120001,28.724000931,_;_;640
3,139,deep_fast,vit_project_frag,block36,2560,32,655360,15.767560005,15.904319763,0.136759996,28.724000931,_;_;_;_;640;1024;1024
3,140,deep_fast,vit_pack_input,block37,640,256,163840,15.906399727,15.956199646,0.049800001,28.724000931,_;_;655360
3,141,deep_fast,vit_expand_blocked_fp8_frag_bytein,block37,2560,32,2621440,15.960920334,16.064439774,0.103519998,28.724000931,_;_;_;640;1024;4096
3,142,deep_fast,vit_contract_blocked_fp8_frag,block37,640,32,655360,16.066160202,16.151359558,0.085199997,28.724000931,_;_;_;_;640;4096;1024
3,143,deep_fast,vit_qkv_project_normalize_fused_f16compact_fp8_frag,block37,3840,32,1966080,16.154079437,16.267040253,0.112960003,28.724000931,_;_;_;640
3,144,deep_fast,vit_attention_fused_640_bytein,block37,1280,32,327680,16.268680573,16.369039536,0.100359999,28.724000931,_;_;640
3,145,deep_fast,vit_project_frag,block37,2560,32,655360,16.371799469,16.511880875,0.140080005,28.724000931,_;_;_;_;640;1024;1024
3,146,deep_fast,vit_pack_input,block38,640,256,163840,16.513919830,16.563440323,0.049520001,28.724000931,_;_;655360
3,147,deep_fast,vit_expand_blocked_fp8_frag_bytein,block38,2560,32,2621440,16.568479538,16.651199341,0.082719997,28.724000931,_;_;_;640;1024;4096
3,148,deep_fast,vit_contract_blocked_fp8_frag,block38,640,32,655360,16.652919769,16.739440918,0.086520001,28.724000931,_;_;_;_;640;4096;1024
3,149,deep_fast,vit_qkv_project_normalize_fused_f16compact_fp8_frag,block38,3840,32,1966080,16.742240906,16.858840942,0.116599999,28.724000931,_;_;_;640
3,150,deep_fast,vit_attention_fused_640_bytein,block38,1280,32,327680,16.860519409,16.961519241,0.101000004,28.724000931,_;_;640
3,151,deep_fast,vit_project_frag,block38,2560,32,655360,16.964279175,17.103519440,0.139239997,28.724000931,_;_;_;_;640;1024;1024
3,152,deep,vit_gather,block39,2560,256,655360,17.105600357,17.160160065,0.054559998,28.724000931,_;_;_;655360
3,153,deep_fast,decoder_project2x_h16w,block39,1280,32,327680,17.165519714,17.253160477,0.087640002,28.724000931,_;_;_;_;32;20;60;36;1024;512
3,154,mh,mh_shift_pack,block40,5120,256,1310720,17.256200790,17.315120697,0.058920000,28.724000931,_;_;60;36;64;40;0;0;512;0
3,155,deep_fast,split_mix_blocked_h16w,block40,1280,32,1310720,17.321599960,17.395240784,0.073639996,28.724000931,_;_;_;2560
3,156,deep_fast,split_ffn_fused_fp8_t8,block40,1280,128,1310720,17.398960114,17.474039078,0.075080000,28.724000931,_;_;_;_;2560
3,157,deep_fast,split_projection_frag,block40,1280,32,1310720,17.475519180,17.534200668,0.058680002,28.724000931,_;_;_;_;_;2560
3,158,mh_fast,mh_qkv_normalize_frag_c512,block40,3840,32,3932160,17.538480759,17.620399475,0.081919998,28.724000931,_;_;_;2560
3,159,mh_fused,mh_attention_fused_fp8_out,block40,640,128,640,17.623079300,17.684000015,0.060920000,28.724000931,_;_;_;64;40;512
3,160,mh_fast,mh_attention_project_frag_c512,block40,1280,32,1310720,17.685400009,17.757320404,0.071920000,28.724000931,_;_;_;_;2560;0;60;36;64;0;0
3,161,mh,mh_shift_pack,block41,5120,256,1310720,17.761039734,17.818399429,0.057360001,28.724000931,_;_;60;36;64;40;4;4;512;0
3,162,deep_fast,split_mix_blocked_h16w,block41,1280,32,1310720,17.826040268,17.898599625,0.072559997,28.724000931,_;_;_;2560
3,163,deep_fast,split_ffn_fused_fp8_t8,block41,1280,128,1310720,17.902320862,17.973320007,0.071000002,28.724000931,_;_;_;_;2560
3,164,deep_fast,split_projection_frag,block41,1280,32,1310720,17.974880219,18.034639359,0.059760001,28.724000931,_;_;_;_;_;2560
3,165,mh_fast,mh_qkv_normalize_frag_c512,block41,3840,32,3932160,18.038999557,18.119640350,0.080640003,28.724000931,_;_;_;2560
3,166,mh_fused,mh_attention_fused_fp8_out,block41,640,128,640,18.122280121,18.182559967,0.060279999,28.724000931,_;_;_;64;40;512
3,167,mh_fast,mh_attention_project_frag_c512,block41,1280,32,1310720,18.183959961,18.257680893,0.073720001,28.724000931,_;_;_;_;2560;0;60;36;64;4;4
3,168,mh,mh_shift_pack,block44,5120,256,1310720,18.261400223,18.319080353,0.057680000,28.724000931,_;_;60;36;64;40;0;0;512;0
3,169,deep_fast,split_mix_blocked_h16w,block44,1280,32,1310720,18.325639725,18.398880005,0.073239997,28.724000931,_;_;_;2560
3,170,deep_fast,split_ffn_fused_fp8_t8,block44,1280,128,1310720,18.402639389,18.474519730,0.071879998,28.724000931,_;_;_;_;2560
3,171,deep_fast,split_projection_frag,block44,1280,32,1310720,18.476039886,18.537120819,0.061080001,28.724000931,_;_;_;_;_;2560
3,172,mh_fast,mh_qkv_normalize_frag_c512,block44,3840,32,3932160,18.541439056,18.621879578,0.080440000,28.724000931,_;_;_;2560
3,173,mh_fused,mh_attention_fused_fp8_out,block44,640,128,640,18.624519348,18.708719254,0.084200002,28.724000931,_;_;_;64;40;512
3,174,mh_fast,mh_attention_project_frag_c512,block44,1280,32,1310720,18.710119247,18.787599564,0.077480003,28.724000931,_;_;_;_;2560;0;60;36;64;0;0
3,175,mh,mh_shift_pack,block45,5120,256,1310720,18.791280746,18.850559235,0.059280001,28.724000931,_;_;60;36;64;40;4;4;512;0
3,176,deep_fast,split_mix_blocked_h16w,block45,1280,32,1310720,18.857959747,18.932119370,0.074160002,28.724000931,_;_;_;2560
3,177,deep_fast,split_ffn_fused_fp8_t8,block45,1280,128,1310720,18.935880661,19.009599686,0.073720001,28.724000931,_;_;_;_;2560
3,178,deep_fast,split_projection_frag,block45,1280,32,1310720,19.011119843,19.071199417,0.060079999,28.724000931,_;_;_;_;_;2560
3,179,mh_fast,mh_qkv_normalize_frag_c512,block45,3840,32,3932160,19.075599670,19.157720566,0.082120001,28.724000931,_;_;_;2560
3,180,mh_fused,mh_attention_fused_fp8_out,block45,640,128,640,19.159040451,19.226320267,0.067280002,28.724000931,_;_;_;64;40;512
3,181,mh_fast,mh_attention_project_frag_c512,block45,1280,32,1310720,19.227680206,19.300079346,0.072400004,28.724000931,_;_;_;_;2560;0;60;36;64;4;4
3,182,mh,mh_shift_pack,block47,5120,256,1310720,19.303800583,19.362079620,0.058279999,28.724000931,_;_;60;36;64;40;0;4;512;0
3,183,deep_fast,split_mix_blocked_h16w,block47,1280,32,1310720,19.368320465,19.442600250,0.074280001,28.724000931,_;_;_;2560
3,184,deep_fast,split_ffn_fused_fp8_t8,block47,1280,128,1310720,19.446319580,19.513559341,0.067240000,28.724000931,_;_;_;_;2560
3,185,deep_fast,split_projection_frag,block47,1280,32,1310720,19.515079498,19.577039719,0.061960001,28.724000931,_;_;_;_;_;2560
3,186,mh_fast,mh_qkv_normalize_frag_c512,block47,3840,32,3932160,19.581359863,19.664319992,0.082960002,28.724000931,_;_;_;2560
3,187,mh_fused,mh_attention_fused_fp8_out,block47,640,128,640,19.665679932,19.733119965,0.067440003,28.724000931,_;_;_;64;40;512
3,188,mh_fast,mh_attention_project_frag_c512,block47,1280,32,1310720,19.734519958,19.807760239,0.073239997,28.724000931,_;_;_;_;2560;0;60;36;64;0;4
3,189,deep_fast,decoder_project2x_h16w_byteout,block48,2160,32,552960,19.811519623,19.908840179,0.097319998,28.724000931,_;_;_;_;60;36;120;72;512;256
3,190,mh_fast,mh_ffn_fused_c256_frag_project_g128_qkv_bytein_fb,block48,540,512,2211840,19.910440445,20.034120560,0.123680003,28.724000931,_;_;_;_;_;8640;120;72;120;0;0
3,191,mh_fused,c256_attention_project_fb_bout_diag,block48,135,512,135,20.035520554,20.126600266,0.091080002,28.724000931,_;_;_;_;120;72;0;0;0;0;0
3,192,mh_fast,mh_ffn_fused_c256_frag_project_mapped_g128_qkv_bytein_fb,block49,640,512,2621440,20.128240585,20.259639740,0.131400004,28.724000931,_;_;_;_;_;10240;120;72;128;4;4
3,193,mh_fused,c256_attention_project_fb_bout_diag,block49,160,512,160,20.260999680,20.363800049,0.102799997,28.724000931,_;_;_;_;128;80;4;120;72;4;4
3,194,mh_fast,mh_ffn_fused_c256_frag_project_mapped_g128_qkv_bytein_fb,block50,576,512,2359296,20.365600586,20.499639511,0.134039998,28.724000931,_;_;_;_;_;9216;120;72;128;4;0
3,195,mh_fused,c256_attention_project_fb_bout_diag,block50,144,512,144,20.501159668,20.596519470,0.095360003,28.724000931,_;_;_;_;128;72;4;120;72;4;0
3,196,mh_fast,mh_ffn_fused_c256_frag_project_mapped_g128_qkv_bytein_fb,block51,600,512,2457600,20.598279953,20.723800659,0.125520006,28.724000931,_;_;_;_;_;9600;120;72;120;0;4
3,197,mh_fused,c256_attention_project_fb_bout_diag,block51,150,512,150,20.725200653,20.821519852,0.096320003,28.724000931,_;_;_;_;120;80;4;120;72;0;4
3,198,mh_fast,mh_ffn_fused_c256_frag_project_g128_qkv_bytein_fb,block52,540,512,2211840,20.823240280,20.945680618,0.122440003,28.724000931,_;_;_;_;_;8640;120;72;120;0;0
3,199,mh_fused,c256_attention_project_fb_bout_diag,block52,135,512,135,20.947120667,21.035839081,0.088720001,28.724000931,_;_;_;_;120;72;4;0;0;0;0
3,200,mh_fast,mh_ffn_fused_c256_frag_project_mapped_g128_qkv_bytein_fb,block53,640,512,2621440,21.037359238,21.167919159,0.130559996,28.724000931,_;_;_;_;_;10240;120;72;128;4;4
3,201,mh_fused,c256_attention_project_fb_bout_diag,block53,160,512,160,21.169319153,21.266199112,0.096879996,28.724000931,_;_;_;_;128;80;4;120;72;4;4
3,202,mh_fast,mh_ffn_fused_c256_frag_project_mapped_g128_qkv_bytein_fb,block54,576,512,2359296,21.267959595,21.396360397,0.128399998,28.724000931,_;_;_;_;_;9216;120;72;128;4;0
3,203,mh_fused,c256_attention_project_fb_bout_diag,block54,144,512,144,21.397960663,21.492879868,0.094920002,28.724000931,_;_;_;_;128;72;4;120;72;4;0
3,204,mh_fast,mh_ffn_fused_c256_frag_project_mapped_g128_qkv_bytein_fb,block55,600,512,2457600,21.494640350,21.621879578,0.127240002,28.724000931,_;_;_;_;_;9600;120;72;120;0;4
3,205,mh_fused,c256_attention_project_fb_diag,block55,150,512,150,21.623199463,21.722360611,0.099160001,28.724000931,_;_;_;_;120;80;0;120;72;0;4
3,206,deep_fast,decoder_project2x_h16w_byteout,block56,4320,32,1105920,21.724559784,21.839759827,0.115199998,28.724000931,_;_;_;_;120;72;240;144;256;128
3,207,mh_fast,mh_ffn_fused_c128_project_mapped_g128_qkv_bytein_fb,block56,2232,256,4571136,21.841360092,22.018800735,0.177440003,28.724000931,_;_;_;_;_;35712;240;144;248;4;0
3,208,mh_fused,c128_attention_project_fb_bout_diag,block56,558,512,558,22.020240784,22.130920410,0.110679999,28.724000931,_;_;_;_;248;144;4;240;144;4;0
3,209,mh_fast,mh_ffn_fused_c128_project_mapped_g128_qkv_bytein_fb,block57,2280,256,4669440,22.132440567,22.280679703,0.148240000,28.724000931,_;_;_;_;_;36480;240;144;240;0;4
3,210,mh_fused,c128_attention_project_fb_bout_diag,block57,570,512,570,22.288919449,22.393880844,0.104960002,28.724000931,_;_;_;_;240;152;4;240;144;0;4
3,211,mh_fast,mh_ffn_fused_c128_project_g128_qkv_bytein_fb,block58,2160,256,4423680,22.395360947,22.537040710,0.141680002,28.724000931,_;_;_;_;_;34560;240;144;240;0;0
3,212,mh_fused,c128_attention_project_fb_bout_diag,block58,540,512,540,22.539720535,22.638479233,0.098760001,28.724000931,_;_;_;_;240;144;4;0;0;0;0
3,213,mh_fast,mh_ffn_fused_c128_project_mapped_g128_qkv_bytein_fb,block59,2356,256,4825088,22.639959335,22.797119141,0.157159999,28.724000931,_;_;_;_;_;37696;240;144;248;4;4
3,214,mh_fused,c128_attention_project_fb_bout_diag,block59,589,512,589,22.805360794,22.912639618,0.107280001,28.724000931,_;_;_;_;248;152;4;240;144;4;4
3,215,mh_fast,mh_ffn_fused_c128_project_mapped_g128_qkv_bytein_fb,block60,2232,256,4571136,22.914039612,23.069280624,0.155239999,28.724000931,_;_;_;_;_;35712;240;144;248;4;0
3,216,mh_fused,c128_attention_project_fb_bout_diag,block60,558,512,558,23.070680618,23.179359436,0.108680002,28.724000931,_;_;_;_;248;144;4;240;144;4;0
3,217,mh_fast,mh_ffn_fused_c128_project_mapped_g128_qkv_bytein_fb,block61,2280,256,4669440,23.180799484,23.327079773,0.146280006,28.724000931,_;_;_;_;_;36480;240;144;240;0;4
3,218,mh_fused,c128_attention_project_fb_diag,block61,570,512,570,23.334960938,23.445760727,0.110799998,28.724000931,_;_;_;_;240;152;0;240;144;0;4
3,219,deep_fast,decoder_project2x_h16w_byteout,block62,8640,32,2211840,23.447399139,23.601520538,0.154119998,28.724000931,_;_;_;_;240;144;480;288;128;64
3,220,mh_fast,mh_ffn_fused_c64_project_g128_qkv_bytein_fb,block62,8640,128,8847360,23.603160858,23.791200638,0.188040003,28.724000931,_;_;_;_;_;138240;480;288;480;0;0
3,221,mh_fused,c64_attention_project_fb_bout_diag,block62,2160,256,2160,23.792600632,23.925279617,0.132679999,28.724000931,_;_;_;_;480;288;4;0;0;0;0
3,222,mh_fast,mh_ffn_fused_c64_project_mapped_g128_qkv_bytein_fb,block63,9028,128,9244672,23.926679611,24.142280579,0.215599999,28.724000931,_;_;_;_;_;144448;480;288;488;4;4
3,223,mh_fused,c64_attention_project_fb_bout_diag,block63,2257,256,2257,24.143640518,24.304599762,0.160960004,28.724000931,_;_;_;_;488;296;4;480;288;4;4
3,224,mh_fast,mh_ffn_fused_c64_project_mapped_g128_qkv_bytein_fb,block64,8784,128,8994816,24.306079865,24.516000748,0.209920004,28.724000931,_;_;_;_;_;140544;480;288;488;4;0
3,225,mh_fused,c64_attention_project_fb_bout_diag,block64,2196,256,2196,24.517360687,24.673080444,0.155719995,28.724000931,_;_;_;_;488;288;4;480;288;4;0
3,226,mh_fast,mh_ffn_fused_c64_project_mapped_g128_qkv_bytein_fb,block65,8880,128,9093120,24.674560547,24.884399414,0.209840000,28.724000931,_;_;_;_;_;142080;480;288;480;0;4
3,227,mh_fused,c64_attention_project_fb_diag,block65,2220,256,2220,24.885759354,25.068599701,0.182840005,28.724000931,_;_;_;_;480;296;0;480;288;0;4
3,228,deep_fast,decoder_project2x_h16w,block69,17280,32,4423680,25.070240021,25.410320282,0.340079993,28.724000931,_;_;_;_;480;288;960;576;64;32
3,229,c32_fused_ffn,c32_fast_ffn_attention_fused_half_mapped,block69,8640,128,8640,25.413280487,25.818899155,0.405620009,28.724000931,_;_;_;_;8640;0;1;960;576;0;0
3,230,c32_fused_ffn,c32_fast_ffn_attention_fused_half_chain,block69,8833,128,8833,25.820339203,26.210100174,0.389759988,28.724000931,_;_;_;_;8833;3;1;960;576;4;4;960;0;0
3,231,c32_fused_ffn,c32_fast_ffn_attention_fused_half_chain,block69,8712,128,8712,26.211700439,26.589700699,0.377999991,28.724000931,_;_;_;_;8712;3;1;960;576;4;0;968;4;4
3,232,c32_fused_ffn,c32_fast_ffn_attention_fused_half_chain_finish,block69,8760,128,8760,26.591379166,27.030500412,0.439119995,28.724000931,_;_;_;_;_;8760;3;1;960;576;0;4;968;4;0
3,233,c32_fused_ffn,c32_post_merge_head_half,block70,34945,128,34945,27.032100677,28.575300217,1.543200016,28.724000931,_;_;_;_;_;_;_;_;34945;1920;1152;4;4;_
4,0,c32_fused_ffn,c32_fast_ffn_attention_fused_half_prefix_finish_main8,pre-down,34560,128,34560,0.004320000,1.537439942,1.533120036,28.253379822,_;_;_;_;_;_;34560;0;1;1920;1152;0;0
4,1,c32_fused_ffn,c32_fast_ffn_attention_fused_half_mapped,block4,8640,128,8640,1.544999957,1.951760054,0.406760007,28.253379822,_;_;_;_;8640;0;1;960;576;0;0
4,2,c32_fused_ffn,c32_fast_ffn_attention_fused_half_chain,block4,8833,128,8833,1.953160048,2.348439932,0.395280004,28.253379822,_;_;_;_;8833;3;1;960;576;4;4;960;0;0
4,3,c32_fused_ffn,c32_fast_ffn_attention_fused_half_chain,block4,8712,128,8712,2.349999905,2.736959934,0.386960000,28.253379822,_;_;_;_;8712;3;1;960;576;4;0;968;4;4
4,4,c32_fused_ffn,c32_fast_ffn_attention_fused_half_chain_finish_dcrop,block4,8760,128,8760,2.738559961,3.161119938,0.422560006,28.253379822,_;_;_;_;_;8760;3;1;960;576;0;4;968;4;0
4,5,mh_fast,mh_pool_project_production_h16w,block5,34560,32,8847360,3.162719965,3.267240047,0.104520001,28.253379822,_;_;_;480;288;0;0;32
4,6,mh_fast,mh_ffn_fused_c64_project_g128_qkv_fb,block5,8640,128,8847360,3.274280071,3.462680101,0.188400000,28.253379822,_;_;_;_;_;138240;480;288;480;0;0
4,7,mh_fused,c64_attention_project_fb_bout_diag,block5,2160,256,2160,3.463999987,3.604640007,0.140640005,28.253379822,_;_;_;_;480;288;4;0;0;0;0
4,8,mh_fast,mh_ffn_fused_c64_project_mapped_g128_qkv_bytein_fb,block6,9028,128,9244672,3.606080055,3.809360027,0.203280002,28.253379822,_;_;_;_;_;144448;480;288;488;4;4
4,9,mh_fused,c64_attention_project_fb_bout_diag,block6,2257,256,2257,3.810760021,3.969399929,0.158639997,28.253379822,_;_;_;_;488;296;4;480;288;4;4
4,10,mh_fast,mh_ffn_fused_c64_project_mapped_g128_qkv_bytein_fb,block7,8784,128,8994816,3.970799923,4.182000160,0.211199999,28.253379822,_;_;_;_;_;140544;480;288;488;4;0
4,11,mh_fused,c64_attention_project_fb_bout_diag,block7,2196,256,2196,4.183400154,4.351280212,0.167879999,28.253379822,_;_;_;_;488;288;4;480;288;4;0
4,12,mh_fast,mh_ffn_fused_c64_project_mapped_g128_qkv_bytein_fb,block8,8880,128,9093120,4.352759838,4.563039780,0.210280001,28.253379822,_;_;_;_;_;142080;480;288;480;0;4
4,13,mh_fused,c64_attention_project_fb_diag,block8,2220,256,2220,4.564400196,4.717919827,0.153520003,28.253379822,_;_;_;_;480;296;3;480;288;0;4
4,14,mh_fast,mh_pool_project_group_c64,block9,2160,64,4423680,4.719480038,4.811759949,0.092280000,28.253379822,_;_;_;240;144;480;0;0
4,15,mh_fast,mh_ffn_fused_c128_project_g128_qkv_fb,block9,2160,256,4423680,4.815760136,4.961760044,0.145999998,28.253379822,_;_;_;_;_;34560;240;144;240;0;0
4,16,mh_fused,c128_attention_project_fb_bout_diag,block9,540,512,540,4.963079929,5.058040142,0.094959997,28.253379822,_;_;_;_;240;144;4;0;0;0;0
4,17,mh_fast,mh_ffn_fused_c128_project_mapped_g128_qkv_bytein_fb,block10,2356,256,4825088,5.059519768,5.211279869,0.151759997,28.253379822,_;_;_;_;_;37696;240;144;248;4;4
4,18,mh_fused,c128_attention_project_fb_bout_diag,block10,589,512,589,5.218120098,5.326039791,0.107919998,28.253379822,_;_;_;_;248;152;4;240;144;4;4
4,19,mh_fast,mh_ffn_fused_c128_project_mapped_g128_qkv_bytein_fb,block11,2232,256,4571136,5.327479839,5.483039856,0.155560002,28.253379822,_;_;_;_;_;35712;240;144;248;4;0
4,20,mh_fused,c128_attention_project_fb_bout_diag,block11,558,512,558,5.484439850,5.592599869,0.108159997,28.253379822,_;_;_;_;248;144;4;240;144;4;0
4,21,mh_fast,mh_ffn_fused_c128_project_mapped_g128_qkv_bytein_fb,block12,2280,256,4669440,5.594079971,5.743680000,0.149599999,28.253379822,_;_;_;_;_;36480;240;144;240;0;4
4,22,mh_fused,c128_attention_project_fb_bout_diag,block12,570,512,570,5.750440121,5.854279995,0.103840001,28.253379822,_;_;_;_;240;152;4;240;144;0;4
4,23,mh_fast,mh_ffn_fused_c128_project_g128_qkv_bytein_fb,block13,2160,256,4423680,5.855720043,5.999320030,0.143600002,28.253379822,_;_;_;_;_;34560;240;144;240;0;0
4,24,mh_fused,c128_attention_project_fb_bout_diag,block13,540,512,540,6.000679970,6.097239971,0.096560001,28.253379822,_;_;_;_;240;144;4;0;0;0;0
4,25,mh_fast,mh_ffn_fused_c128_project_mapped_g128_qkv_bytein_fb,block14,2356,256,4825088,6.098680019,6.253119946,0.154440001,28.253379822,_;_;_;_;_;37696;240;144;248;4;4
4,26,mh_fused,c128_attention_project_fb_diag,block14,589,512,589,6.260000229,6.366720200,0.106720001,28.253379822,_;_;_;_;248;152;3;240;144;4;4
4,27,mh_fast,mh_pool_project_group_c128,block15,540,128,2211840,6.368199825,6.436600208,0.068400003,28.253379822,_;_;_;120;72;240;0;0
4,28,mh_fast,mh_ffn_fused_c256_frag_project_g128_qkv_fb,block15,540,512,2211840,6.439360142,6.563280106,0.123920001,28.253379822,_;_;_;_;_;8640;120;72;120;0;0
4,29,mh_fused,c256_attention_project_fb_bout_diag,block15,135,512,135,6.564720154,6.650599957,0.085879996,28.253379822,_;_;_;_;120;72;4;0;0;0;0
4,30,mh_fast,mh_ffn_fused_c256_frag_project_mapped_g128_qkv_bytein_fb,block16,640,512,2621440,6.652080059,6.782239914,0.130160004,28.253379822,_;_;_;_;_;10240;120;72;128;4;4
4,31,mh_fused,c256_attention_project_fb_bout_diag,block16,160,512,160,6.784840107,6.879559994,0.094719999,28.253379822,_;_;_;_;128;80;4;120;72;4;4
4,32,mh_fast,mh_ffn_fused_c256_frag_project_mapped_g128_qkv_bytein_fb,block17,576,512,2359296,6.881199837,7.015160084,0.133959994,28.253379822,_;_;_;_;_;9216;120;72;128;4;0
4,33,mh_fused,c256_attention_project_fb_bout_diag,block17,144,512,144,7.016679764,7.107520103,0.090839997,28.253379822,_;_;_;_;128;72;4;120;72;4;0
4,34,mh_fast,mh_ffn_fused_c256_frag_project_mapped_g128_qkv_bytein_fb,block18,600,512,2457600,7.109280109,7.236519814,0.127240002,28.253379822,_;_;_;_;_;9600;120;72;120;0;4
4,35,mh_fused,c256_attention_project_fb_bout_diag,block18,150,512,150,7.237880230,7.329999924,0.092119999,28.253379822,_;_;_;_;120;80;4;120;72;0;4
4,36,mh_fast,mh_ffn_fused_c256_frag_project_g128_qkv_bytein_fb,block19,540,512,2211840,7.331719875,7.453279972,0.121560000,28.253379822,_;_;_;_;_;8640;120;72;120;0;0
4,37,mh_fused,c256_attention_project_fb_bout_diag,block19,135,512,135,7.454720020,7.540559769,0.085840002,28.253379822,_;_;_;_;120;72;4;0;0;0;0
4,38,mh_fast,mh_ffn_fused_c256_frag_project_mapped_g128_qkv_bytein_fb,block20,640,512,2621440,7.542039871,7.671480179,0.129439995,28.253379822,_;_;_;_;_;10240;120;72;128;4;4
4,39,mh_fused,c256_attention_project_fb_bout_diag,block20,160,512,160,7.674039841,7.768720150,0.094679996,28.253379822,_;_;_;_;128;80;4;120;72;4;4
4,40,mh_fast,mh_ffn_fused_c256_frag_project_mapped_g128_qkv_bytein_fb,block21,576,512,2359296,7.770319939,7.906280041,0.135959998,28.253379822,_;_;_;_;_;9216;120;72;128;4;0
4,41,mh_fused,c256_attention_project_fb_bout_diag,block21,144,512,144,7.907760143,7.998960018,0.091200002,28.253379822,_;_;_;_;128;72;4;120;72;4;0
4,42,mh_fast,mh_ffn_fused_c256_frag_project_mapped_g128_qkv_bytein_fb,block22,600,512,2457600,8.000679970,8.150719643,0.150040001,28.253379822,_;_;_;_;_;9600;120;72;120;0;4
4,43,mh_fused,c256_attention_project_fb_diag,block22,150,512,150,8.152079582,8.247799873,0.095720001,28.253379822,_;_;_;_;120;80;3;120;72;0;4
4,44,mh_fast,mh_pool_project_group_c256,block23,135,256,1105920,8.249879837,8.311920166,0.062040001,28.253379822,_;_;_;60;36;120;0;0
4,45,mh,mh_shift_pack,block23,5120,256,1310720,8.315560341,8.375080109,0.059519999,28.253379822,_;_;60;36;64;40;0;0;512;0
4,46,deep_fast,split_mix_blocked_h16w,block23,1280,32,1310720,8.382880211,8.455120087,0.072240002,28.253379822,_;_;_;2560
4,47,deep_fast,split_ffn_fused_fp8_t8,block23,1280,128,1310720,8.458840370,8.527480125,0.068640001,28.253379822,_;_;_;_;2560
4,48,deep_fast,split_projection_frag,block23,1280,32,1310720,8.528920174,8.585840225,0.056919999,28.253379822,_;_;_;_;_;2560
4,49,mh_fast,mh_qkv_normalize_frag_c512,block23,3840,32,3932160,8.590200424,8.669159889,0.078960001,28.253379822,_;_;_;2560
4,50,mh_fused,mh_attention_fused_fp8_out,block23,640,128,640,8.671799660,8.736720085,0.064920001,28.253379822,_;_;_;64;40;512
4,51,mh_fast,mh_attention_project_frag_c512,block23,1280,32,1310720,8.738160133,8.812040329,0.073880002,28.253379822,_;_;_;_;2560;0;60;36;64;0;0
4,52,mh,mh_shift_pack,block24,5120,256,1310720,8.815799713,8.871959686,0.056159999,28.253379822,_;_;60;36;64;40;4;4;512;0
4,53,deep_fast,split_mix_blocked_h16w,block24,1280,32,1310720,8.879280090,8.952879906,0.073600002,28.253379822,_;_;_;2560
4,54,deep_fast,split_ffn_fused_fp8_t8,block24,1280,128,1310720,8.956600189,9.025520325,0.068920001,28.253379822,_;_;_;_;2560
4,55,deep_fast,split_projection_frag,block24,1280,32,1310720,9.027000427,9.084360123,0.057360001,28.253379822,_;_;_;_;_;2560
4,56,mh_fast,mh_qkv_normalize_frag_c512,block24,3840,32,3932160,9.088839531,9.168840408,0.079999998,28.253379822,_;_;_;2560
4,57,mh_fused,mh_attention_fused_fp8_out,block24,640,128,640,9.171440125,9.209759712,0.038320001,28.253379822,_;_;_;64;40;512
4,58,mh_fast,mh_attention_project_frag_c512,block24,1280,32,1310720,9.211199760,9.276639938,0.065439999,28.253379822,_;_;_;_;2560;0;60;36;64;4;4
4,59,mh,mh_shift_pack,block25,5120,256,1310720,9.280360222,9.336879730,0.056520000,28.253379822,_;_;60;36;64;40;4;0;512;0
4,60,deep_fast,split_mix_blocked_h16w,block25,1280,32,1310720,9.343319893,9.394200325,0.050880000,28.253379822,_;_;_;2560
4,61,deep_fast,split_ffn_fused_fp8_t8,block25,1280,128,1310720,9.397879601,9.467000008,0.069119997,28.253379822,_;_;_;_;2560
4,62,deep_fast,split_projection_frag,block25,1280,32,1310720,9.468480110,9.526399612,0.057920001,28.253379822,_;_;_;_;_;2560
4,63,mh_fast,mh_qkv_normalize_frag_c512,block25,3840,32,3932160,9.530719757,9.612039566,0.081320003,28.253379822,_;_;_;2560
4,64,mh_fused,mh_attention_fused_fp8_out,block25,640,128,640,9.613400459,9.675720215,0.062320001,28.253379822,_;_;_;64;40;512
4,65,mh_fast,mh_attention_project_frag_c512,block25,1280,32,1310720,9.677120209,9.746800423,0.069679998,28.253379822,_;_;_;_;2560;0;60;36;64;4;0
4,66,mh,mh_shift_pack,block26,5120,256,1310720,9.750519753,9.806320190,0.055799998,28.253379822,_;_;60;36;64;40;0;4;512;0
4,67,deep_fast,split_mix_blocked_h16w,block26,1280,32,1310720,9.813839912,9.884840012,0.071000002,28.253379822,_;_;_;2560
4,68,deep_fast,split_ffn_fused_fp8_t8,block26,1280,128,1310720,9.888680458,9.960559845,0.071879998,28.253379822,_;_;_;_;2560
4,69,deep_fast,split_projection_frag,block26,1280,32,1310720,9.962039948,10.019080162,0.057039998,28.253379822,_;_;_;_;_;2560
4,70,mh_fast,mh_qkv_normalize_frag_c512,block26,3840,32,3932160,10.023480415,10.102479935,0.079000004,28.253379822,_;_;_;2560
4,71,mh_fused,mh_attention_fused_fp8_out,block26,640,128,640,10.106559753,10.164039612,0.057480000,28.253379822,_;_;_;64;40;512
4,72,mh_fast,mh_attention_project_frag_c512,block26,1280,32,1310720,10.165439606,10.235799789,0.070359997,28.253379822,_;_;_;_;2560;0;60;36;64;0;4
4,73,mh,mh_shift_pack,block27,5120,256,1310720,10.239520073,10.295960426,0.056439999,28.253379822,_;_;60;36;64;40;0;0;512;0
4,74,deep_fast,split_mix_blocked_h16w,block27,1280,32,1310720,10.302120209,10.374600410,0.072480001,28.253379822,_;_;_;2560
4,75,deep_fast,split_ffn_fused_fp8_t8,block27,1280,128,1310720,10.378319740,10.448240280,0.069920003,28.253379822,_;_;_;_;2560
4,76,deep_fast,split_projection_frag,block27,1280,32,1310720,10.449720383,10.509039879,0.059319999,28.253379822,_;_;_;_;_;2560
4,77,mh_fast,mh_qkv_normalize_frag_c512,block27,3840,32,3932160,10.513400078,10.592559814,0.079159997,28.253379822,_;_;_;2560
4,78,mh_fused,mh_attention_fused_fp8_out,block27,640,128,640,10.595159531,10.656720161,0.061560001,28.253379822,_;_;_;64;40;512
4,79,mh_fast,mh_attention_project_frag_c512,block27,1280,32,1310720,10.658160210,10.727680206,0.069519997,28.253379822,_;_;_;_;2560;0;60;36;64;0;0
4,80,mh,mh_shift_pack,block28,5120,256,1310720,10.731479645,10.787799835,0.056320000,28.253379822,_;_;60;36;64;40;4;4;512;0
4,81,deep_fast,split_mix_blocked_h16w,block28,1280,32,1310720,10.794159889,10.844679832,0.050519999,28.253379822,_;_;_;2560
4,82,deep_fast,split_ffn_fused_fp8_t8,block28,1280,128,1310720,10.848400116,10.916640282,0.068240002,28.253379822,_;_;_;_;2560
4,83,deep_fast,split_projection_frag,block28,1280,32,1310720,10.918120384,10.976119995,0.057999998,28.253379822,_;_;_;_;_;2560
4,84,mh_fast,mh_qkv_normalize_frag_c512,block28,3840,32,3932160,10.980480194,11.060560226,0.080080003,28.253379822,_;_;_;2560
4,85,mh_fused,mh_attention_fused_fp8_out,block28,640,128,640,11.061960220,11.124679565,0.062720001,28.253379822,_;_;_;64;40;512
4,86,mh_fast,mh_attention_project_frag_c512,block28,1280,32,1310720,11.126119614,11.197520256,0.071400002,28.253379822,_;_;_;_;2560;0;60;36;64;4;4
4,87,mh,mh_shift_pack,block29,5120,256,1310720,11.201239586,11.257280350,0.056040000,28.253379822,_;_;60;36;64;40;4;0;512;0
4,88,deep_fast,split_mix_blocked_h16w,block29,1280,32,1310720,11.263719559,11.336680412,0.072959997,28.253379822,_;_;_;2560
4,89,deep_fast,split_ffn_fused_fp8_t8,block29,1280,128,1310720,11.340399742,11.406800270,0.066399999,28.253379822,_;_;_;_;2560
4,90,deep_fast,split_projection_frag,block29,1280,32,1310720,11.408320427,11.469840050,0.061519999,28.253379822,_;_;_;_;_;2560
4,91,mh_fast,mh_qkv_normalize_frag_c512,block29,3840,32,3932160,11.474160194,11.578960419,0.104800001,28.253379822,_;_;_;2560
4,92,mh_fused,mh_attention_fused_fp8_out,block29,640,128,640,11.580280304,11.644760132,0.064479999,28.253379822,_;_;_;64;40;512
4,93,mh_fast,mh_attention_project_frag_c512,block29,1280,32,1310720,11.646160126,11.713439941,0.067280002,28.253379822,_;_;_;_;2560;0;60;36;64;4;0
4,94,mh,mh_shift_pack,block30,5120,256,1310720,11.717160225,11.773639679,0.056480002,28.253379822,_;_;60;36;64;40;0;4;512;0
4,95,deep_fast,split_mix_blocked_h16w,block30,1280,32,1310720,11.779720306,11.853320122,0.073600002,28.253379822,_;_;_;2560
4,96,deep_fast,split_ffn_fused_fp8_t8,block30,1280,128,1310720,11.857040405,11.927519798,0.070479997,28.253379822,_;_;_;_;2560
4,97,deep_fast,split_projection_frag,block30,1280,32,1310720,11.929039955,11.987400055,0.058359999,28.253379822,_;_;_;_;_;2560
4,98,mh_fast,mh_qkv_normalize_frag_c512,block30,3840,32,3932160,11.991760254,12.071999550,0.080239996,28.253379822,_;_;_;2560
4,99,mh_fused,mh_attention_fused_fp8_out,block30,640,128,640,12.073320389,12.138879776,0.065559998,28.253379822,_;_;_;64;40;512
4,100,mh_fast,mh_attention_project_frag_c512,block30,1280,32,1310720,12.140319824,12.209520340,0.069200002,28.253379822,_;_;_;_;2560;3;60;36;64;0;4
4,101,mh,mh_pool,head,1280,256,327680,12.213239670,12.262960434,0.049720000,28.253379822,_;_;32;20;60;30;18;512
4,102,mh_fast,mh_pool_project_production_h16w,head,2560,32,655360,12.268239975,12.405320168,0.137079999,28.253379822,_;_;_;32;20;30;18;512
4,103,deep,vit_gather,block31,2560,256,655360,12.407119751,12.459280014,0.052159999,28.253379822,_;_;_;655360
4,104,deep_fast,vit_pack_input,block31,640,256,163840,12.466320038,12.489239693,0.022919999,28.253379822,_;_;655360
4,105,deep_fast,vit_expand_blocked_fp8_frag_bytein,block31,2560,32,2621440,12.494079590,12.569840431,0.075759999,28.253379822,_;_;_;640;1024;4096
4,106,deep_fast,vit_contract_blocked_fp8_frag,block31,640,32,655360,12.571559906,12.657999992,0.086439997,28.253379822,_;_;_;_;640;4096;1024
4,107,deep_fast,vit_qkv_project_normalize_fused_f16compact_fp8_frag,block31,3840,32,1966080,12.660759926,12.776120186,0.115359999,28.253379822,_;_;_;640
4,108,deep_fast,vit_attention_fused_640_bytein,block31,1280,32,327680,12.777799606,12.876999855,0.099200003,28.253379822,_;_;640
4,109,deep_fast,vit_project_frag,block31,2560,32,655360,12.879759789,13.017319679,0.137559995,28.253379822,_;_;_;_;640;1024;1024
4,110,deep_fast,vit_pack_input,block32,640,256,163840,13.019359589,13.067239761,0.047880001,28.253379822,_;_;655360
4,111,deep_fast,vit_expand_blocked_fp8_frag_bytein,block32,2560,32,2621440,13.072039604,13.155599594,0.083559997,28.253379822,_;_;_;640;1024;4096
4,112,deep_fast,vit_contract_blocked_fp8_frag,block32,640,32,655360,13.157320023,13.244119644,0.086800002,28.253379822,_;_;_;_;640;4096;1024
4,113,deep_fast,vit_qkv_project_normalize_fused_f16compact_fp8_frag,block32,3840,32,1966080,13.246919632,13.363240242,0.116319999,28.253379822,_;_;_;640
4,114,deep_fast,vit_attention_fused_640_bytein,block32,1280,32,327680,13.364919662,13.463720322,0.098800004,28.253379822,_;_;640
4,115,deep_fast,vit_project_frag,block32,2560,32,655360,13.466480255,13.578880310,0.112400003,28.253379822,_;_;_;_;640;1024;1024
4,116,deep_fast,vit_pack_input,block33,640,256,163840,13.580920219,13.609399796,0.028480001,28.253379822,_;_;655360
4,117,deep_fast,vit_expand_blocked_fp8_frag_bytein,block33,2560,32,2621440,13.615519524,13.696160316,0.080640003,28.253379822,_;_;_;640;1024;4096
4,118,deep_fast,vit_contract_blocked_fp8_frag,block33,640,32,655360,13.697879791,13.784239769,0.086360000,28.253379822,_;_;_;_;640;4096;1024
4,119,deep_fast,vit_qkv_project_normalize_fused_f16compact_fp8_frag,block33,3840,32,1966080,13.786999702,13.901000023,0.114000000,28.253379822,_;_;_;640
4,120,deep_fast,vit_attention_fused_640_bytein,block33,1280,32,327680,13.902680397,14.002280235,0.099600002,28.253379822,_;_;640
4,121,deep_fast,vit_project_frag,block33,2560,32,655360,14.005000114,14.117360115,0.112360001,28.253379822,_;_;_;_;640;1024;1024
4,122,deep_fast,vit_pack_input,block34,640,256,163840,14.119480133,14.168000221,0.048519999,28.253379822,_;_;655360
4,123,deep_fast,vit_expand_blocked_fp8_frag_bytein,block34,2560,32,2621440,14.172719955,14.253399849,0.080679998,28.253379822,_;_;_;640;1024;4096
4,124,deep_fast,vit_contract_blocked_fp8_frag,block34,640,32,655360,14.255120277,14.341560364,0.086439997,28.253379822,_;_;_;_;640;4096;1024
4,125,deep_fast,vit_qkv_project_normalize_fused_f16compact_fp8_frag,block34,3840,32,1966080,14.344360352,14.463560104,0.119199999,28.253379822,_;_;_;640
4,126,deep_fast,vit_attention_fused_640_bytein,block34,1280,32,327680,14.465279579,14.566679955,0.101400003,28.253379822,_;_;640
4,127,deep_fast,vit_project_frag,block34,2560,32,655360,14.569399834,14.682279587,0.112879999,28.253379822,_;_;_;_;640;1024;1024
4,128,deep_fast,vit_pack_input,block35,640,256,163840,14.684320450,14.732480049,0.048160002,28.253379822,_;_;655360
4,129,deep_fast,vit_expand_blocked_fp8_frag_bytein,block35,2560,32,2621440,14.737319946,14.820919991,0.083600000,28.253379822,_;_;_;640;1024;4096
4,130,deep_fast,vit_contract_blocked_fp8_frag,block35,640,32,655360,14.822640419,14.908280373,0.085639998,28.253379822,_;_;_;_;640;4096;1024
4,131,deep_fast,vit_qkv_project_normalize_fused_f16compact_fp8_frag,block35,3840,32,1966080,14.911000252,15.025039673,0.114040002,28.253379822,_;_;_;640
4,132,deep_fast,vit_attention_fused_640_bytein,block35,1280,32,327680,15.026720047,15.128680229,0.101960003,28.253379822,_;_;640
4,133,deep_fast,vit_project_frag,block35,2560,32,655360,15.131400108,15.244759560,0.113360003,28.253379822,_;_;_;_;640;1024;1024
4,134,deep_fast,vit_pack_input,block36,640,256,163840,15.246760368,15.293959618,0.047200002,28.253379822,_;_;655360
4,135,deep_fast,vit_expand_blocked_fp8_frag_bytein,block36,2560,32,2621440,15.300319672,15.380960464,0.080640003,28.253379822,_;_;_;640;1024;4096
4,136,deep_fast,vit_contract_blocked_fp8_frag,block36,640,32,655360,15.382760048,15.468319893,0.085560001,28.253379822,_;_;_;_;640;4096;1024
4,137,deep_fast,vit_qkv_project_normalize_fused_f16compact_fp8_frag,block36,3840,32,1966080,15.471119881,15.584440231,0.113320000,28.253379822,_;_;_;640
4,138,deep_fast,vit_attention_fused_640_bytein,block36,1280,32,327680,15.586119652,15.685680389,0.099560000,28.253379822,_;_;640
4,139,deep_fast,vit_project_frag,block36,2560,32,655360,15.688400269,15.803879738,0.115479998,28.253379822,_;_;_;_;640;1024;1024
4,140,deep_fast,vit_pack_input,block37,640,256,163840,15.805919647,15.854760170,0.048840001,28.253379822,_;_;655360
4,141,deep_fast,vit_expand_blocked_fp8_frag_bytein,block37,2560,32,2621440,15.860919952,15.940279961,0.079360001,28.253379822,_;_;_;640;1024;4096
4,142,deep_fast,vit_contract_blocked_fp8_frag,block37,640,32,655360,15.941960335,16.023519516,0.081560001,28.253379822,_;_;_;_;640;4096;1024
4,143,deep_fast,vit_qkv_project_normalize_fused_f16compact_fp8_frag,block37,3840,32,1966080,16.026279449,16.139680862,0.113399997,28.253379822,_;_;_;640
4,144,deep_fast,vit_attention_fused_640_bytein,block37,1280,32,327680,16.141359329,16.243320465,0.101960003,28.253379822,_;_;640
4,145,deep_fast,vit_project_frag,block37,2560,32,655360,16.246080399,16.358320236,0.112240002,28.253379822,_;_;_;_;640;1024;1024
4,146,deep_fast,vit_pack_input,block38,640,256,163840,16.360399246,16.409759521,0.049360000,28.253379822,_;_;655360
4,147,deep_fast,vit_expand_blocked_fp8_frag_bytein,block38,2560,32,2621440,16.414400101,16.494720459,0.080320001,28.253379822,_;_;_;640;1024;4096
4,148,deep_fast,vit_contract_blocked_fp8_frag,block38,640,32,655360,16.496400833,16.582359314,0.085960001,28.253379822,_;_;_;_;640;4096;1024
4,149,deep_fast,vit_qkv_project_normalize_fused_f16compact_fp8_frag,block38,3840,32,1966080,16.585119247,16.697879791,0.112760000,28.253379822,_;_;_;640
4,150,deep_fast,vit_attention_fused_640_bytein,block38,1280,32,327680,16.699560165,16.798440933,0.098880000,28.253379822,_;_;640
4,151,deep_fast,vit_project_frag,block38,2560,32,655360,16.801200867,16.912879944,0.111680001,28.253379822,_;_;_;_;640;1024;1024
4,152,deep,vit_gather,block39,2560,256,655360,16.914920807,16.967960358,0.053040002,28.253379822,_;_;_;655360
4,153,deep_fast,decoder_project2x_h16w,block39,1280,32,327680,16.974639893,17.056640625,0.082000002,28.253379822,_;_;_;_;32;20;60;36;1024;512
4,154,mh,mh_shift_pack,block40,5120,256,1310720,17.059680939,17.116559982,0.056880001,28.253379822,_;_;60;36;64;40;0;0;512;0
4,155,deep_fast,split_mix_blocked_h16w,block40,1280,32,1310720,17.124519348,17.175680161,0.051160000,28.253379822,_;_;_;2560
4,156,deep_fast,split_ffn_fused_fp8_t8,block40,1280,128,1310720,17.179439545,17.251440048,0.071999997,28.253379822,_;_;_;_;2560
4,157,deep_fast,split_projection_frag,block40,1280,32,1310720,17.252960205,17.310520172,0.057560001,28.253379822,_;_;_;_;_;2560
4,158,mh_fast,mh_qkv_normalize_frag_c512,block40,3840,32,3932160,17.314880371,17.394599915,0.079719998,28.253379822,_;_;_;2560
4,159,mh_fused,mh_attention_fused_fp8_out,block40,640,128,640,17.397359848,17.457759857,0.060400002,28.253379822,_;_;_;64;40;512
4,160,mh_fast,mh_attention_project_frag_c512,block40,1280,32,1310720,17.459159851,17.531400681,0.072240002,28.253379822,_;_;_;_;2560;0;60;36;64;0;0
4,161,mh,mh_shift_pack,block41,5120,256,1310720,17.535160065,17.591279984,0.056120001,28.253379822,_;_;60;36;64;40;4;4;512;0
4,162,deep_fast,split_mix_blocked_h16w,block41,1280,32,1310720,17.597480774,17.672119141,0.074639998,28.253379822,_;_;_;2560
4,163,deep_fast,split_ffn_fused_fp8_t8,block41,1280,128,1310720,17.675840378,17.743520737,0.067680001,28.253379822,_;_;_;_;2560
4,164,deep_fast,split_projection_frag,block41,1280,32,1310720,17.745040894,17.803640366,0.058600001,28.253379822,_;_;_;_;_;2560
4,165,mh_fast,mh_qkv_normalize_frag_c512,block41,3840,32,3932160,17.808000565,17.890520096,0.082520001,28.253379822,_;_;_;2560
4,166,mh_fused,mh_attention_fused_fp8_out,block41,640,128,640,17.891880035,17.956239700,0.064360000,28.253379822,_;_;_;64;40;512
4,167,mh_fast,mh_attention_project_frag_c512,block41,1280,32,1310720,17.957639694,18.032680511,0.075039998,28.253379822,_;_;_;_;2560;0;60;36;64;4;4
4,168,mh,mh_shift_pack,block44,5120,256,1310720,18.036399841,18.099840164,0.063440003,28.253379822,_;_;60;36;64;40;0;0;512;0
4,169,deep_fast,split_mix_blocked_h16w,block44,1280,32,1310720,18.107440948,18.180959702,0.073519997,28.253379822,_;_;_;2560
4,170,deep_fast,split_ffn_fused_fp8_t8,block44,1280,128,1310720,18.184719086,18.253799438,0.069080003,28.253379822,_;_;_;_;2560
4,171,deep_fast,split_projection_frag,block44,1280,32,1310720,18.255279541,18.315439224,0.060160000,28.253379822,_;_;_;_;_;2560
4,172,mh_fast,mh_qkv_normalize_frag_c512,block44,3840,32,3932160,18.319839478,18.440200806,0.120360002,28.253379822,_;_;_;2560
4,173,mh_fused,mh_attention_fused_fp8_out,block44,640,128,640,18.441560745,18.508119583,0.066560000,28.253379822,_;_;_;64;40;512
4,174,mh_fast,mh_attention_project_frag_c512,block44,1280,32,1310720,18.509519577,18.582759857,0.073239997,28.253379822,_;_;_;_;2560;0;60;36;64;0;0
4,175,mh,mh_shift_pack,block45,5120,256,1310720,18.586519241,18.646560669,0.060040001,28.253379822,_;_;60;36;64;40;4;4;512;0
4,176,deep_fast,split_mix_blocked_h16w,block45,1280,32,1310720,18.652799606,18.726240158,0.073440000,28.253379822,_;_;_;2560
4,177,deep_fast,split_ffn_fused_fp8_t8,block45,1280,128,1310720,18.729999542,18.798679352,0.068680003,28.253379822,_;_;_;_;2560
4,178,deep_fast,split_projection_frag,block45,1280,32,1310720,18.800199509,18.860799789,0.060600001,28.253379822,_;_;_;_;_;2560
4,179,mh_fast,mh_qkv_normalize_frag_c512,block45,3840,32,3932160,18.865159988,18.946720123,0.081560001,28.253379822,_;_;_;2560
4,180,mh_fused,mh_attention_fused_fp8_out,block45,640,128,640,18.949359894,18.987279892,0.037919998,28.253379822,_;_;_;64;40;512
4,181,mh_fast,mh_attention_project_frag_c512,block45,1280,32,1310720,18.988679886,19.058160782,0.069480002,28.253379822,_;_;_;_;2560;0;60;36;64;4;4
4,182,mh,mh_shift_pack,block47,5120,256,1310720,19.061960220,19.119279861,0.057319999,28.253379822,_;_;60;36;64;40;0;4;512;0
4,183,deep_fast,split_mix_blocked_h16w,block47,1280,32,1310720,19.126880646,19.199480057,0.072600000,28.253379822,_;_;_;2560
4,184,deep_fast,split_ffn_fused_fp8_t8,block47,1280,128,1310720,19.203199387,19.272439957,0.069239996,28.253379822,_;_;_;_;2560
4,185,deep_fast,split_projection_frag,block47,1280,32,1310720,19.273960114,19.314680099,0.040720001,28.253379822,_;_;_;_;_;2560
4,186,mh_fast,mh_qkv_normalize_frag_c512,block47,3840,32,3932160,19.319000244,19.377679825,0.058680002,28.253379822,_;_;_;2560
4,187,mh_fused,mh_attention_fused_fp8_out,block47,640,128,640,19.379079819,19.424119949,0.045040000,28.253379822,_;_;_;64;40;512
4,188,mh_fast,mh_attention_project_frag_c512,block47,1280,32,1310720,19.425559998,19.494800568,0.069239996,28.253379822,_;_;_;_;2560;0;60;36;64;0;4
4,189,deep_fast,decoder_project2x_h16w_byteout,block48,2160,32,552960,19.498559952,19.595319748,0.096759997,28.253379822,_;_;_;_;60;36;120;72;512;256
4,190,mh_fast,mh_ffn_fused_c256_frag_project_g128_qkv_bytein_fb,block48,540,512,2211840,19.596920013,19.724880219,0.127959996,28.253379822,_;_;_;_;_;8640;120;72;120;0;0
4,191,mh_fused,c256_attention_project_fb_bout_diag,block48,135,512,135,19.726280212,19.815759659,0.089479998,28.253379822,_;_;_;_;120;72;0;0;0;0;0
4,192,mh_fast,mh_ffn_fused_c256_frag_project_mapped_g128_qkv_bytein_fb,block49,640,512,2621440,19.817319870,19.948680878,0.131359994,28.253379822,_;_;_;_;_;10240;120;72;128;4;4
4,193,mh_fused,c256_attention_project_fb_bout_diag,block49,160,512,160,19.950040817,20.046880722,0.096840002,28.253379822,_;_;_;_;128;80;4;120;72;4;4
4,194,mh_fast,mh_ffn_fused_c256_frag_project_mapped_g128_qkv_bytein_fb,block50,576,512,2359296,20.048639297,20.182359695,0.133719996,28.253379822,_;_;_;_;_;9216;120;72;128;4;0
4,195,mh_fused,c256_attention_project_fb_bout_diag,block50,144,512,144,20.183879852,20.277599335,0.093719997,28.253379822,_;_;_;_;128;72;4;120;72;4;0
4,196,mh_fast,mh_ffn_fused_c256_frag_project_mapped_g128_qkv_bytein_fb,block51,600,512,2457600,20.279359818,20.405920029,0.126560003,28.253379822,_;_;_;_;_;9600;120;72;120;0;4
4,197,mh_fused,c256_attention_project_fb_bout_diag,block51,150,512,150,20.407320023,20.502279282,0.094959997,28.253379822,_;_;_;_;120;80;4;120;72;0;4
4,198,mh_fast,mh_ffn_fused_c256_frag_project_g128_qkv_bytein_fb,block52,540,512,2211840,20.503999710,20.627679825,0.123680003,28.253379822,_;_;_;_;_;8640;120;72;120;0;0
4,199,mh_fused,c256_attention_project_fb_bout_diag,block52,135,512,135,20.629079819,20.717760086,0.088679999,28.253379822,_;_;_;_;120;72;4;0;0;0;0
4,200,mh_fast,mh_ffn_fused_c256_frag_project_mapped_g128_qkv_bytein_fb,block53,640,512,2621440,20.719280243,20.851160049,0.131880000,28.253379822,_;_;_;_;_;10240;120;72;128;4;4
4,201,mh_fused,c256_attention_project_fb_bout_diag,block53,160,512,160,20.852560043,20.948360443,0.095799997,28.253379822,_;_;_;_;128;80;4;120;72;4;4
4,202,mh_fast,mh_ffn_fused_c256_frag_project_mapped_g128_qkv_bytein_fb,block54,576,512,2359296,20.950080872,21.084039688,0.133959994,28.253379822,_;_;_;_;_;9216;120;72;128;4;0
4,203,mh_fused,c256_attention_project_fb_bout_diag,block54,144,512,144,21.085559845,21.177759171,0.092200004,28.253379822,_;_;_;_;128;72;4;120;72;4;0
4,204,mh_fast,mh_ffn_fused_c256_frag_project_mapped_g128_qkv_bytein_fb,block55,600,512,2457600,21.179519653,21.304279327,0.124760002,28.253379822,_;_;_;_;_;9600;120;72;120;0;4
4,205,mh_fused,c256_attention_project_fb_diag,block55,150,512,150,21.306919098,21.410320282,0.103399999,28.253379822,_;_;_;_;120;80;0;120;72;0;4
4,206,deep_fast,decoder_project2x_h16w_byteout,block56,4320,32,1105920,21.412519455,21.527839661,0.115319997,28.253379822,_;_;_;_;120;72;240;144;256;128
4,207,mh_fast,mh_ffn_fused_c128_project_mapped_g128_qkv_bytein_fb,block56,2232,256,4571136,21.529479980,21.686040878,0.156560004,28.253379822,_;_;_;_;_;35712;240;144;248;4;0
4,208,mh_fused,c128_attention_project_fb_bout_diag,block56,558,512,558,21.687440872,21.796800613,0.109360002,28.253379822,_;_;_;_;248;144;4;240;144;4;0
4,209,mh_fast,mh_ffn_fused_c128_project_mapped_g128_qkv_bytein_fb,block57,2280,256,4669440,21.798280716,21.945480347,0.147200003,28.253379822,_;_;_;_;_;36480;240;144;240;0;4
4,210,mh_fused,c128_attention_project_fb_bout_diag,block57,570,512,570,21.952760696,22.057880402,0.105120003,28.253379822,_;_;_;_;240;152;4;240;144;0;4
4,211,mh_fast,mh_ffn_fused_c128_project_g128_qkv_bytein_fb,block58,2160,256,4423680,22.059360504,22.205280304,0.145919994,28.253379822,_;_;_;_;_;34560;240;144;240;0;0
4,212,mh_fused,c128_attention_project_fb_bout_diag,block58,540,512,540,22.206640244,22.303279877,0.096639998,28.253379822,_;_;_;_;240;144;4;0;0;0;0
4,213,mh_fast,mh_ffn_fused_c128_project_mapped_g128_qkv_bytein_fb,block59,2356,256,4825088,22.304759979,22.458480835,0.153720006,28.253379822,_;_;_;_;_;37696;240;144;248;4;4
4,214,mh_fused,c128_attention_project_fb_bout_diag,block59,589,512,589,22.466600418,22.574440002,0.107840002,28.253379822,_;_;_;_;248;152;4;240;144;4;4
4,215,mh_fast,mh_ffn_fused_c128_project_mapped_g128_qkv_bytein_fb,block60,2232,256,4571136,22.575880051,22.735719681,0.159840003,28.253379822,_;_;_;_;_;35712;240;144;248;4;0
4,216,mh_fused,c128_attention_project_fb_bout_diag,block60,558,512,558,22.737079620,22.847040176,0.109959997,28.253379822,_;_;_;_;248;144;4;240;144;4;0
4,217,mh_fast,mh_ffn_fused_c128_project_mapped_g128_qkv_bytein_fb,block61,2280,256,4669440,22.848560333,22.998840332,0.150279999,28.253379822,_;_;_;_;_;36480;240;144;240;0;4
4,218,mh_fused,c128_attention_project_fb_diag,block61,570,512,570,23.007400513,23.115999222,0.108599998,28.253379822,_;_;_;_;240;152;0;240;144;0;4
4,219,deep_fast,decoder_project2x_h16w_byteout,block62,8640,32,2211840,23.117639542,23.272039413,0.154400006,28.253379822,_;_;_;_;240;144;480;288;128;64
4,220,mh_fast,mh_ffn_fused_c64_project_g128_qkv_bytein_fb,block62,8640,128,8847360,23.273719788,23.457920074,0.184200004,28.253379822,_;_;_;_;_;138240;480;288;480;0;0
4,221,mh_fused,c64_attention_project_fb_bout_diag,block62,2160,256,2160,23.459280014,23.608800888,0.149519995,28.253379822,_;_;_;_;480;288;4;0;0;0;0
4,222,mh_fast,mh_ffn_fused_c64_project_mapped_g128_qkv_bytein_fb,block63,9028,128,9244672,23.610240936,23.827119827,0.216879994,28.253379822,_;_;_;_;_;144448;480;288;488;4;4
4,223,mh_fused,c64_attention_project_fb_bout_diag,block63,2257,256,2257,23.828479767,23.988239288,0.159759998,28.253379822,_;_;_;_;488;296;4;480;288;4;4
4,224,mh_fast,mh_ffn_fused_c64_project_mapped_g128_qkv_bytein_fb,block64,8784,128,8994816,23.989639282,24.201120377,0.211480007,28.253379822,_;_;_;_;_;140544;480;288;488;4;0
4,225,mh_fused,c64_attention_project_fb_bout_diag,block64,2196,256,2196,24.202520370,24.362680435,0.160160005,28.253379822,_;_;_;_;488;288;4;480;288;4;0
4,226,mh_fast,mh_ffn_fused_c64_project_mapped_g128_qkv_bytein_fb,block65,8880,128,9093120,24.364200592,24.575479507,0.211280003,28.253379822,_;_;_;_;_;142080;480;288;480;0;4
4,227,mh_fused,c64_attention_project_fb_diag,block65,2220,256,2220,24.576839447,24.743400574,0.166559994,28.253379822,_;_;_;_;480;296;0;480;288;0;4
4,228,deep_fast,decoder_project2x_h16w,block69,17280,32,4423680,24.745040894,25.085479736,0.340440005,28.253379822,_;_;_;_;480;288;960;576;64;32
4,229,c32_fused_ffn,c32_fast_ffn_attention_fused_half_mapped,block69,8640,128,8640,25.088399887,25.405879974,0.317479998,28.253379822,_;_;_;_;8640;0;1;960;576;0;0
4,230,c32_fused_ffn,c32_fast_ffn_attention_fused_half_chain,block69,8833,128,8833,25.407360077,25.796880722,0.389519989,28.253379822,_;_;_;_;8833;3;1;960;576;4;4;960;0;0
4,231,c32_fused_ffn,c32_fast_ffn_attention_fused_half_chain,block69,8712,128,8712,25.798400879,26.189979553,0.391579986,28.253379822,_;_;_;_;8712;3;1;960;576;4;0;968;4;4
4,232,c32_fused_ffn,c32_fast_ffn_attention_fused_half_chain_finish,block69,8760,128,8760,26.191539764,26.622180939,0.430640012,28.253379822,_;_;_;_;_;8760;3;1;960;576;0;4;968;4;0
4,233,c32_fused_ffn,c32_post_merge_head_half,block70,34945,128,34945,26.623699188,28.187879562,1.564180017,28.253379822,_;_;_;_;_;_;_;_;34945;1920;1152;4;4;_
5,0,c32_fused_ffn,c32_fast_ffn_attention_fused_half_prefix_finish_main8,pre-down,34560,128,34560,0.006040000,1.572080016,1.566040039,28.263059616,_;_;_;_;_;_;34560;0;1;1920;1152;0;0
5,1,c32_fused_ffn,c32_fast_ffn_attention_fused_half_mapped,block4,8640,128,8640,1.581120014,1.983199954,0.402079999,28.263059616,_;_;_;_;8640;0;1;960;576;0;0
5,2,c32_fused_ffn,c32_fast_ffn_attention_fused_half_chain,block4,8833,128,8833,1.984680057,2.362560034,0.377880007,28.263059616,_;_;_;_;8833;3;1;960;576;4;4;960;0;0
5,3,c32_fused_ffn,c32_fast_ffn_attention_fused_half_chain,block4,8712,128,8712,2.364160061,2.736079931,0.371919990,28.263059616,_;_;_;_;8712;3;1;960;576;4;0;968;4;4
5,4,c32_fused_ffn,c32_fast_ffn_attention_fused_half_chain_finish_dcrop,block4,8760,128,8760,2.737679958,3.160399914,0.422719985,28.263059616,_;_;_;_;_;8760;3;1;960;576;0;4;968;4;0
5,5,mh_fast,mh_pool_project_production_h16w,block5,34560,32,8847360,3.161999941,3.259599924,0.097599998,28.263059616,_;_;_;480;288;0;0;32
5,6,mh_fast,mh_ffn_fused_c64_project_g128_qkv_fb,block5,8640,128,8847360,3.268120050,3.450520039,0.182400003,28.263059616,_;_;_;_;_;138240;480;288;480;0;0
5,7,mh_fused,c64_attention_project_fb_bout_diag,block5,2160,256,2160,3.451879978,3.605560064,0.153679997,28.263059616,_;_;_;_;480;288;4;0;0;0;0
5,8,mh_fast,mh_ffn_fused_c64_project_mapped_g128_qkv_bytein_fb,block6,9028,128,9244672,3.606960058,3.833640099,0.226679996,28.263059616,_;_;_;_;_;144448;480;288;488;4;4
5,9,mh_fused,c64_attention_project_fb_bout_diag,block6,2257,256,2257,3.835000038,4.006400108,0.171399996,28.263059616,_;_;_;_;488;296;4;480;288;4;4
5,10,mh_fast,mh_ffn_fused_c64_project_mapped_g128_qkv_bytein_fb,block7,8784,128,8994816,4.007840157,4.229320049,0.221479997,28.263059616,_;_;_;_;_;140544;480;288;488;4;0
5,11,mh_fused,c64_attention_project_fb_bout_diag,block7,2196,256,2196,4.230639935,4.383240223,0.152600005,28.263059616,_;_;_;_;488;288;4;480;288;4;0
5,12,mh_fast,mh_ffn_fused_c64_project_mapped_g128_qkv_bytein_fb,block8,8880,128,9093120,4.384840012,4.592239857,0.207399994,28.263059616,_;_;_;_;_;142080;480;288;480;0;4
5,13,mh_fused,c64_attention_project_fb_diag,block8,2220,256,2220,4.593719959,4.743519783,0.149800003,28.263059616,_;_;_;_;480;296;3;480;288;0;4
5,14,mh_fast,mh_pool_project_group_c64,block9,2160,64,4423680,4.745079994,4.839360237,0.094279997,28.263059616,_;_;_;240;144;480;0;0
5,15,mh_fast,mh_ffn_fused_c128_project_g128_qkv_fb,block9,2160,256,4423680,4.843239784,4.993879795,0.150639996,28.263059616,_;_;_;_;_;34560;240;144;240;0;0
5,16,mh_fused,c128_attention_project_fb_bout_diag,block9,540,512,540,4.995279789,5.090680122,0.095399998,28.263059616,_;_;_;_;240;144;4;0;0;0;0
5,17,mh_fast,mh_ffn_fused_c128_project_mapped_g128_qkv_bytein_fb,block10,2356,256,4825088,5.092199802,5.250120163,0.157920003,28.263059616,_;_;_;_;_;37696;240;144;248;4;4
5,18,mh_fused,c128_attention_project_fb_bout_diag,block10,589,512,589,5.258359909,5.362160206,0.103799999,28.263059616,_;_;_;_;248;152;4;240;144;4;4
5,19,mh_fast,mh_ffn_fused_c128_project_mapped_g128_qkv_bytein_fb,block11,2232,256,4571136,5.363599777,5.524040222,0.160439998,28.263059616,_;_;_;_;_;35712;240;144;248;4;0
5,20,mh_fused,c128_attention_project_fb_bout_diag,block11,558,512,558,5.525440216,5.632080078,0.106640004,28.263059616,_;_;_;_;248;144;4;240;144;4;0
5,21,mh_fast,mh_ffn_fused_c128_project_mapped_g128_qkv_bytein_fb,block12,2280,256,4669440,5.633560181,5.786200047,0.152640000,28.263059616,_;_;_;_;_;36480;240;144;240;0;4
5,22,mh_fused,c128_attention_project_fb_bout_diag,block12,570,512,570,5.794479847,5.896840096,0.102360003,28.263059616,_;_;_;_;240;152;4;240;144;0;4
5,23,mh_fast,mh_ffn_fused_c128_project_g128_qkv_bytein_fb,block13,2160,256,4423680,5.898280144,6.046080112,0.147799999,28.263059616,_;_;_;_;_;34560;240;144;240;0;0
5,24,mh_fused,c128_attention_project_fb_bout_diag,block13,540,512,540,6.047440052,6.142920017,0.095480002,28.263059616,_;_;_;_;240;144;4;0;0;0;0
5,25,mh_fast,mh_ffn_fused_c128_project_mapped_g128_qkv_bytein_fb,block14,2356,256,4825088,6.144440174,6.302279949,0.157839999,28.263059616,_;_;_;_;_;37696;240;144;248;4;4
5,26,mh_fused,c128_attention_project_fb_diag,block14,589,512,589,6.310520172,6.415639877,0.105120003,28.263059616,_;_;_;_;248;152;3;240;144;4;4
5,27,mh_fast,mh_pool_project_group_c128,block15,540,128,2211840,6.417119980,6.487480164,0.070359997,28.263059616,_;_;_;120;72;240;0;0
5,28,mh_fast,mh_ffn_fused_c256_frag_project_g128_qkv_fb,block15,540,512,2211840,6.490200043,6.615039825,0.124839999,28.263059616,_;_;_;_;_;8640;120;72;120;0;0
5,29,mh_fused,c256_attention_project_fb_bout_diag,block15,135,512,135,6.616559982,6.703000069,0.086439997,28.263059616,_;_;_;_;120;72;4;0;0;0;0
5,30,mh_fast,mh_ffn_fused_c256_frag_project_mapped_g128_qkv_bytein_fb,block16,640,512,2621440,6.704480171,6.835360050,0.130879998,28.263059616,_;_;_;_;_;10240;120;72;128;4;4
5,31,mh_fused,c256_attention_project_fb_bout_diag,block16,160,512,160,6.836679935,6.930439949,0.093759999,28.263059616,_;_;_;_;128;80;4;120;72;4;4
5,32,mh_fast,mh_ffn_fused_c256_frag_project_mapped_g128_qkv_bytein_fb,block17,576,512,2359296,6.932240009,7.064839840,0.132599995,28.263059616,_;_;_;_;_;9216;120;72;128;4;0
5,33,mh_fused,c256_attention_project_fb_bout_diag,block17,144,512,144,7.066279888,7.158279896,0.092000000,28.263059616,_;_;_;_;128;72;4;120;72;4;0
5,34,mh_fast,mh_ffn_fused_c256_frag_project_mapped_g128_qkv_bytein_fb,block18,600,512,2457600,7.160039902,7.290760040,0.130720004,28.263059616,_;_;_;_;_;9600;120;72;120;0;4
5,35,mh_fused,c256_attention_project_fb_bout_diag,block18,150,512,150,7.292079926,7.386600018,0.094520003,28.263059616,_;_;_;_;120;80;4;120;72;0;4
5,36,mh_fast,mh_ffn_fused_c256_frag_project_g128_qkv_bytein_fb,block19,540,512,2211840,7.388400078,7.510960102,0.122560002,28.263059616,_;_;_;_;_;8640;120;72;120;0;0
5,37,mh_fused,c256_attention_project_fb_bout_diag,block19,135,512,135,7.512400150,7.598720074,0.086319998,28.263059616,_;_;_;_;120;72;4;0;0;0;0
5,38,mh_fast,mh_ffn_fused_c256_frag_project_mapped_g128_qkv_bytein_fb,block20,640,512,2621440,7.600440025,7.730760098,0.130319998,28.263059616,_;_;_;_;_;10240;120;72;128;4;4
5,39,mh_fused,c256_attention_project_fb_bout_diag,block20,160,512,160,7.733399868,7.828680038,0.095279999,28.263059616,_;_;_;_;128;80;4;120;72;4;4
5,40,mh_fast,mh_ffn_fused_c256_frag_project_mapped_g128_qkv_bytein_fb,block21,576,512,2359296,7.830520153,7.963479996,0.132960007,28.263059616,_;_;_;_;_;9216;120;72;128;4;0
5,41,mh_fused,c256_attention_project_fb_bout_diag,block21,144,512,144,7.965000153,8.056360245,0.091360003,28.263059616,_;_;_;_;128;72;4;120;72;4;0
5,42,mh_fast,mh_ffn_fused_c256_frag_project_mapped_g128_qkv_bytein_fb,block22,600,512,2457600,8.058119774,8.187600136,0.129480004,28.263059616,_;_;_;_;_;9600;120;72;120;0;4
5,43,mh_fused,c256_attention_project_fb_diag,block22,150,512,150,8.188920021,8.286120415,0.097199999,28.263059616,_;_;_;_;120;80;3;120;72;0;4
5,44,mh_fast,mh_pool_project_group_c256,block23,135,256,1105920,8.288120270,8.349040031,0.060920000,28.263059616,_;_;_;60;36;120;0;0
5,45,mh,mh_shift_pack,block23,5120,256,1310720,8.352720261,8.410320282,0.057599999,28.263059616,_;_;60;36;64;40;0;0;512;0
5,46,deep_fast,split_mix_blocked_h16w,block23,1280,32,1310720,8.418199539,8.488759995,0.070560001,28.263059616,_;_;_;2560
5,47,deep_fast,split_ffn_fused_fp8_t8,block23,1280,128,1310720,8.492480278,8.559960365,0.067479998,28.263059616,_;_;_;_;2560
5,48,deep_fast,split_projection_frag,block23,1280,32,1310720,8.561440468,8.619039536,0.057599999,28.263059616,_;_;_;_;_;2560
5,49,mh_fast,mh_qkv_normalize_frag_c512,block23,3840,32,3932160,8.623439789,8.704199791,0.080760002,28.263059616,_;_;_;2560
5,50,mh_fused,mh_attention_fused_fp8_out,block23,640,128,640,8.705559731,8.772040367,0.066480003,28.263059616,_;_;_;64;40;512
5,51,mh_fast,mh_attention_project_frag_c512,block23,1280,32,1310720,8.773440361,8.848360062,0.074919999,28.263059616,_;_;_;_;2560;0;60;36;64;0;0
5,52,mh,mh_shift_pack,block24,5120,256,1310720,8.852080345,8.908760071,0.056680001,28.263059616,_;_;60;36;64;40;4;4;512;0
5,53,deep_fast,split_mix_blocked_h16w,block24,1280,32,1310720,8.915040016,8.967080116,0.052040000,28.263059616,_;_;_;2560
5,54,deep_fast,split_ffn_fused_fp8_t8,block24,1280,128,1310720,8.970800400,9.038519859,0.067720003,28.263059616,_;_;_;_;2560
5,55,deep_fast,split_projection_frag,block24,1280,32,1310720,9.039919853,9.098440170,0.058520000,28.263059616,_;_;_;_;_;2560
5,56,mh_fast,mh_qkv_normalize_frag_c512,block24,3840,32,3932160,9.102879524,9.182160378,0.079279996,28.263059616,_;_;_;2560
5,57,mh_fused,mh_attention_fused_fp8_out,block24,640,128,640,9.184800148,9.249279976,0.064479999,28.263059616,_;_;_;64;40;512
5,58,mh_fast,mh_attention_project_frag_c512,block24,1280,32,1310720,9.250679970,9.324560165,0.073880002,28.263059616,_;_;_;_;2560;0;60;36;64;4;4
5,59,mh,mh_shift_pack,block25,5120,256,1310720,9.328280449,9.386480331,0.058200002,28.263059616,_;_;60;36;64;40;4;0;512;0
5,60,deep_fast,split_mix_blocked_h16w,block25,1280,32,1310720,9.393879890,9.443120003,0.049240001,28.263059616,_;_;_;2560
5,61,deep_fast,split_ffn_fused_fp8_t8,block25,1280,128,1310720,9.446840286,9.515480042,0.068640001,28.263059616,_;_;_;_;2560
5,62,deep_fast,split_projection_frag,block25,1280,32,1310720,9.516880035,9.575440407,0.058559999,28.263059616,_;_;_;_;_;2560
5,63,mh_fast,mh_qkv_normalize_frag_c512,block25,3840,32,3932160,9.579799652,9.659799576,0.079999998,28.263059616,_;_;_;2560
5,64,mh_fused,mh_attention_fused_fp8_out,block25,640,128,640,9.662400246,9.698679924,0.036279999,28.263059616,_;_;_;64;40;512
5,65,mh_fast,mh_attention_project_frag_c512,block25,1280,32,1310720,9.700160027,9.766039848,0.065880001,28.263059616,_;_;_;_;2560;0;60;36;64;4;0
5,66,mh,mh_shift_pack,block26,5120,256,1310720,9.769760132,9.826680183,0.056919999,28.263059616,_;_;60;36;64;40;0;4;512;0
5,67,deep_fast,split_mix_blocked_h16w,block26,1280,32,1310720,9.834239960,9.906040192,0.071800001,28.263059616,_;_;_;2560
5,68,deep_fast,split_ffn_fused_fp8_t8,block26,1280,128,1310720,9.909760475,9.977479935,0.067720003,28.263059616,_;_;_;_;2560
5,69,deep_fast,split_projection_frag,block26,1280,32,1310720,9.978960037,10.038120270,0.059160002,28.263059616,_;_;_;_;_;2560
5,70,mh_fast,mh_qkv_normalize_frag_c512,block26,3840,32,3932160,10.042480469,10.124079704,0.081600003,28.263059616,_;_;_;2560
5,71,mh_fused,mh_attention_fused_fp8_out,block26,640,128,640,10.125439644,10.190520287,0.065080002,28.263059616,_;_;_;64;40;512
5,72,mh_fast,mh_attention_project_frag_c512,block26,1280,32,1310720,10.191920280,10.263440132,0.071520001,28.263059616,_;_;_;_;2560;0;60;36;64;0;4
5,73,mh,mh_shift_pack,block27,5120,256,1310720,10.267160416,10.324000359,0.056839999,28.263059616,_;_;60;36;64;40;0;0;512;0
5,74,deep_fast,split_mix_blocked_h16w,block27,1280,32,1310720,10.331879616,10.402440071,0.070560001,28.263059616,_;_;_;2560
5,75,deep_fast,split_ffn_fused_fp8_t8,block27,1280,128,1310720,10.406160355,10.474360466,0.068200000,28.263059616,_;_;_;_;2560
5,76,deep_fast,split_projection_frag,block27,1280,32,1310720,10.475839615,10.534159660,0.058320001,28.263059616,_;_;_;_;_;2560
5,77,mh_fast,mh_qkv_normalize_frag_c512,block27,3840,32,3932160,10.538479805,10.619159698,0.080679998,28.263059616,_;_;_;2560
5,78,mh_fused,mh_attention_fused_fp8_out,block27,640,128,640,10.620519638,10.685879707,0.065360002,28.263059616,_;_;_;64;40;512
5,79,mh_fast,mh_attention_project_frag_c512,block27,1280,32,1310720,10.687319756,10.757479668,0.070160002,28.263059616,_;_;_;_;2560;0;60;36;64;0;0
5,80,mh,mh_shift_pack,block28,5120,256,1310720,10.761199951,10.817399979,0.056200001,28.263059616,_;_;60;36;64;40;4;4;512;0
5,81,deep_fast,split_mix_blocked_h16w,block28,1280,32,1310720,10.824959755,10.897439957,0.072480001,28.263059616,_;_;_;2560
5,82,deep_fast,split_ffn_fused_fp8_t8,block28,1280,128,1310720,10.901200294,10.968720436,0.067520000,28.263059616,_;_;_;_;2560
5,83,deep_fast,split_projection_frag,block28,1280,32,1310720,10.970239639,11.028599739,0.058359999,28.263059616,_;_;_;_;_;2560
5,84,mh_fast,mh_qkv_normalize_frag_c512,block28,3840,32,3932160,11.032959938,11.107439995,0.074479997,28.263059616,_;_;_;2560
5,85,mh_fused,mh_attention_fused_fp8_out,block28,640,128,640,11.110079765,11.146200180,0.036120001,28.263059616,_;_;_;64;40;512
5,86,mh_fast,mh_attention_project_frag_c512,block28,1280,32,1310720,11.147600174,11.214159966,0.066560000,28.263059616,_;_;_;_;2560;0;60;36;64;4;4
5,87,mh,mh_shift_pack,block29,5120,256,1310720,11.217920303,11.275560379,0.057640001,28.263059616,_;_;60;36;64;40;4;0;512;0
5,88,deep_fast,split_mix_blocked_h16w,block29,1280,32,1310720,11.283399582,11.354359627,0.070960000,28.263059616,_;_;_;2560
5,89,deep_fast,split_ffn_fused_fp8_t8,block29,1280,128,1310720,11.358079910,11.430120468,0.072039999,28.263059616,_;_;_;_;2560
5,90,deep_fast,split_projection_frag,block29,1280,32,1310720,11.431599617,11.491319656,0.059719998,28.263059616,_;_;_;_;_;2560
5,91,mh_fast,mh_qkv_normalize_frag_c512,block29,3840,32,3932160,11.495639801,11.579279900,0.083640002,28.263059616,_;_;_;2560
5,92,mh_fused,mh_attention_fused_fp8_out,block29,640,128,640,11.580639839,11.644040108,0.063400000,28.263059616,_;_;_;64;40;512
5,93,mh_fast,mh_attention_project_frag_c512,block29,1280,32,1310720,11.645480156,11.718400002,0.072920002,28.263059616,_;_;_;_;2560;0;60;36;64;4;0
5,94,mh,mh_shift_pack,block30,5120,256,1310720,11.722120285,11.779000282,0.056880001,28.263059616,_;_;60;36;64;40;0;4;512;0
5,95,deep_fast,split_mix_blocked_h16w,block30,1280,32,1310720,11.785240173,11.859239578,0.074000001,28.263059616,_;_;_;2560
5,96,deep_fast,split_ffn_fused_fp8_t8,block30,1280,128,1310720,11.862999916,11.930640221,0.067639999,28.263059616,_;_;_;_;2560
5,97,deep_fast,split_projection_frag,block30,1280,32,1310720,11.932160378,11.994000435,0.061840001,28.263059616,_;_;_;_;_;2560
5,98,mh_fast,mh_qkv_normalize_frag_c512,block30,3840,32,3932160,11.998319626,12.079640388,0.081320003,28.263059616,_;_;_;2560
5,99,mh_fused,mh_attention_fused_fp8_out,block30,640,128,640,12.081040382,12.147080421,0.066040002,28.263059616,_;_;_;64;40;512
5,100,mh_fast,mh_attention_project_frag_c512,block30,1280,32,1310720,12.148480415,12.218359947,0.069880001,28.263059616,_;_;_;_;2560;3;60;36;64;0;4
5,101,mh,mh_pool,head,1280,256,327680,12.222160339,12.272640228,0.050480001,28.263059616,_;_;32;20;60;30;18;512
5,102,mh_fast,mh_pool_project_production_h16w,head,2560,32,655360,12.277799606,12.420439720,0.142639995,28.263059616,_;_;_;32;20;30;18;512
5,103,deep,vit_gather,block31,2560,256,655360,12.422120094,12.476200104,0.054079998,28.263059616,_;_;_;655360
5,104,deep_fast,vit_pack_input,block31,640,256,163840,12.482879639,12.505960464,0.023080001,28.263059616,_;_;655360
5,105,deep_fast,vit_expand_blocked_fp8_frag_bytein,block31,2560,32,2621440,12.510919571,12.587880135,0.076959997,28.263059616,_;_;_;640;1024;4096
5,106,deep_fast,vit_contract_blocked_fp8_frag,block31,640,32,655360,12.589520454,12.677160263,0.087640002,28.263059616,_;_;_;_;640;4096;1024
5,107,deep_fast,vit_qkv_project_normalize_fused_f16compact_fp8_frag,block31,3840,32,1966080,12.679960251,12.793640137,0.113679998,28.263059616,_;_;_;640
5,108,deep_fast,vit_attention_fused_640_bytein,block31,1280,32,327680,12.795319557,12.894439697,0.099119999,28.263059616,_;_;640
5,109,deep_fast,vit_project_frag,block31,2560,32,655360,12.897199631,13.010080338,0.112879999,28.263059616,_;_;_;_;640;1024;1024
5,110,deep_fast,vit_pack_input,block32,640,256,163840,13.012120247,13.059399605,0.047279999,28.263059616,_;_;655360
5,111,deep_fast,vit_expand_blocked_fp8_frag_bytein,block32,2560,32,2621440,13.065400124,13.144680023,0.079279996,28.263059616,_;_;_;640;1024;4096
5,112,deep_fast,vit_contract_blocked_fp8_frag,block32,640,32,655360,13.146400452,13.235199928,0.088799998,28.263059616,_;_;_;_;640;4096;1024
5,113,deep_fast,vit_qkv_project_normalize_fused_f16compact_fp8_frag,block32,3840,32,1966080,13.237959862,13.353639603,0.115680002,28.263059616,_;_;_;640
5,114,deep_fast,vit_attention_fused_640_bytein,block32,1280,32,327680,13.355360031,13.454119682,0.098760001,28.263059616,_;_;640
5,115,deep_fast,vit_project_frag,block32,2560,32,655360,13.456879616,13.570079803,0.113200001,28.263059616,_;_;_;_;640;1024;1024
5,116,deep_fast,vit_pack_input,block33,640,256,163840,13.572159767,13.619759560,0.047600001,28.263059616,_;_;655360
5,117,deep_fast,vit_expand_blocked_fp8_frag_bytein,block33,2560,32,2621440,13.626040459,13.757840157,0.131799996,28.263059616,_;_;_;640;1024;4096
5,118,deep_fast,vit_contract_blocked_fp8_frag,block33,640,32,655360,13.759519577,13.845439911,0.085919999,28.263059616,_;_;_;_;640;4096;1024
5,119,deep_fast,vit_qkv_project_normalize_fused_f16compact_fp8_frag,block33,3840,32,1966080,13.848199844,13.962759972,0.114560001,28.263059616,_;_;_;640
5,120,deep_fast,vit_attention_fused_640_bytein,block33,1280,32,327680,13.964400291,14.062959671,0.098559998,28.263059616,_;_;640
5,121,deep_fast,vit_project_frag,block33,2560,32,655360,14.065679550,14.203319550,0.137639999,28.263059616,_;_;_;_;640;1024;1024
5,122,deep_fast,vit_pack_input,block34,640,256,163840,14.205320358,14.252759933,0.047440000,28.263059616,_;_;655360
5,123,deep_fast,vit_expand_blocked_fp8_frag_bytein,block34,2560,32,2621440,14.257760048,14.337400436,0.079640001,28.263059616,_;_;_;640;1024;4096
5,124,deep_fast,vit_contract_blocked_fp8_frag,block34,640,32,655360,14.339079857,14.424360275,0.085280001,28.263059616,_;_;_;_;640;4096;1024
5,125,deep_fast,vit_qkv_project_normalize_fused_f16compact_fp8_frag,block34,3840,32,1966080,14.427160263,14.541480064,0.114320002,28.263059616,_;_;_;640
5,126,deep_fast,vit_attention_fused_640_bytein,block34,1280,32,327680,14.543160439,14.641799927,0.098640002,28.263059616,_;_;640
5,127,deep_fast,vit_project_frag,block34,2560,32,655360,14.644519806,14.757399559,0.112879999,28.263059616,_;_;_;_;640;1024;1024
5,128,deep_fast,vit_pack_input,block35,640,256,163840,14.759440422,14.807279587,0.047839999,28.263059616,_;_;655360
5,129,deep_fast,vit_expand_blocked_fp8_frag_bytein,block35,2560,32,2621440,14.813639641,14.887800217,0.074160002,28.263059616,_;_;_;640;1024;4096
5,130,deep_fast,vit_contract_blocked_fp8_frag,block35,640,32,655360,14.889479637,14.975079536,0.085600004,28.263059616,_;_;_;_;640;4096;1024
5,131,deep_fast,vit_qkv_project_normalize_fused_f16compact_fp8_frag,block35,3840,32,1966080,14.977840424,15.090080261,0.112240002,28.263059616,_;_;_;640
5,132,deep_fast,vit_attention_fused_640_bytein,block35,1280,32,327680,15.091759682,15.191880226,0.100120001,28.263059616,_;_;640
5,133,deep_fast,vit_project_frag,block35,2560,32,655360,15.194640160,15.307080269,0.112439997,28.263059616,_;_;_;_;640;1024;1024
5,134,deep_fast,vit_pack_input,block36,640,256,163840,15.309160233,15.356800079,0.047640000,28.263059616,_;_;655360
5,135,deep_fast,vit_expand_blocked_fp8_frag_bytein,block36,2560,32,2621440,15.361800194,15.443559647,0.081759997,28.263059616,_;_;_;640;1024;4096
5,136,deep_fast,vit_contract_blocked_fp8_frag,block36,640,32,655360,15.445240021,15.531160355,0.085919999,28.263059616,_;_;_;_;640;4096;1024
5,137,deep_fast,vit_qkv_project_normalize_fused_f16compact_fp8_frag,block36,3840,32,1966080,15.533920288,15.646719933,0.112800002,28.263059616,_;_;_;640
5,138,deep_fast,vit_attention_fused_640_bytein,block36,1280,32,327680,15.648360252,15.746680260,0.098320000,28.263059616,_;_;640
5,139,deep_fast,vit_project_frag,block36,2560,32,655360,15.749400139,15.862719536,0.113320000,28.263059616,_;_;_;_;640;1024;1024
5,140,deep_fast,vit_pack_input,block37,640,256,163840,15.864760399,15.912240028,0.047479998,28.263059616,_;_;655360
5,141,deep_fast,vit_expand_blocked_fp8_frag_bytein,block37,2560,32,2621440,15.917240143,15.994759560,0.077519998,28.263059616,_;_;_;640;1024;4096
5,142,deep_fast,vit_contract_blocked_fp8_frag,block37,640,32,655360,15.996439934,16.081239700,0.084799998,28.263059616,_;_;_;_;640;4096;1024
5,143,deep_fast,vit_qkv_project_normalize_fused_f16compact_fp8_frag,block37,3840,32,1966080,16.083959579,16.201400757,0.117440000,28.263059616,_;_;_;640
5,144,deep_fast,vit_attention_fused_640_bytein,block37,1280,32,327680,16.203079224,16.306520462,0.103440002,28.263059616,_;_;640
5,145,deep_fast,vit_project_frag,block37,2560,32,655360,16.309240341,16.423999786,0.114759997,28.263059616,_;_;_;_;640;1024;1024
5,146,deep_fast,vit_pack_input,block38,640,256,163840,16.426040649,16.473119736,0.047079999,28.263059616,_;_;655360
5,147,deep_fast,vit_expand_blocked_fp8_frag_bytein,block38,2560,32,2621440,16.478120804,16.554000854,0.075879999,28.263059616,_;_;_;640;1024;4096
5,148,deep_fast,vit_contract_blocked_fp8_frag,block38,640,32,655360,16.555719376,16.641519547,0.085800000,28.263059616,_;_;_;_;640;4096;1024
5,149,deep_fast,vit_qkv_project_normalize_fused_f16compact_fp8_frag,block38,3840,32,1966080,16.644279480,16.757520676,0.113240004,28.263059616,_;_;_;640
5,150,deep_fast,vit_attention_fused_640_bytein,block38,1280,32,327680,16.759199142,16.857160568,0.097960003,28.263059616,_;_;640
5,151,deep_fast,vit_project_frag,block38,2560,32,655360,16.859880447,16.973680496,0.113799997,28.263059616,_;_;_;_;640;1024;1024
5,152,deep,vit_gather,block39,2560,256,655360,16.975719452,17.028560638,0.052839998,28.263059616,_;_;_;655360
5,153,deep_fast,decoder_project2x_h16w,block39,1280,32,327680,17.035160065,17.117959976,0.082800001,28.263059616,_;_;_;_;32;20;60;36;1024;512
5,154,mh,mh_shift_pack,block40,5120,256,1310720,17.120960236,17.157480240,0.036520001,28.263059616,_;_;60;36;64;40;0;0;512;0
5,155,deep_fast,split_mix_blocked_h16w,block40,1280,32,1310720,17.163959503,17.212320328,0.048360001,28.263059616,_;_;_;2560
5,156,deep_fast,split_ffn_fused_fp8_t8,block40,1280,128,1310720,17.216039658,17.283279419,0.067240000,28.263059616,_;_;_;_;2560
5,157,deep_fast,split_projection_frag,block40,1280,32,1310720,17.284799576,17.343399048,0.058600001,28.263059616,_;_;_;_;_;2560
5,158,mh_fast,mh_qkv_normalize_frag_c512,block40,3840,32,3932160,17.347719193,17.426240921,0.078520000,28.263059616,_;_;_;2560
5,159,mh_fused,mh_attention_fused_fp8_out,block40,640,128,640,17.428880692,17.494400024,0.065520003,28.263059616,_;_;_;64;40;512
5,160,mh_fast,mh_attention_project_frag_c512,block40,1280,32,1310720,17.495800018,17.573120117,0.077320002,28.263059616,_;_;_;_;2560;0;60;36;64;0;0
5,161,mh,mh_shift_pack,block41,5120,256,1310720,17.576839447,17.634439468,0.057599999,28.263059616,_;_;60;36;64;40;4;4;512;0
5,162,deep_fast,split_mix_blocked_h16w,block41,1280,32,1310720,17.641639709,17.714199066,0.072559997,28.263059616,_;_;_;2560
5,163,deep_fast,split_ffn_fused_fp8_t8,block41,1280,128,1310720,17.717920303,17.766519547,0.048599999,28.263059616,_;_;_;_;2560
5,164,deep_fast,split_projection_frag,block41,1280,32,1310720,17.768159866,17.819320679,0.051160000,28.263059616,_;_;_;_;_;2560
5,165,mh_fast,mh_qkv_normalize_frag_c512,block41,3840,32,3932160,17.823720932,17.905639648,0.081919998,28.263059616,_;_;_;2560
5,166,mh_fused,mh_attention_fused_fp8_out,block41,640,128,640,17.906999588,17.970039368,0.063040003,28.263059616,_;_;_;64;40;512
5,167,mh_fast,mh_attention_project_frag_c512,block41,1280,32,1310720,17.971479416,18.046039581,0.074560001,28.263059616,_;_;_;_;2560;0;60;36;64;4;4
5,168,mh,mh_shift_pack,block44,5120,256,1310720,18.049760818,18.110319138,0.060559999,28.263059616,_;_;60;36;64;40;0;0;512;0
5,169,deep_fast,split_mix_blocked_h16w,block44,1280,32,1310720,18.118120193,18.165519714,0.047400001,28.263059616,_;_;_;2560
5,170,deep_fast,split_ffn_fused_fp8_t8,block44,1280,128,1310720,18.169200897,18.232160568,0.062959999,28.263059616,_;_;_;_;2560
5,171,deep_fast,split_projection_frag,block44,1280,32,1310720,18.233640671,18.293680191,0.060040001,28.263059616,_;_;_;_;_;2560
5,172,mh_fast,mh_qkv_normalize_frag_c512,block44,3840,32,3932160,18.298000336,18.375600815,0.077600002,28.263059616,_;_;_;2560
5,173,mh_fused,mh_attention_fused_fp8_out,block44,640,128,640,18.378280640,18.441440582,0.063160002,28.263059616,_;_;_;64;40;512
5,174,mh_fast,mh_attention_project_frag_c512,block44,1280,32,1310720,18.442840576,18.514680862,0.071840003,28.263059616,_;_;_;_;2560;0;60;36;64;0;0
5,175,mh,mh_shift_pack,block45,5120,256,1310720,18.518440247,18.573280334,0.054839998,28.263059616,_;_;60;36;64;40;4;4;512;0
5,176,deep_fast,split_mix_blocked_h16w,block45,1280,32,1310720,18.580959320,18.654600143,0.073639996,28.263059616,_;_;_;2560
5,177,deep_fast,split_ffn_fused_fp8_t8,block45,1280,128,1310720,18.658359528,18.726680756,0.068319999,28.263059616,_;_;_;_;2560
5,178,deep_fast,split_projection_frag,block45,1280,32,1310720,18.728200912,18.786520004,0.058320001,28.263059616,_;_;_;_;_;2560
5,179,mh_fast,mh_qkv_normalize_frag_c512,block45,3840,32,3932160,18.790880203,18.873399734,0.082520001,28.263059616,_;_;_;2560
5,180,mh_fused,mh_attention_fused_fp8_out,block45,640,128,640,18.874759674,18.938840866,0.064080000,28.263059616,_;_;_;64;40;512
5,181,mh_fast,mh_attention_project_frag_c512,block45,1280,32,1310720,18.940240860,19.016799927,0.076559998,28.263059616,_;_;_;_;2560;0;60;36;64;4;4
5,182,mh,mh_shift_pack,block47,5120,256,1310720,19.020519257,19.076480865,0.055960000,28.263059616,_;_;60;36;64;40;0;4;512;0
5,183,deep_fast,split_mix_blocked_h16w,block47,1280,32,1310720,19.082519531,19.156679153,0.074160002,28.263059616,_;_;_;2560
5,184,deep_fast,split_ffn_fused_fp8_t8,block47,1280,128,1310720,19.160400391,19.230640411,0.070239998,28.263059616,_;_;_;_;2560
5,185,deep_fast,split_projection_frag,block47,1280,32,1310720,19.232160568,19.288959503,0.056800000,28.263059616,_;_;_;_;_;2560
5,186,mh_fast,mh_qkv_normalize_frag_c512,block47,3840,32,3932160,19.293359756,19.372480392,0.079120003,28.263059616,_;_;_;2560
5,187,mh_fused,mh_attention_fused_fp8_out,block47,640,128,640,19.375240326,19.413520813,0.038279999,28.263059616,_;_;_;64;40;512
5,188,mh_fast,mh_attention_project_frag_c512,block47,1280,32,1310720,19.414920807,19.481439590,0.066519998,28.263059616,_;_;_;_;2560;0;60;36;64;0;4
5,189,deep_fast,decoder_project2x_h16w_byteout,block48,2160,32,552960,19.485160828,19.580080032,0.094920002,28.263059616,_;_;_;_;60;36;120;72;512;256
5,190,mh_fast,mh_ffn_fused_c256_frag_project_g128_qkv_bytein_fb,block48,540,512,2211840,19.581680298,19.703960419,0.122280002,28.263059616,_;_;_;_;_;8640;120;72;120;0;0
5,191,mh_fused,c256_attention_project_fb_bout_diag,block48,135,512,135,19.705320358,19.792680740,0.087360002,28.263059616,_;_;_;_;120;72;0;0;0;0;0
5,192,mh_fast,mh_ffn_fused_c256_frag_project_mapped_g128_qkv_bytein_fb,block49,640,512,2621440,19.794319153,19.922840118,0.128519997,28.263059616,_;_;_;_;_;10240;120;72;128;4;4
5,193,mh_fused,c256_attention_project_fb_bout_diag,block49,160,512,160,19.924240112,20.018239975,0.093999997,28.263059616,_;_;_;_;128;80;4;120;72;4;4
5,194,mh_fast,mh_ffn_fused_c256_frag_project_mapped_g128_qkv_bytein_fb,block50,576,512,2359296,20.019880295,20.151199341,0.131320000,28.263059616,_;_;_;_;_;9216;120;72;128;4;0
5,195,mh_fused,c256_attention_project_fb_bout_diag,block50,144,512,144,20.152719498,20.245199203,0.092479996,28.263059616,_;_;_;_;128;72;4;120;72;4;0
5,196,mh_fast,mh_ffn_fused_c256_frag_project_mapped_g128_qkv_bytein_fb,block51,600,512,2457600,20.246959686,20.371040344,0.124080002,28.263059616,_;_;_;_;_;9600;120;72;120;0;4
5,197,mh_fused,c256_attention_project_fb_bout_diag,block51,150,512,150,20.372400284,20.468120575,0.095720001,28.263059616,_;_;_;_;120;80;4;120;72;0;4
5,198,mh_fast,mh_ffn_fused_c256_frag_project_g128_qkv_bytein_fb,block52,540,512,2211840,20.469839096,20.592199326,0.122359999,28.263059616,_;_;_;_;_;8640;120;72;120;0;0
5,199,mh_fused,c256_attention_project_fb_bout_diag,block52,135,512,135,20.593639374,20.683120728,0.089479998,28.263059616,_;_;_;_;120;72;4;0;0;0;0
5,200,mh_fast,mh_ffn_fused_c256_frag_project_mapped_g128_qkv_bytein_fb,block53,640,512,2621440,20.684680939,20.814239502,0.129559994,28.263059616,_;_;_;_;_;10240;120;72;128;4;4
5,201,mh_fused,c256_attention_project_fb_bout_diag,block53,160,512,160,20.815679550,20.903640747,0.087959997,28.263059616,_;_;_;_;128;80;4;120;72;4;4
5,202,mh_fast,mh_ffn_fused_c256_frag_project_mapped_g128_qkv_bytein_fb,block54,576,512,2359296,20.905519485,21.037200928,0.131679997,28.263059616,_;_;_;_;_;9216;120;72;128;4;0
5,203,mh_fused,c256_attention_project_fb_bout_diag,block54,144,512,144,21.038719177,21.130559921,0.091839999,28.263059616,_;_;_;_;128;72;4;120;72;4;0
5,204,mh_fast,mh_ffn_fused_c256_frag_project_mapped_g128_qkv_bytein_fb,block55,600,512,2457600,21.132280350,21.254400253,0.122120000,28.263059616,_;_;_;_;_;9600;120;72;120;0;4
5,205,mh_fused,c256_attention_project_fb_diag,block55,150,512,150,21.257040024,21.355199814,0.098159999,28.263059616,_;_;_;_;120;80;0;120;72;0;4
5,206,deep_fast,decoder_project2x_h16w_byteout,block56,4320,32,1105920,21.357400894,21.469839096,0.112439997,28.263059616,_;_;_;_;120;72;240;144;256;128
5,207,mh_fast,mh_ffn_fused_c128_project_mapped_g128_qkv_bytein_fb,block56,2232,256,4571136,21.471439362,21.631679535,0.160239995,28.263059616,_;_;_;_;_;35712;240;144;248;4;0
5,208,mh_fused,c128_attention_project_fb_bout_diag,block56,558,512,558,21.633119583,21.739919662,0.106799997,28.263059616,_;_;_;_;248;144;4;240;144;4;0
5,209,mh_fast,mh_ffn_fused_c128_project_mapped_g128_qkv_bytein_fb,block57,2280,256,4669440,21.741399765,21.871759415,0.130360007,28.263059616,_;_;_;_;_;36480;240;144;240;0;4
5,210,mh_fused,c128_attention_project_fb_bout_diag,block57,570,512,570,21.879999161,21.984920502,0.104920000,28.263059616,_;_;_;_;240;152;4;240;144;0;4
5,211,mh_fast,mh_ffn_fused_c128_project_g128_qkv_bytein_fb,block58,2160,256,4423680,21.986400604,22.136039734,0.149639994,28.263059616,_;_;_;_;_;34560;240;144;240;0;0
5,212,mh_fused,c128_attention_project_fb_bout_diag,block58,540,512,540,22.137359619,22.234760284,0.097400002,28.263059616,_;_;_;_;240;144;4;0;0;0;0
5,213,mh_fast,mh_ffn_fused_c128_project_mapped_g128_qkv_bytein_fb,block59,2356,256,4825088,22.236280441,22.392120361,0.155839995,28.263059616,_;_;_;_;_;37696;240;144;248;4;4
5,214,mh_fused,c128_attention_project_fb_bout_diag,block59,589,512,589,22.400400162,22.507240295,0.106840000,28.263059616,_;_;_;_;248;152;4;240;144;4;4
5,215,mh_fast,mh_ffn_fused_c128_project_mapped_g128_qkv_bytein_fb,block60,2232,256,4571136,22.508640289,22.668079376,0.159439996,28.263059616,_;_;_;_;_;35712;240;144;248;4;0
5,216,mh_fused,c128_attention_project_fb_bout_diag,block60,558,512,558,22.669479370,22.777479172,0.108000003,28.263059616,_;_;_;_;248;144;4;240;144;4;0
5,217,mh_fast,mh_ffn_fused_c128_project_mapped_g128_qkv_bytein_fb,block61,2280,256,4669440,22.778959274,22.929399490,0.150440007,28.263059616,_;_;_;_;_;36480;240;144;240;0;4
5,218,mh_fused,c128_attention_project_fb_diag,block61,570,512,570,22.937639236,23.047159195,0.109520003,28.263059616,_;_;_;_;240;152;0;240;144;0;4
5,219,deep_fast,decoder_project2x_h16w_byteout,block62,8640,32,2211840,23.048919678,23.204359055,0.155440003,28.263059616,_;_;_;_;240;144;480;288;128;64
5,220,mh_fast,mh_ffn_fused_c64_project_g128_qkv_bytein_fb,block62,8640,128,8847360,23.206039429,23.392320633,0.186279997,28.263059616,_;_;_;_;_;138240;480;288;480;0;0
5,221,mh_fused,c64_attention_project_fb_bout_diag,block62,2160,256,2160,23.393720627,23.526279449,0.132560000,28.263059616,_;_;_;_;480;288;4;0;0;0;0
5,222,mh_fast,mh_ffn_fused_c64_project_mapped_g128_qkv_bytein_fb,block63,9028,128,9244672,23.527679443,23.744039536,0.216360003,28.263059616,_;_;_;_;_;144448;480;288;488;4;4
5,223,mh_fused,c64_attention_project_fb_bout_diag,block63,2257,256,2257,23.745399475,23.908039093,0.162640005,28.263059616,_;_;_;_;488;296;4;480;288;4;4
5,224,mh_fast,mh_ffn_fused_c64_project_mapped_g128_qkv_bytein_fb,block64,8784,128,8994816,23.909479141,24.118839264,0.209360003,28.263059616,_;_;_;_;_;140544;480;288;488;4;0
5,225,mh_fused,c64_attention_project_fb_bout_diag,block64,2196,256,2196,24.120239258,24.296159744,0.175919995,28.263059616,_;_;_;_;488;288;4;480;288;4;0
5,226,mh_fast,mh_ffn_fused_c64_project_mapped_g128_qkv_bytein_fb,block65,8880,128,9093120,24.297679901,24.509920120,0.212239996,28.263059616,_;_;_;_;_;142080;480;288;480;0;4
5,227,mh_fused,c64_attention_project_fb_diag,block65,2220,256,2220,24.511320114,24.677240372,0.165920004,28.263059616,_;_;_;_;480;296;0;480;288;0;4
5,228,deep_fast,decoder_project2x_h16w,block69,17280,32,4423680,24.678840637,25.018039703,0.339199990,28.263059616,_;_;_;_;480;288;960;576;64;32
5,229,c32_fused_ffn,c32_fast_ffn_attention_fused_half_mapped,block69,8640,128,8640,25.021039963,25.421060562,0.400020003,28.263059616,_;_;_;_;8640;0;1;960;576;0;0
5,230,c32_fused_ffn,c32_fast_ffn_attention_fused_half_chain,block69,8833,128,8833,25.422540665,25.808959961,0.386420012,28.263059616,_;_;_;_;8833;3;1;960;576;4;4;960;0;0
5,231,c32_fused_ffn,c32_fast_ffn_attention_fused_half_chain,block69,8712,128,8712,25.810520172,26.203159332,0.392639995,28.263059616,_;_;_;_;8712;3;1;960;576;4;0;968;4;4
5,232,c32_fused_ffn,c32_fast_ffn_attention_fused_half_chain_finish,block69,8760,128,8760,26.204759598,26.631860733,0.427100003,28.263059616,_;_;_;_;_;8760;3;1;960;576;0;4;968;4;0
5,233,c32_fused_ffn,c32_post_merge_head_half,block70,34945,128,34945,26.633420944,28.182960510,1.549540043,28.263059616,_;_;_;_;_;_;_;_;34945;1920;1152;4;4;_
6,0,c32_fused_ffn,c32_fast_ffn_attention_fused_half_prefix_finish_main8,pre-down,34560,128,34560,0.005680000,1.565400004,1.559720039,28.801919937,_;_;_;_;_;_;34560;0;1;1920;1152;0;0
6,1,c32_fused_ffn,c32_fast_ffn_attention_fused_half_mapped,block4,8640,128,8640,1.572919965,1.968559980,0.395639986,28.801919937,_;_;_;_;8640;0;1;960;576;0;0
6,2,c32_fused_ffn,c32_fast_ffn_attention_fused_half_chain,block4,8833,128,8833,1.970000029,2.367160082,0.397159994,28.801919937,_;_;_;_;8833;3;1;960;576;4;4;960;0;0
6,3,c32_fused_ffn,c32_fast_ffn_attention_fused_half_chain,block4,8712,128,8712,2.368760109,2.743760109,0.375000000,28.801919937,_;_;_;_;8712;3;1;960;576;4;0;968;4;4
6,4,c32_fused_ffn,c32_fast_ffn_attention_fused_half_chain_finish_dcrop,block4,8760,128,8760,2.745320082,3.167720079,0.422399998,28.801919937,_;_;_;_;_;8760;3;1;960;576;0;4;968;4;0
6,5,mh_fast,mh_pool_project_production_h16w,block5,34560,32,8847360,3.169280052,3.273080111,0.103799999,28.801919937,_;_;_;480;288;0;0;32
6,6,mh_fast,mh_ffn_fused_c64_project_g128_qkv_fb,block5,8640,128,8847360,3.280159950,3.467999935,0.187840000,28.801919937,_;_;_;_;_;138240;480;288;480;0;0
6,7,mh_fused,c64_attention_project_fb_bout_diag,block5,2160,256,2160,3.469399929,3.608279943,0.138880000,28.801919937,_;_;_;_;480;288;4;0;0;0;0
6,8,mh_fast,mh_ffn_fused_c64_project_mapped_g128_qkv_bytein_fb,block6,9028,128,9244672,3.609679937,3.821759939,0.212080002,28.801919937,_;_;_;_;_;144448;480;288;488;4;4
6,9,mh_fused,c64_attention_project_fb_bout_diag,block6,2257,256,2257,3.823120117,3.982520103,0.159400001,28.801919937,_;_;_;_;488;296;4;480;288;4;4
6,10,mh_fast,mh_ffn_fused_c64_project_mapped_g128_qkv_bytein_fb,block7,8784,128,8994816,3.983959913,4.193039894,0.209079996,28.801919937,_;_;_;_;_;140544;480;288;488;4;0
6,11,mh_fused,c64_attention_project_fb_bout_diag,block7,2196,256,2196,4.194399834,4.348559856,0.154159993,28.801919937,_;_;_;_;488;288;4;480;288;4;0
6,12,mh_fast,mh_ffn_fused_c64_project_mapped_g128_qkv_bytein_fb,block8,8880,128,9093120,4.350080013,4.560919762,0.210840002,28.801919937,_;_;_;_;_;142080;480;288;480;0;4
6,13,mh_fused,c64_attention_project_fb_diag,block8,2220,256,2220,4.562240124,4.717319965,0.155080006,28.801919937,_;_;_;_;480;296;3;480;288;0;4
6,14,mh_fast,mh_pool_project_group_c64,block9,2160,64,4423680,4.718840122,4.812759876,0.093920000,28.801919937,_;_;_;240;144;480;0;0
6,15,mh_fast,mh_ffn_fused_c128_project_g128_qkv_fb,block9,2160,256,4423680,4.816760063,4.968120098,0.151360005,28.801919937,_;_;_;_;_;34560;240;144;240;0;0
6,16,mh_fused,c128_attention_project_fb_bout_diag,block9,540,512,540,4.969520092,5.069640160,0.100120001,28.801919937,_;_;_;_;240;144;4;0;0;0;0
6,17,mh_fast,mh_ffn_fused_c128_project_mapped_g128_qkv_bytein_fb,block10,2356,256,4825088,5.071119785,5.230199814,0.159079999,28.801919937,_;_;_;_;_;37696;240;144;248;4;4
6,18,mh_fused,c128_attention_project_fb_bout_diag,block10,589,512,589,5.238279819,5.344399929,0.106119998,28.801919937,_;_;_;_;248;152;4;240;144;4;4
6,19,mh_fast,mh_ffn_fused_c128_project_mapped_g128_qkv_bytein_fb,block11,2232,256,4571136,5.345880032,5.507199764,0.161320001,28.801919937,_;_;_;_;_;35712;240;144;248;4;0
6,20,mh_fused,c128_attention_project_fb_bout_diag,block11,558,512,558,5.508560181,5.616720200,0.108159997,28.801919937,_;_;_;_;248;144;4;240;144;4;0
6,21,mh_fast,mh_ffn_fused_c128_project_mapped_g128_qkv_bytein_fb,block12,2280,256,4669440,5.618199825,5.773519993,0.155320004,28.801919937,_;_;_;_;_;36480;240;144;240;0;4
6,22,mh_fused,c128_attention_project_fb_bout_diag,block12,570,512,570,5.783840179,5.873239994,0.089400001,28.801919937,_;_;_;_;240;152;4;240;144;0;4
6,23,mh_fast,mh_ffn_fused_c128_project_g128_qkv_bytein_fb,block13,2160,256,4423680,5.874680042,6.022280216,0.147599995,28.801919937,_;_;_;_;_;34560;240;144;240;0;0
6,24,mh_fused,c128_attention_project_fb_bout_diag,block13,540,512,540,6.024879932,6.120999813,0.096120000,28.801919937,_;_;_;_;240;144;4;0;0;0;0
6,25,mh_fast,mh_ffn_fused_c128_project_mapped_g128_qkv_bytein_fb,block14,2356,256,4825088,6.122479916,6.280799866,0.158319995,28.801919937,_;_;_;_;_;37696;240;144;248;4;4
6,26,mh_fused,c128_attention_project_fb_diag,block14,589,512,589,6.288959980,6.395440102,0.106480002,28.801919937,_;_;_;_;248;152;3;240;144;4;4
6,27,mh_fast,mh_pool_project_group_c128,block15,540,128,2211840,6.396959782,6.467760086,0.070799999,28.801919937,_;_;_;120;72;240;0;0
6,28,mh_fast,mh_ffn_fused_c256_frag_project_g128_qkv_fb,block15,540,512,2211840,6.470520020,6.595160007,0.124640003,28.801919937,_;_;_;_;_;8640;120;72;120;0;0
6,29,mh_fused,c256_attention_project_fb_bout_diag,block15,135,512,135,6.596600056,6.684000015,0.087399997,28.801919937,_;_;_;_;120;72;4;0;0;0;0
6,30,mh_fast,mh_ffn_fused_c256_frag_project_mapped_g128_qkv_bytein_fb,block16,640,512,2621440,6.685480118,6.820680141,0.135199994,28.801919937,_;_;_;_;_;10240;120;72;128;4;4
6,31,mh_fused,c256_attention_project_fb_bout_diag,block16,160,512,160,6.822080135,6.917479992,0.095399998,28.801919937,_;_;_;_;128;80;4;120;72;4;4
6,32,mh_fast,mh_ffn_fused_c256_frag_project_mapped_g128_qkv_bytein_fb,block17,576,512,2359296,6.919199944,7.050600052,0.131400004,28.801919937,_;_;_;_;_;9216;120;72;128;4;0
6,33,mh_fused,c256_attention_project_fb_bout_diag,block17,144,512,144,7.052120209,7.144360065,0.092239998,28.801919937,_;_;_;_;128;72;4;120;72;4;0
6,34,mh_fast,mh_ffn_fused_c256_frag_project_mapped_g128_qkv_bytein_fb,block18,600,512,2457600,7.146080017,7.271800041,0.125719994,28.801919937,_;_;_;_;_;9600;120;72;120;0;4
6,35,mh_fused,c256_attention_project_fb_bout_diag,block18,150,512,150,7.273159981,7.367720127,0.094559997,28.801919937,_;_;_;_;120;80;4;120;72;0;4
6,36,mh_fast,mh_ffn_fused_c256_frag_project_g128_qkv_bytein_fb,block19,540,512,2211840,7.369480133,7.491839886,0.122359999,28.801919937,_;_;_;_;_;8640;120;72;120;0;0
6,37,mh_fused,c256_attention_project_fb_bout_diag,block19,135,512,135,7.493279934,7.581240177,0.087959997,28.801919937,_;_;_;_;120;72;4;0;0;0;0
6,38,mh_fast,mh_ffn_fused_c256_frag_project_mapped_g128_qkv_bytein_fb,block20,640,512,2621440,7.582960129,7.711040020,0.128079996,28.801919937,_;_;_;_;_;10240;120;72;128;4;4
6,39,mh_fused,c256_attention_project_fb_bout_diag,block20,160,512,160,7.712359905,7.809120178,0.096759997,28.801919937,_;_;_;_;128;80;4;120;72;4;4
6,40,mh_fast,mh_ffn_fused_c256_frag_project_mapped_g128_qkv_bytein_fb,block21,576,512,2359296,7.810760021,7.943520069,0.132760003,28.801919937,_;_;_;_;_;9216;120;72;128;4;0
6,41,mh_fused,c256_attention_project_fb_bout_diag,block21,144,512,144,7.945000172,8.037679672,0.092680000,28.801919937,_;_;_;_;128;72;4;120;72;4;0
6,42,mh_fast,mh_ffn_fused_c256_frag_project_mapped_g128_qkv_bytein_fb,block22,600,512,2457600,8.039440155,8.165719986,0.126279995,28.801919937,_;_;_;_;_;9600;120;72;120;0;4
6,43,mh_fused,c256_attention_project_fb_diag,block22,150,512,150,8.167119980,8.264519691,0.097400002,28.801919937,_;_;_;_;120;80;3;120;72;0;4
6,44,mh_fast,mh_pool_project_group_c256,block23,135,256,1105920,8.266480446,8.328399658,0.061919998,28.801919937,_;_;_;60;36;120;0;0
6,45,mh,mh_shift_pack,block23,5120,256,1310720,8.332039833,8.394760132,0.062720001,28.801919937,_;_;60;36;64;40;0;0;512;0
6,46,deep_fast,split_mix_blocked_h16w,block23,1280,32,1310720,8.401200294,8.476160049,0.074960001,28.801919937,_;_;_;2560
6,47,deep_fast,split_ffn_fused_fp8_t8,block23,1280,128,1310720,8.479840279,8.548159599,0.068319999,28.801919937,_;_;_;_;2560
6,48,deep_fast,split_projection_frag,block23,1280,32,1310720,8.549599648,8.608679771,0.059080001,28.801919937,_;_;_;_;_;2560
6,49,mh_fast,mh_qkv_normalize_frag_c512,block23,3840,32,3932160,8.613039970,8.689439774,0.076399997,28.801919937,_;_;_;2560
6,50,mh_fused,mh_attention_fused_fp8_out,block23,640,128,640,8.692079544,8.759400368,0.067319997,28.801919937,_;_;_;64;40;512
6,51,mh_fast,mh_attention_project_frag_c512,block23,1280,32,1310720,8.760800362,8.831480026,0.070680000,28.801919937,_;_;_;_;2560;0;60;36;64;0;0
6,52,mh,mh_shift_pack,block24,5120,256,1310720,8.835200310,8.892600060,0.057399999,28.801919937,_;_;60;36;64;40;4;4;512;0
6,53,deep_fast,split_mix_blocked_h16w,block24,1280,32,1310720,8.900239944,8.972479820,0.072240002,28.801919937,_;_;_;2560
6,54,deep_fast,split_ffn_fused_fp8_t8,block24,1280,128,1310720,8.976200104,9.045519829,0.069320001,28.801919937,_;_;_;_;2560
6,55,deep_fast,split_projection_frag,block24,1280,32,1310720,9.046999931,9.117839813,0.070840001,28.801919937,_;_;_;_;_;2560
6,56,mh_fast,mh_qkv_normalize_frag_c512,block24,3840,32,3932160,9.122320175,9.206319809,0.083999999,28.801919937,_;_;_;2560
6,57,mh_fused,mh_attention_fused_fp8_out,block24,640,128,640,9.207679749,9.273599625,0.065920003,28.801919937,_;_;_;64;40;512
6,58,mh_fast,mh_attention_project_frag_c512,block24,1280,32,1310720,9.275039673,9.348919868,0.073880002,28.801919937,_;_;_;_;2560;0;60;36;64;4;4
6,59,mh,mh_shift_pack,block25,5120,256,1310720,9.352680206,9.410240173,0.057560001,28.801919937,_;_;60;36;64;40;4;0;512;0
6,60,deep_fast,split_mix_blocked_h16w,block25,1280,32,1310720,9.416680336,9.489919662,0.073239997,28.801919937,_;_;_;2560
6,61,deep_fast,split_ffn_fused_fp8_t8,block25,1280,128,1310720,9.493599892,9.561320305,0.067720003,28.801919937,_;_;_;_;2560
6,62,deep_fast,split_projection_frag,block25,1280,32,1310720,9.562800407,9.620639801,0.057840001,28.801919937,_;_;_;_;_;2560
6,63,mh_fast,mh_qkv_normalize_frag_c512,block25,3840,32,3932160,9.625000000,9.706279755,0.081280001,28.801919937,_;_;_;2560
6,64,mh_fused,mh_attention_fused_fp8_out,block25,640,128,640,9.707639694,9.773039818,0.065399997,28.801919937,_;_;_;64;40;512
6,65,mh_fast,mh_attention_project_frag_c512,block25,1280,32,1310720,9.774479866,9.874799728,0.100319996,28.801919937,_;_;_;_;2560;0;60;36;64;4;0
6,66,mh,mh_shift_pack,block26,5120,256,1310720,9.878479958,9.936280251,0.057799999,28.801919937,_;_;60;36;64;40;0;4;512;0
6,67,deep_fast,split_mix_blocked_h16w,block26,1280,32,1310720,9.943599701,10.019160271,0.075560004,28.801919937,_;_;_;2560
6,68,deep_fast,split_ffn_fused_fp8_t8,block26,1280,128,1310720,10.022879601,10.091199875,0.068319999,28.801919937,_;_;_;_;2560
6,69,deep_fast,split_projection_frag,block26,1280,32,1310720,10.092720032,10.152119637,0.059400000,28.801919937,_;_;_;_;_;2560
6,70,mh_fast,mh_qkv_normalize_frag_c512,block26,3840,32,3932160,10.156479836,10.240400314,0.083920002,28.801919937,_;_;_;2560
6,71,mh_fused,mh_attention_fused_fp8_out,block26,640,128,640,10.241760254,10.306839943,0.065080002,28.801919937,_;_;_;64;40;512
6,72,mh_fast,mh_attention_project_frag_c512,block26,1280,32,1310720,10.308279991,10.381679535,0.073399998,28.801919937,_;_;_;_;2560;0;60;36;64;0;4
6,73,mh,mh_shift_pack,block27,5120,256,1310720,10.385439873,10.442760468,0.057319999,28.801919937,_;_;60;36;64;40;0;0;512;0
6,74,deep_fast,split_mix_blocked_h16w,block27,1280,32,1310720,10.449319839,10.523320198,0.074000001,28.801919937,_;_;_;2560
6,75,deep_fast,split_ffn_fused_fp8_t8,block27,1280,128,1310720,10.527039528,10.596079826,0.069040000,28.801919937,_;_;_;_;2560
6,76,deep_fast,split_projection_frag,block27,1280,32,1310720,10.597519875,10.658280373,0.060759999,28.801919937,_;_;_;_;_;2560
6,77,mh_fast,mh_qkv_normalize_frag_c512,block27,3840,32,3932160,10.662599564,10.745519638,0.082920000,28.801919937,_;_;_;2560
6,78,mh_fused,mh_attention_fused_fp8_out,block27,640,128,640,10.748160362,10.808119774,0.059960000,28.801919937,_;_;_;64;40;512
6,79,mh_fast,mh_attention_project_frag_c512,block27,1280,32,1310720,10.809519768,10.882599831,0.073080003,28.801919937,_;_;_;_;2560;0;60;36;64;0;0
6,80,mh,mh_shift_pack,block28,5120,256,1310720,10.886320114,10.944239616,0.057920001,28.801919937,_;_;60;36;64;40;4;4;512;0
6,81,deep_fast,split_mix_blocked_h16w,block28,1280,32,1310720,10.951439857,11.022680283,0.071240000,28.801919937,_;_;_;2560
6,82,deep_fast,split_ffn_fused_fp8_t8,block28,1280,128,1310720,11.026439667,11.098039627,0.071599998,28.801919937,_;_;_;_;2560
6,83,deep_fast,split_projection_frag,block28,1280,32,1310720,11.099559784,11.159359932,0.059799999,28.801919937,_;_;_;_;_;2560
6,84,mh_fast,mh_qkv_normalize_frag_c512,block28,3840,32,3932160,11.163760185,11.247920036,0.084160000,28.801919937,_;_;_;2560
6,85,mh_fused,mh_attention_fused_fp8_out,block28,640,128,640,11.249320030,11.308360100,0.059039999,28.801919937,_;_;_;64;40;512
6,86,mh_fast,mh_attention_project_frag_c512,block28,1280,32,1310720,11.309800148,11.381320000,0.071520001,28.801919937,_;_;_;_;2560;0;60;36;64;4;4
6,87,mh,mh_shift_pack,block29,5120,256,1310720,11.385080338,11.443120003,0.058040000,28.801919937,_;_;60;36;64;40;4;0;512;0
6,88,deep_fast,split_mix_blocked_h16w,block29,1280,32,1310720,11.451080322,11.524439812,0.073360004,28.801919937,_;_;_;2560
6,89,deep_fast,split_ffn_fused_fp8_t8,block29,1280,128,1310720,11.528160095,11.597640038,0.069480002,28.801919937,_;_;_;_;2560
6,90,deep_fast,split_projection_frag,block29,1280,32,1310720,11.599120140,11.659999847,0.060880002,28.801919937,_;_;_;_;_;2560
6,91,mh_fast,mh_qkv_normalize_frag_c512,block29,3840,32,3932160,11.664360046,11.749640465,0.085280001,28.801919937,_;_;_;2560
6,92,mh_fused,mh_attention_fused_fp8_out,block29,640,128,640,11.751040459,11.817119598,0.066079997,28.801919937,_;_;_;64;40;512
6,93,mh_fast,mh_attention_project_frag_c512,block29,1280,32,1310720,11.818559647,11.893600464,0.075039998,28.801919937,_;_;_;_;2560;0;60;36;64;4;0
6,94,mh,mh_shift_pack,block30,5120,256,1310720,11.897359848,11.955519676,0.058160000,28.801919937,_;_;60;36;64;40;0;4;512;0
6,95,deep_fast,split_mix_blocked_h16w,block30,1280,32,1310720,11.961640358,12.035160065,0.073519997,28.801919937,_;_;_;2560
6,96,deep_fast,split_ffn_fused_fp8_t8,block30,1280,128,1310720,12.038920403,12.108400345,0.069480002,28.801919937,_;_;_;_;2560
6,97,deep_fast,split_projection_frag,block30,1280,32,1310720,12.109880447,12.169360161,0.059480000,28.801919937,_;_;_;_;_;2560
6,98,mh_fast,mh_qkv_normalize_frag_c512,block30,3840,32,3932160,12.173720360,12.257559776,0.083839998,28.801919937,_;_;_;2560
6,99,mh_fused,mh_attention_fused_fp8_out,block30,640,128,640,12.258959770,12.323800087,0.064839996,28.801919937,_;_;_;64;40;512
6,100,mh_fast,mh_attention_project_frag_c512,block30,1280,32,1310720,12.325240135,12.397919655,0.072679996,28.801919937,_;_;_;_;2560;3;60;36;64;0;4
6,101,mh,mh_pool,head,1280,256,327680,12.401639938,12.451000214,0.049360000,28.801919937,_;_;32;20;60;30;18;512
6,102,mh_fast,mh_pool_project_production_h16w,head,2560,32,655360,12.456319809,12.597279549,0.140959993,28.801919937,_;_;_;32;20;30;18;512
6,103,deep,vit_gather,block31,2560,256,655360,12.598959923,12.653719902,0.054760002,28.801919937,_;_;_;655360
6,104,deep_fast,vit_pack_input,block31,640,256,163840,12.658960342,12.712800026,0.053840000,28.801919937,_;_;655360
6,105,deep_fast,vit_expand_blocked_fp8_frag_bytein,block31,2560,32,2621440,12.717599869,12.797639847,0.080040000,28.801919937,_;_;_;640;1024;4096
6,106,deep_fast,vit_contract_blocked_fp8_frag,block31,640,32,655360,12.799320221,12.885359764,0.086039998,28.801919937,_;_;_;_;640;4096;1024
6,107,deep_fast,vit_qkv_project_normalize_fused_f16compact_fp8_frag,block31,3840,32,1966080,12.888119698,13.003999710,0.115879998,28.801919937,_;_;_;640
6,108,deep_fast,vit_attention_fused_640_bytein,block31,1280,32,327680,13.005680084,13.106920242,0.101240002,28.801919937,_;_;640
6,109,deep_fast,vit_project_frag,block31,2560,32,655360,13.109640121,13.222960472,0.113320000,28.801919937,_;_;_;_;640;1024;1024
6,110,deep_fast,vit_pack_input,block32,640,256,163840,13.225040436,13.273839951,0.048799999,28.801919937,_;_;655360
6,111,deep_fast,vit_expand_blocked_fp8_frag_bytein,block32,2560,32,2621440,13.279840469,13.356920242,0.077079996,28.801919937,_;_;_;640;1024;4096
6,112,deep_fast,vit_contract_blocked_fp8_frag,block32,640,32,655360,13.358639717,13.445400238,0.086759999,28.801919937,_;_;_;_;640;4096;1024
6,113,deep_fast,vit_qkv_project_normalize_fused_f16compact_fp8_frag,block32,3840,32,1966080,13.448160172,13.562879562,0.114720002,28.801919937,_;_;_;640
6,114,deep_fast,vit_attention_fused_640_bytein,block32,1280,32,327680,13.564599991,13.664919853,0.100319996,28.801919937,_;_;640
6,115,deep_fast,vit_project_frag,block32,2560,32,655360,13.667639732,13.784159660,0.116520002,28.801919937,_;_;_;_;640;1024;1024
6,116,deep_fast,vit_pack_input,block33,640,256,163840,13.786199570,13.835880280,0.049679998,28.801919937,_;_;655360
6,117,deep_fast,vit_expand_blocked_fp8_frag_bytein,block33,2560,32,2621440,13.842000008,13.941559792,0.099560000,28.801919937,_;_;_;640;1024;4096
6,118,deep_fast,vit_contract_blocked_fp8_frag,block33,640,32,655360,13.943240166,14.031120300,0.087880000,28.801919937,_;_;_;_;640;4096;1024
6,119,deep_fast,vit_qkv_project_normalize_fused_f16compact_fp8_frag,block33,3840,32,1966080,14.033880234,14.151280403,0.117399998,28.801919937,_;_;_;640
6,120,deep_fast,vit_attention_fused_640_bytein,block33,1280,32,327680,14.152919769,14.253800392,0.100879997,28.801919937,_;_;640
6,121,deep_fast,vit_project_frag,block33,2560,32,655360,14.256560326,14.370160103,0.113600001,28.801919937,_;_;_;_;640;1024;1024
6,122,deep_fast,vit_pack_input,block34,640,256,163840,14.372200012,14.420639992,0.048439998,28.801919937,_;_;655360
6,123,deep_fast,vit_expand_blocked_fp8_frag_bytein,block34,2560,32,2621440,14.425479889,14.507679939,0.082199998,28.801919937,_;_;_;640;1024;4096
6,124,deep_fast,vit_contract_blocked_fp8_frag,block34,640,32,655360,14.509400368,14.597359657,0.087959997,28.801919937,_;_;_;_;640;4096;1024
6,125,deep_fast,vit_qkv_project_normalize_fused_f16compact_fp8_frag,block34,3840,32,1966080,14.600119591,14.714360237,0.114239998,28.801919937,_;_;_;640
6,126,deep_fast,vit_attention_fused_640_bytein,block34,1280,32,327680,14.716039658,14.819959641,0.103919998,28.801919937,_;_;640
6,127,deep_fast,vit_project_frag,block34,2560,32,655360,14.822719574,14.960840225,0.138119996,28.801919937,_;_;_;_;640;1024;1024
6,128,deep_fast,vit_pack_input,block35,640,256,163840,14.962880135,15.013440132,0.050560001,28.801919937,_;_;655360
6,129,deep_fast,vit_expand_blocked_fp8_frag_bytein,block35,2560,32,2621440,15.018560410,15.102160454,0.083600000,28.801919937,_;_;_;640;1024;4096
6,130,deep_fast,vit_contract_blocked_fp8_frag,block35,640,32,655360,15.103839874,15.190919876,0.087080002,28.801919937,_;_;_;_;640;4096;1024
6,131,deep_fast,vit_qkv_project_normalize_fused_f16compact_fp8_frag,block35,3840,32,1966080,15.193719864,15.308560371,0.114840001,28.801919937,_;_;_;640
6,132,deep_fast,vit_attention_fused_640_bytein,block35,1280,32,327680,15.310239792,15.410679817,0.100440003,28.801919937,_;_;640
6,133,deep_fast,vit_project_frag,block35,2560,32,655360,15.413439751,15.531399727,0.117959999,28.801919937,_;_;_;_;640;1024;1024
6,134,deep_fast,vit_pack_input,block36,640,256,163840,15.533439636,15.582759857,0.049320001,28.801919937,_;_;655360
6,135,deep_fast,vit_expand_blocked_fp8_frag_bytein,block36,2560,32,2621440,15.588919640,15.670040131,0.081119999,28.801919937,_;_;_;640;1024;4096
6,136,deep_fast,vit_contract_blocked_fp8_frag,block36,640,32,655360,15.671759605,15.759840012,0.088079996,28.801919937,_;_;_;_;640;4096;1024
6,137,deep_fast,vit_qkv_project_normalize_fused_f16compact_fp8_frag,block36,3840,32,1966080,15.762599945,15.874520302,0.111919999,28.801919937,_;_;_;640
6,138,deep_fast,vit_attention_fused_640_bytein,block36,1280,32,327680,15.876199722,15.976360321,0.100160003,28.801919937,_;_;640
6,139,deep_fast,vit_project_frag,block36,2560,32,655360,15.979120255,16.093080521,0.113959998,28.801919937,_;_;_;_;640;1024;1024
6,140,deep_fast,vit_pack_input,block37,640,256,163840,16.095159531,16.144239426,0.049079999,28.801919937,_;_;655360
6,141,deep_fast,vit_expand_blocked_fp8_frag_bytein,block37,2560,32,2621440,16.149120331,16.228399277,0.079279996,28.801919937,_;_;_;640;1024;4096
6,142,deep_fast,vit_contract_blocked_fp8_frag,block37,640,32,655360,16.230079651,16.324720383,0.094640002,28.801919937,_;_;_;_;640;4096;1024
6,143,deep_fast,vit_qkv_project_normalize_fused_f16compact_fp8_frag,block37,3840,32,1966080,16.327480316,16.446399689,0.118919998,28.801919937,_;_;_;640
6,144,deep_fast,vit_attention_fused_640_bytein,block37,1280,32,327680,16.448040009,16.548519135,0.100479998,28.801919937,_;_;640
6,145,deep_fast,vit_project_frag,block37,2560,32,655360,16.551240921,16.665119171,0.113880001,28.801919937,_;_;_;_;640;1024;1024
6,146,deep_fast,vit_pack_input,block38,640,256,163840,16.667200089,16.718799591,0.051600002,28.801919937,_;_;655360
6,147,deep_fast,vit_expand_blocked_fp8_frag_bytein,block38,2560,32,2621440,16.723640442,16.823400497,0.099760003,28.801919937,_;_;_;640;1024;4096
6,148,deep_fast,vit_contract_blocked_fp8_frag,block38,640,32,655360,16.825040817,16.913120270,0.088079996,28.801919937,_;_;_;_;640;4096;1024
6,149,deep_fast,vit_qkv_project_normalize_fused_f16compact_fp8_frag,block38,3840,32,1966080,16.915840149,17.032119751,0.116279997,28.801919937,_;_;_;640
6,150,deep_fast,vit_attention_fused_640_bytein,block38,1280,32,327680,17.033800125,17.132879257,0.099079996,28.801919937,_;_;640
6,151,deep_fast,vit_project_frag,block38,2560,32,655360,17.135599136,17.249080658,0.113480002,28.801919937,_;_;_;_;640;1024;1024
6,152,deep,vit_gather,block39,2560,256,655360,17.251119614,17.305879593,0.054760002,28.801919937,_;_;_;655360
6,153,deep_fast,decoder_project2x_h16w,block39,1280,32,327680,17.311279297,17.395240784,0.083959997,28.801919937,_;_;_;_;32;20;60;36;1024;512
6,154,mh,mh_shift_pack,block40,5120,256,1310720,17.398279190,17.459999084,0.061719999,28.801919937,_;_;60;36;64;40;0;0;512;0
6,155,deep_fast,split_mix_blocked_h16w,block40,1280,32,1310720,17.467840195,17.517879486,0.050039999,28.801919937,_;_;_;2560
6,156,deep_fast,split_ffn_fused_fp8_t8,block40,1280,128,1310720,17.521560669,17.589759827,0.068200000,28.801919937,_;_;_;_;2560
6,157,deep_fast,split_projection_frag,block40,1280,32,1310720,17.591239929,17.651519775,0.060279999,28.801919937,_;_;_;_;_;2560
6,158,mh_fast,mh_qkv_normalize_frag_c512,block40,3840,32,3932160,17.655799866,17.744199753,0.088399999,28.801919937,_;_;_;2560
6,159,mh_fused,mh_attention_fused_fp8_out,block40,640,128,640,17.745519638,17.827560425,0.082039997,28.801919937,_;_;_;64;40;512
6,160,mh_fast,mh_attention_project_frag_c512,block40,1280,32,1310720,17.829000473,17.905960083,0.076959997,28.801919937,_;_;_;_;2560;0;60;36;64;0;0
6,161,mh,mh_shift_pack,block41,5120,256,1310720,17.909679413,17.967800140,0.058120001,28.801919937,_;_;60;36;64;40;4;4;512;0
6,162,deep_fast,split_mix_blocked_h16w,block41,1280,32,1310720,17.974039078,18.050119400,0.076080002,28.801919937,_;_;_;2560
6,163,deep_fast,split_ffn_fused_fp8_t8,block41,1280,128,1310720,18.053880692,18.122680664,0.068800002,28.801919937,_;_;_;_;2560
6,164,deep_fast,split_projection_frag,block41,1280,32,1310720,18.124120712,18.184839249,0.060720000,28.801919937,_;_;_;_;_;2560
6,165,mh_fast,mh_qkv_normalize_frag_c512,block41,3840,32,3932160,18.189239502,18.270080566,0.080839999,28.801919937,_;_;_;2560
6,166,mh_fused,mh_attention_fused_fp8_out,block41,640,128,640,18.272840500,18.333200455,0.060360000,28.801919937,_;_;_;64;40;512
6,167,mh_fast,mh_attention_project_frag_c512,block41,1280,32,1310720,18.334600449,18.410440445,0.075839996,28.801919937,_;_;_;_;2560;0;60;36;64;4;4
6,168,mh,mh_shift_pack,block44,5120,256,1310720,18.414159775,18.471439362,0.057280000,28.801919937,_;_;60;36;64;40;0;0;512;0
6,169,deep_fast,split_mix_blocked_h16w,block44,1280,32,1310720,18.479280472,18.581439972,0.102159999,28.801919937,_;_;_;2560
6,170,deep_fast,split_ffn_fused_fp8_t8,block44,1280,128,1310720,18.585199356,18.658519745,0.073320001,28.801919937,_;_;_;_;2560
6,171,deep_fast,split_projection_frag,block44,1280,32,1310720,18.660039902,18.718959808,0.058920000,28.801919937,_;_;_;_;_;2560
6,172,mh_fast,mh_qkv_normalize_frag_c512,block44,3840,32,3932160,18.723279953,18.805240631,0.081960000,28.801919937,_;_;_;2560
6,173,mh_fused,mh_attention_fused_fp8_out,block44,640,128,640,18.806640625,18.873319626,0.066679999,28.801919937,_;_;_;64;40;512
6,174,mh_fast,mh_attention_project_frag_c512,block44,1280,32,1310720,18.874759674,18.950880051,0.076119997,28.801919937,_;_;_;_;2560;0;60;36;64;0;0
6,175,mh,mh_shift_pack,block45,5120,256,1310720,18.954599380,19.018760681,0.064159997,28.801919937,_;_;60;36;64;40;4;4;512;0
6,176,deep_fast,split_mix_blocked_h16w,block45,1280,32,1310720,19.026359558,19.097480774,0.071120001,28.801919937,_;_;_;2560
6,177,deep_fast,split_ffn_fused_fp8_t8,block45,1280,128,1310720,19.101240158,19.168199539,0.066960000,28.801919937,_;_;_;_;2560
6,178,deep_fast,split_projection_frag,block45,1280,32,1310720,19.169719696,19.230640411,0.060920000,28.801919937,_;_;_;_;_;2560
6,179,mh_fast,mh_qkv_normalize_frag_c512,block45,3840,32,3932160,19.235000610,19.314439774,0.079439998,28.801919937,_;_;_;2560
6,180,mh_fused,mh_attention_fused_fp8_out,block45,640,128,640,19.315759659,19.383840561,0.068080001,28.801919937,_;_;_;64;40;512
6,181,mh_fast,mh_attention_project_frag_c512,block45,1280,32,1310720,19.385240555,19.460159302,0.074919999,28.801919937,_;_;_;_;2560;0;60;36;64;4;4
6,182,mh,mh_shift_pack,block47,5120,256,1310720,19.463880539,19.520999908,0.057119999,28.801919937,_;_;60;36;64;40;0;4;512;0
6,183,deep_fast,split_mix_blocked_h16w,block47,1280,32,1310720,19.528640747,19.600879669,0.072240002,28.801919937,_;_;_;2560
6,184,deep_fast,split_ffn_fused_fp8_t8,block47,1280,128,1310720,19.604600906,19.674640656,0.070040002,28.801919937,_;_;_;_;2560
6,185,deep_fast,split_projection_frag,block47,1280,32,1310720,19.676160812,19.736719131,0.060559999,28.801919937,_;_;_;_;_;2560
6,186,mh_fast,mh_qkv_normalize_frag_c512,block47,3840,32,3932160,19.741119385,19.871639252,0.130520001,28.801919937,_;_;_;2560
6,187,mh_fused,mh_attention_fused_fp8_out,block47,640,128,640,19.874240875,19.934320450,0.060079999,28.801919937,_;_;_;64;40;512
6,188,mh_fast,mh_attention_project_frag_c512,block47,1280,32,1310720,19.935720444,20.011800766,0.076080002,28.801919937,_;_;_;_;2560;0;60;36;64;0;4
6,189,deep_fast,decoder_project2x_h16w_byteout,block48,2160,32,552960,20.015520096,20.112239838,0.096720003,28.801919937,_;_;_;_;60;36;120;72;512;256
6,190,mh_fast,mh_ffn_fused_c256_frag_project_g128_qkv_bytein_fb,block48,540,512,2211840,20.113800049,20.238119125,0.124320000,28.801919937,_;_;_;_;_;8640;120;72;120;0;0
6,191,mh_fused,c256_attention_project_fb_bout_diag,block48,135,512,135,20.239519119,20.329359055,0.089840002,28.801919937,_;_;_;_;120;72;0;0;0;0;0
6,192,mh_fast,mh_ffn_fused_c256_frag_project_mapped_g128_qkv_bytein_fb,block49,640,512,2621440,20.330959320,20.464359283,0.133399993,28.801919937,_;_;_;_;_;10240;120;72;128;4;4
6,193,mh_fused,c256_attention_project_fb_bout_diag,block49,160,512,160,20.465719223,20.561880112,0.096160002,28.801919937,_;_;_;_;128;80;4;120;72;4;4
6,194,mh_fast,mh_ffn_fused_c256_frag_project_mapped_g128_qkv_bytein_fb,block50,576,512,2359296,20.563640594,20.695400238,0.131760001,28.801919937,_;_;_;_;_;9216;120;72;128;4;0
6,195,mh_fused,c256_attention_project_fb_bout_diag,block50,144,512,144,20.696960449,20.794080734,0.097120002,28.801919937,_;_;_;_;128;72;4;120;72;4;0
6,196,mh_fast,mh_ffn_fused_c256_frag_project_mapped_g128_qkv_bytein_fb,block51,600,512,2457600,20.795839310,20.922040939,0.126200005,28.801919937,_;_;_;_;_;9600;120;72;120;0;4
6,197,mh_fused,c256_attention_project_fb_bout_diag,block51,150,512,150,20.923400879,21.018999100,0.095600002,28.801919937,_;_;_;_;120;80;4;120;72;0;4
6,198,mh_fast,mh_ffn_fused_c256_frag_project_g128_qkv_bytein_fb,block52,540,512,2211840,21.020719528,21.143760681,0.123039998,28.801919937,_;_;_;_;_;8640;120;72;120;0;0
6,199,mh_fused,c256_attention_project_fb_bout_diag,block52,135,512,135,21.145200729,21.234319687,0.089120001,28.801919937,_;_;_;_;120;72;4;0;0;0;0
6,200,mh_fast,mh_ffn_fused_c256_frag_project_mapped_g128_qkv_bytein_fb,block53,640,512,2621440,21.235799789,21.366880417,0.131080002,28.801919937,_;_;_;_;_;10240;120;72;128;4;4
6,201,mh_fused,c256_attention_project_fb_bout_diag,block53,160,512,160,21.368200302,21.464519501,0.096320003,28.801919937,_;_;_;_;128;80;4;120;72;4;4
6,202,mh_fast,mh_ffn_fused_c256_frag_project_mapped_g128_qkv_bytein_fb,block54,576,512,2359296,21.466239929,21.598079681,0.131840006,28.801919937,_;_;_;_;_;9216;120;72;128;4;0
6,203,mh_fused,c256_attention_project_fb_bout_diag,block54,144,512,144,21.599639893,21.692640305,0.093000002,28.801919937,_;_;_;_;128;72;4;120;72;4;0
6,204,mh_fast,mh_ffn_fused_c256_frag_project_mapped_g128_qkv_bytein_fb,block55,600,512,2457600,21.694360733,21.818719864,0.124360003,28.801919937,_;_;_;_;_;9600;120;72;120;0;4
6,205,mh_fused,c256_attention_project_fb_diag,block55,150,512,150,21.820079803,21.920080185,0.100000001,28.801919937,_;_;_;_;120;80;0;120;72;0;4
6,206,deep_fast,decoder_project2x_h16w_byteout,block56,4320,32,1105920,21.922279358,22.038839340,0.116559997,28.801919937,_;_;_;_;120;72;240;144;256;128
6,207,mh_fast,mh_ffn_fused_c128_project_mapped_g128_qkv_bytein_fb,block56,2232,256,4571136,22.040439606,22.194679260,0.154239997,28.801919937,_;_;_;_;_;35712;240;144;248;4;0
6,208,mh_fused,c128_attention_project_fb_bout_diag,block56,558,512,558,22.196039200,22.306039810,0.109999999,28.801919937,_;_;_;_;248;144;4;240;144;4;0
6,209,mh_fast,mh_ffn_fused_c128_project_mapped_g128_qkv_bytein_fb,block57,2280,256,4669440,22.307600021,22.452280045,0.144679993,28.801919937,_;_;_;_;_;36480;240;144;240;0;4
6,210,mh_fused,c128_attention_project_fb_bout_diag,block57,570,512,570,22.458719254,22.542720795,0.083999999,28.801919937,_;_;_;_;240;152;4;240;144;0;4
6,211,mh_fast,mh_ffn_fused_c128_project_g128_qkv_bytein_fb,block58,2160,256,4423680,22.544160843,22.690479279,0.146320000,28.801919937,_;_;_;_;_;34560;240;144;240;0;0
6,212,mh_fused,c128_attention_project_fb_bout_diag,block58,540,512,540,22.691799164,22.788879395,0.097080000,28.801919937,_;_;_;_;240;144;4;0;0;0;0
6,213,mh_fast,mh_ffn_fused_c128_project_mapped_g128_qkv_bytein_fb,block59,2356,256,4825088,22.790359497,22.946479797,0.156120002,28.801919937,_;_;_;_;_;37696;240;144;248;4;4
6,214,mh_fused,c128_attention_project_fb_bout_diag,block59,589,512,589,22.953439713,23.062160492,0.108719997,28.801919937,_;_;_;_;248;152;4;240;144;4;4
6,215,mh_fast,mh_ffn_fused_c128_project_mapped_g128_qkv_bytein_fb,block60,2232,256,4571136,23.063600540,23.224920273,0.161320001,28.801919937,_;_;_;_;_;35712;240;144;248;4;0
6,216,mh_fused,c128_attention_project_fb_bout_diag,block60,558,512,558,23.226320267,23.336280823,0.109959997,28.801919937,_;_;_;_;248;144;4;240;144;4;0
6,217,mh_fast,mh_ffn_fused_c128_project_mapped_g128_qkv_bytein_fb,block61,2280,256,4669440,23.337760925,23.490400314,0.152640000,28.801919937,_;_;_;_;_;36480;240;144;240;0;4
6,218,mh_fused,c128_attention_project_fb_diag,block61,570,512,570,23.497200012,23.609199524,0.112000003,28.801919937,_;_;_;_;240;152;0;240;144;0;4
6,219,deep_fast,decoder_project2x_h16w_byteout,block62,8640,32,2211840,23.610879898,23.766599655,0.155719995,28.801919937,_;_;_;_;240;144;480;288;128;64
6,220,mh_fast,mh_ffn_fused_c64_project_g128_qkv_bytein_fb,block62,8640,128,8847360,23.768280029,23.945840836,0.177560002,28.801919937,_;_;_;_;_;138240;480;288;480;0;0
6,221,mh_fused,c64_attention_project_fb_bout_diag,block62,2160,256,2160,23.947280884,24.078559875,0.131280005,28.801919937,_;_;_;_;480;288;4;0;0;0;0
6,222,mh_fast,mh_ffn_fused_c64_project_mapped_g128_qkv_bytein_fb,block63,9028,128,9244672,24.079919815,24.297559738,0.217639998,28.801919937,_;_;_;_;_;144448;480;288;488;4;4
6,223,mh_fused,c64_attention_project_fb_bout_diag,block63,2257,256,2257,24.298959732,24.458040237,0.159079999,28.801919937,_;_;_;_;488;296;4;480;288;4;4
6,224,mh_fast,mh_ffn_fused_c64_project_mapped_g128_qkv_bytein_fb,block64,8784,128,8994816,24.459480286,24.668239594,0.208759993,28.801919937,_;_;_;_;_;140544;480;288;488;4;0
6,225,mh_fused,c64_attention_project_fb_bout_diag,block64,2196,256,2196,24.669679642,24.828519821,0.158840001,28.801919937,_;_;_;_;488;288;4;480;288;4;0
6,226,mh_fast,mh_ffn_fused_c64_project_mapped_g128_qkv_bytein_fb,block65,8880,128,9093120,24.830039978,25.043159485,0.213119999,28.801919937,_;_;_;_;_;142080;480;288;480;0;4
6,227,mh_fused,c64_attention_project_fb_diag,block65,2220,256,2220,25.044519424,25.210840225,0.166319996,28.801919937,_;_;_;_;480;296;0;480;288;0;4
6,228,deep_fast,decoder_project2x_h16w,block69,17280,32,4423680,25.212480545,25.551359177,0.338880002,28.801919937,_;_;_;_;480;288;960;576;64;32
6,229,c32_fused_ffn,c32_fast_ffn_attention_fused_half_mapped,block69,8640,128,8640,25.554279327,25.954919815,0.400640011,28.801919937,_;_;_;_;8640;0;1;960;576;0;0
6,230,c32_fused_ffn,c32_fast_ffn_attention_fused_half_chain,block69,8833,128,8833,25.956399918,26.346420288,0.390020013,28.801919937,_;_;_;_;8833;3;1;960;576;4;4;960;0;0
6,231,c32_fused_ffn,c32_fast_ffn_attention_fused_half_chain,block69,8712,128,8712,26.347980499,26.731620789,0.383639991,28.801919937,_;_;_;_;8712;3;1;960;576;4;0;968;4;4
6,232,c32_fused_ffn,c32_fast_ffn_attention_fused_half_chain_finish,block69,8760,128,8760,26.733179092,27.176420212,0.443239987,28.801919937,_;_;_;_;_;8760;3;1;960;576;0;4;968;4;0
6,233,c32_fused_ffn,c32_post_merge_head_half,block70,34945,128,34945,27.177980423,28.732620239,1.554640055,28.801919937,_;_;_;_;_;_;_;_;34945;1920;1152;4;4;_
7,0,c32_fused_ffn,c32_fast_ffn_attention_fused_half_prefix_finish_main8,pre-down,34560,128,34560,0.006200000,1.574640036,1.568439960,28.240720749,_;_;_;_;_;_;34560;0;1;1920;1152;0;0
7,1,c32_fused_ffn,c32_fast_ffn_attention_fused_half_mapped,block4,8640,128,8640,1.583320022,2.005800009,0.422479987,28.240720749,_;_;_;_;8640;0;1;960;576;0;0
7,2,c32_fused_ffn,c32_fast_ffn_attention_fused_half_chain,block4,8833,128,8833,2.007280111,2.404479980,0.397199988,28.240720749,_;_;_;_;8833;3;1;960;576;4;4;960;0;0
7,3,c32_fused_ffn,c32_fast_ffn_attention_fused_half_chain,block4,8712,128,8712,2.406039953,2.781480074,0.375440001,28.240720749,_;_;_;_;8712;3;1;960;576;4;0;968;4;4
7,4,c32_fused_ffn,c32_fast_ffn_attention_fused_half_chain_finish_dcrop,block4,8760,128,8760,2.783040047,3.223040104,0.439999998,28.240720749,_;_;_;_;_;8760;3;1;960;576;0;4;968;4;0
7,5,mh_fast,mh_pool_project_production_h16w,block5,34560,32,8847360,3.224679947,3.328720093,0.104039997,28.240720749,_;_;_;480;288;0;0;32
7,6,mh_fast,mh_ffn_fused_c64_project_g128_qkv_fb,block5,8640,128,8847360,3.336999893,3.519000053,0.181999996,28.240720749,_;_;_;_;_;138240;480;288;480;0;0
7,7,mh_fused,c64_attention_project_fb_bout_diag,block5,2160,256,2160,3.520400047,3.660640001,0.140239999,28.240720749,_;_;_;_;480;288;4;0;0;0;0
7,8,mh_fast,mh_ffn_fused_c64_project_mapped_g128_qkv_bytein_fb,block6,9028,128,9244672,3.662039995,3.875200033,0.213159993,28.240720749,_;_;_;_;_;144448;480;288;488;4;4
7,9,mh_fused,c64_attention_project_fb_bout_diag,block6,2257,256,2257,3.876600027,4.053800106,0.177200004,28.240720749,_;_;_;_;488;296;4;480;288;4;4
7,10,mh_fast,mh_ffn_fused_c64_project_mapped_g128_qkv_bytein_fb,block7,8784,128,8994816,4.055240154,4.262519836,0.207279995,28.240720749,_;_;_;_;_;140544;480;288;488;4;0
7,11,mh_fused,c64_attention_project_fb_bout_diag,block7,2196,256,2196,4.263919830,4.418000221,0.154080003,28.240720749,_;_;_;_;488;288;4;480;288;4;0
7,12,mh_fast,mh_ffn_fused_c64_project_mapped_g128_qkv_bytein_fb,block8,8880,128,9093120,4.419559956,4.629600048,0.210040003,28.240720749,_;_;_;_;_;142080;480;288;480;0;4
7,13,mh_fused,c64_attention_project_fb_diag,block8,2220,256,2220,4.631000042,4.787159920,0.156159997,28.240720749,_;_;_;_;480;296;3;480;288;0;4
7,14,mh_fast,mh_pool_project_group_c64,block9,2160,64,4423680,4.788760185,4.883080006,0.094319999,28.240720749,_;_;_;240;144;480;0;0
7,15,mh_fast,mh_ffn_fused_c128_project_g128_qkv_fb,block9,2160,256,4423680,4.887000084,5.037119865,0.150120005,28.240720749,_;_;_;_;_;34560;240;144;240;0;0
7,16,mh_fused,c128_attention_project_fb_bout_diag,block9,540,512,540,5.038479805,5.135359764,0.096879996,28.240720749,_;_;_;_;240;144;4;0;0;0;0
7,17,mh_fast,mh_ffn_fused_c128_project_mapped_g128_qkv_bytein_fb,block10,2356,256,4825088,5.136839867,5.291920185,0.155080006,28.240720749,_;_;_;_;_;37696;240;144;248;4;4
7,18,mh_fused,c128_attention_project_fb_bout_diag,block10,589,512,589,5.300159931,5.404399872,0.104240000,28.240720749,_;_;_;_;248;152;4;240;144;4;4
7,19,mh_fast,mh_ffn_fused_c128_project_mapped_g128_qkv_bytein_fb,block11,2232,256,4571136,5.405839920,5.564239979,0.158399999,28.240720749,_;_;_;_;_;35712;240;144;248;4;0
7,20,mh_fused,c128_attention_project_fb_bout_diag,block11,558,512,558,5.565639973,5.672520161,0.106880002,28.240720749,_;_;_;_;248;144;4;240;144;4;0
7,21,mh_fast,mh_ffn_fused_c128_project_mapped_g128_qkv_bytein_fb,block12,2280,256,4669440,5.673999786,5.825880051,0.151879996,28.240720749,_;_;_;_;_;36480;240;144;240;0;4
7,22,mh_fused,c128_attention_project_fb_bout_diag,block12,570,512,570,5.832839966,5.936560154,0.103720002,28.240720749,_;_;_;_;240;152;4;240;144;0;4
7,23,mh_fast,mh_ffn_fused_c128_project_g128_qkv_bytein_fb,block13,2160,256,4423680,5.938000202,6.084720135,0.146720007,28.240720749,_;_;_;_;_;34560;240;144;240;0;0
7,24,mh_fused,c128_attention_project_fb_bout_diag,block13,540,512,540,6.086040020,6.184800148,0.098760001,28.240720749,_;_;_;_;240;144;4;0;0;0;0
7,25,mh_fast,mh_ffn_fused_c128_project_mapped_g128_qkv_bytein_fb,block14,2356,256,4825088,6.186279774,6.343719959,0.157440007,28.240720749,_;_;_;_;_;37696;240;144;248;4;4
7,26,mh_fused,c128_attention_project_fb_diag,block14,589,512,589,6.351960182,6.457359791,0.105400003,28.240720749,_;_;_;_;248;152;3;240;144;4;4
7,27,mh_fast,mh_pool_project_group_c128,block15,540,128,2211840,6.458839893,6.530479908,0.071640000,28.240720749,_;_;_;120;72;240;0;0
7,28,mh_fast,mh_ffn_fused_c256_frag_project_g128_qkv_fb,block15,540,512,2211840,6.533199787,6.659120083,0.125919998,28.240720749,_;_;_;_;_;8640;120;72;120;0;0
7,29,mh_fused,c256_attention_project_fb_bout_diag,block15,135,512,135,6.660639763,6.748879910,0.088239998,28.240720749,_;_;_;_;120;72;4;0;0;0;0
7,30,mh_fast,mh_ffn_fused_c256_frag_project_mapped_g128_qkv_bytein_fb,block16,640,512,2621440,6.750440121,6.882679939,0.132239997,28.240720749,_;_;_;_;_;10240;120;72;128;4;4
7,31,mh_fused,c256_attention_project_fb_bout_diag,block16,160,512,160,6.884039879,6.977439880,0.093400002,28.240720749,_;_;_;_;128;80;4;120;72;4;4
7,32,mh_fast,mh_ffn_fused_c256_frag_project_mapped_g128_qkv_bytein_fb,block17,576,512,2359296,6.979320049,7.113120079,0.133800000,28.240720749,_;_;_;_;_;9216;120;72;128;4;0
7,33,mh_fused,c256_attention_project_fb_bout_diag,block17,144,512,144,7.114640236,7.207799911,0.093160003,28.240720749,_;_;_;_;128;72;4;120;72;4;0
7,34,mh_fast,mh_ffn_fused_c256_frag_project_mapped_g128_qkv_bytein_fb,block18,600,512,2457600,7.209519863,7.335519791,0.126000002,28.240720749,_;_;_;_;_;9600;120;72;120;0;4
7,35,mh_fused,c256_attention_project_fb_bout_diag,block18,150,512,150,7.336880207,7.431960106,0.095080003,28.240720749,_;_;_;_;120;80;4;120;72;0;4
7,36,mh_fast,mh_ffn_fused_c256_frag_project_g128_qkv_bytein_fb,block19,540,512,2211840,7.433760166,7.557000160,0.123240001,28.240720749,_;_;_;_;_;8640;120;72;120;0;0
7,37,mh_fused,c256_attention_project_fb_bout_diag,block19,135,512,135,7.558440208,7.647119999,0.088679999,28.240720749,_;_;_;_;120;72;4;0;0;0;0
7,38,mh_fast,mh_ffn_fused_c256_frag_project_mapped_g128_qkv_bytein_fb,block20,640,512,2621440,7.648600101,7.782760143,0.134159997,28.240720749,_;_;_;_;_;10240;120;72;128;4;4
7,39,mh_fused,c256_attention_project_fb_bout_diag,block20,160,512,160,7.784120083,7.879240036,0.095119998,28.240720749,_;_;_;_;128;80;4;120;72;4;4
7,40,mh_fast,mh_ffn_fused_c256_frag_project_mapped_g128_qkv_bytein_fb,block21,576,512,2359296,7.881040096,8.016039848,0.135000005,28.240720749,_;_;_;_;_;9216;120;72;128;4;0
7,41,mh_fused,c256_attention_project_fb_bout_diag,block21,144,512,144,8.017600060,8.113120079,0.095519997,28.240720749,_;_;_;_;128;72;4;120;72;4;0
7,42,mh_fast,mh_ffn_fused_c256_frag_project_mapped_g128_qkv_bytein_fb,block22,600,512,2457600,8.114879608,8.242639542,0.127759993,28.240720749,_;_;_;_;_;9600;120;72;120;0;4
7,43,mh_fused,c256_attention_project_fb_diag,block22,150,512,150,8.244039536,8.338359833,0.094319999,28.240720749,_;_;_;_;120;80;3;120;72;0;4
7,44,mh_fast,mh_pool_project_group_c256,block23,135,256,1105920,8.340479851,8.400919914,0.060440000,28.240720749,_;_;_;60;36;120;0;0
7,45,mh,mh_shift_pack,block23,5120,256,1310720,8.404600143,8.458319664,0.053720001,28.240720749,_;_;60;36;64;40;0;0;512;0
7,46,deep_fast,split_mix_blocked_h16w,block23,1280,32,1310720,8.464879990,8.537879944,0.072999999,28.240720749,_;_;_;2560
7,47,deep_fast,split_ffn_fused_fp8_t8,block23,1280,128,1310720,8.541560173,8.613120079,0.071560003,28.240720749,_;_;_;_;2560
7,48,deep_fast,split_projection_frag,block23,1280,32,1310720,8.614600182,8.672039986,0.057440002,28.240720749,_;_;_;_;_;2560
7,49,mh_fast,mh_qkv_normalize_frag_c512,block23,3840,32,3932160,8.676400185,8.756600380,0.080200002,28.240720749,_;_;_;2560
7,50,mh_fused,mh_attention_fused_fp8_out,block23,640,128,640,8.759240150,8.797120094,0.037880000,28.240720749,_;_;_;64;40;512
7,51,mh_fast,mh_attention_project_frag_c512,block23,1280,32,1310720,8.798560143,8.865440369,0.066880003,28.240720749,_;_;_;_;2560;0;60;36;64;0;0
7,52,mh,mh_shift_pack,block24,5120,256,1310720,8.869159698,8.926719666,0.057560001,28.240720749,_;_;60;36;64;40;4;4;512;0
7,53,deep_fast,split_mix_blocked_h16w,block24,1280,32,1310720,8.932920456,9.006919861,0.074000001,28.240720749,_;_;_;2560
7,54,deep_fast,split_ffn_fused_fp8_t8,block24,1280,128,1310720,9.010680199,9.079879761,0.069200002,28.240720749,_;_;_;_;2560
7,55,deep_fast,split_projection_frag,block24,1280,32,1310720,9.081359863,9.143199921,0.061840001,28.240720749,_;_;_;_;_;2560
7,56,mh_fast,mh_qkv_normalize_frag_c512,block24,3840,32,3932160,9.147680283,9.226759911,0.079080001,28.240720749,_;_;_;2560
7,57,mh_fused,mh_attention_fused_fp8_out,block24,640,128,640,9.229319572,9.296319962,0.067000002,28.240720749,_;_;_;64;40;512
7,58,mh_fast,mh_attention_project_frag_c512,block24,1280,32,1310720,9.297719955,9.373439789,0.075719997,28.240720749,_;_;_;_;2560;0;60;36;64;4;4
7,59,mh,mh_shift_pack,block25,5120,256,1310720,9.377160072,9.435000420,0.057840001,28.240720749,_;_;60;36;64;40;4;0;512;0
7,60,deep_fast,split_mix_blocked_h16w,block25,1280,32,1310720,9.442839622,9.514719963,0.071879998,28.240720749,_;_;_;2560
7,61,deep_fast,split_ffn_fused_fp8_t8,block25,1280,128,1310720,9.518400192,9.586440086,0.068039998,28.240720749,_;_;_;_;2560
7,62,deep_fast,split_projection_frag,block25,1280,32,1310720,9.587920189,9.649120331,0.061200000,28.240720749,_;_;_;_;_;2560
7,63,mh_fast,mh_qkv_normalize_frag_c512,block25,3840,32,3932160,9.653519630,9.739279747,0.085759997,28.240720749,_;_;_;2560
7,64,mh_fused,mh_attention_fused_fp8_out,block25,640,128,640,9.740679741,9.805359840,0.064680003,28.240720749,_;_;_;64;40;512
7,65,mh_fast,mh_attention_project_frag_c512,block25,1280,32,1310720,9.806799889,9.883000374,0.076200001,28.240720749,_;_;_;_;2560;0;60;36;64;4;0
7,66,mh,mh_shift_pack,block26,5120,256,1310720,9.886759758,9.944239616,0.057480000,28.240720749,_;_;60;36;64;40;0;4;512;0
7,67,deep_fast,split_mix_blocked_h16w,block26,1280,32,1310720,9.950519562,10.023679733,0.073160000,28.240720749,_;_;_;2560
7,68,deep_fast,split_ffn_fused_fp8_t8,block26,1280,128,1310720,10.027400017,10.096400261,0.068999998,28.240720749,_;_;_;_;2560
7,69,deep_fast,split_projection_frag,block26,1280,32,1310720,10.097840309,10.162320137,0.064479999,28.240720749,_;_;_;_;_;2560
7,70,mh_fast,mh_qkv_normalize_frag_c512,block26,3840,32,3932160,10.166640282,10.247879982,0.081239998,28.240720749,_;_;_;2560
7,71,mh_fused,mh_attention_fused_fp8_out,block26,640,128,640,10.249239922,10.310999870,0.061760001,28.240720749,_;_;_;64;40;512
7,72,mh_fast,mh_attention_project_frag_c512,block26,1280,32,1310720,10.312399864,10.381360054,0.068960004,28.240720749,_;_;_;_;2560;0;60;36;64;0;4
7,73,mh,mh_shift_pack,block27,5120,256,1310720,10.385040283,10.440560341,0.055520002,28.240720749,_;_;60;36;64;40;0;0;512;0
7,74,deep_fast,split_mix_blocked_h16w,block27,1280,32,1310720,10.448479652,10.520759583,0.072279997,28.240720749,_;_;_;2560
7,75,deep_fast,split_ffn_fused_fp8_t8,block27,1280,128,1310720,10.524519920,10.591959953,0.067440003,28.240720749,_;_;_;_;2560
7,76,deep_fast,split_projection_frag,block27,1280,32,1310720,10.593440056,10.654560089,0.061120000,28.240720749,_;_;_;_;_;2560
7,77,mh_fast,mh_qkv_normalize_frag_c512,block27,3840,32,3932160,10.658960342,10.740200043,0.081239998,28.240720749,_;_;_;2560
7,78,mh_fused,mh_attention_fused_fp8_out,block27,640,128,640,10.742839813,10.778360367,0.035519999,28.240720749,_;_;_;64;40;512
7,79,mh_fast,mh_attention_project_frag_c512,block27,1280,32,1310720,10.779840469,10.846039772,0.066200003,28.240720749,_;_;_;_;2560;0;60;36;64;0;0
7,80,mh,mh_shift_pack,block28,5120,256,1310720,10.849800110,10.906120300,0.056320000,28.240720749,_;_;60;36;64;40;4;4;512;0
7,81,deep_fast,split_mix_blocked_h16w,block28,1280,32,1310720,10.913720131,10.985600471,0.071879998,28.240720749,_;_;_;2560
7,82,deep_fast,split_ffn_fused_fp8_t8,block28,1280,128,1310720,10.989359856,11.056599617,0.067240000,28.240720749,_;_;_;_;2560
7,83,deep_fast,split_projection_frag,block28,1280,32,1310720,11.058079720,11.116160393,0.058079999,28.240720749,_;_;_;_;_;2560
7,84,mh_fast,mh_qkv_normalize_frag_c512,block28,3840,32,3932160,11.120479584,11.199959755,0.079480000,28.240720749,_;_;_;2560
7,85,mh_fused,mh_attention_fused_fp8_out,block28,640,128,640,11.202599525,11.267319679,0.064719997,28.240720749,_;_;_;64;40;512
7,86,mh_fast,mh_attention_project_frag_c512,block28,1280,32,1310720,11.268719673,11.343600273,0.074879996,28.240720749,_;_;_;_;2560;0;60;36;64;4;4
7,87,mh,mh_shift_pack,block29,5120,256,1310720,11.347359657,11.403800011,0.056439999,28.240720749,_;_;60;36;64;40;4;0;512;0
7,88,deep_fast,split_mix_blocked_h16w,block29,1280,32,1310720,11.411680222,11.482959747,0.071280003,28.240720749,_;_;_;2560
7,89,deep_fast,split_ffn_fused_fp8_t8,block29,1280,128,1310720,11.486680031,11.554160118,0.067479998,28.240720749,_;_;_;_;2560
7,90,deep_fast,split_projection_frag,block29,1280,32,1310720,11.555640221,11.612039566,0.056400001,28.240720749,_;_;_;_;_;2560
7,91,mh_fast,mh_qkv_normalize_frag_c512,block29,3840,32,3932160,11.616359711,11.695759773,0.079400003,28.240720749,_;_;_;2560
7,92,mh_fused,mh_attention_fused_fp8_out,block29,640,128,640,11.698360443,11.734080315,0.035719998,28.240720749,_;_;_;64;40;512
7,93,mh_fast,mh_attention_project_frag_c512,block29,1280,32,1310720,11.735520363,11.801959991,0.066440001,28.240720749,_;_;_;_;2560;0;60;36;64;4;0
7,94,mh,mh_shift_pack,block30,5120,256,1310720,11.805720329,11.862480164,0.056759998,28.240720749,_;_;60;36;64;40;0;4;512;0
7,95,deep_fast,split_mix_blocked_h16w,block30,1280,32,1310720,11.868720055,11.942720413,0.074000001,28.240720749,_;_;_;2560
7,96,deep_fast,split_ffn_fused_fp8_t8,block30,1280,128,1310720,11.946479797,12.014039993,0.067560002,28.240720749,_;_;_;_;2560
7,97,deep_fast,split_projection_frag,block30,1280,32,1310720,12.015560150,12.074159622,0.058600001,28.240720749,_;_;_;_;_;2560
7,98,mh_fast,mh_qkv_normalize_frag_c512,block30,3840,32,3932160,12.078559875,12.157679558,0.079120003,28.240720749,_;_;_;2560
7,99,mh_fused,mh_attention_fused_fp8_out,block30,640,128,640,12.159040451,12.223640442,0.064599998,28.240720749,_;_;_;64;40;512
7,100,mh_fast,mh_attention_project_frag_c512,block30,1280,32,1310720,12.225079536,12.298359871,0.073279999,28.240720749,_;_;_;_;2560;3;60;36;64;0;4
7,101,mh,mh_pool,head,1280,256,327680,12.302120209,12.352439880,0.050319999,28.240720749,_;_;32;20;60;30;18;512
7,102,mh_fast,mh_pool_project_production_h16w,head,2560,32,655360,12.358839989,12.501199722,0.142360002,28.240720749,_;_;_;32;20;30;18;512
7,103,deep,vit_gather,block31,2560,256,655360,12.502960205,12.558919907,0.055960000,28.240720749,_;_;_;655360
7,104,deep_fast,vit_pack_input,block31,640,256,163840,12.565640450,12.586720467,0.021080000,28.240720749,_;_;655360
7,105,deep_fast,vit_expand_blocked_fp8_frag_bytein,block31,2560,32,2621440,12.593040466,12.664480209,0.071439996,28.240720749,_;_;_;640;1024;4096
7,106,deep_fast,vit_contract_blocked_fp8_frag,block31,640,32,655360,12.666159630,12.751480103,0.085320003,28.240720749,_;_;_;_;640;4096;1024
7,107,deep_fast,vit_qkv_project_normalize_fused_f16compact_fp8_frag,block31,3840,32,1966080,12.754240036,12.864480019,0.110239998,28.240720749,_;_;_;640
7,108,deep_fast,vit_attention_fused_640_bytein,block31,1280,32,327680,12.866120338,12.962880135,0.096759997,28.240720749,_;_;640
7,109,deep_fast,vit_project_frag,block31,2560,32,655360,12.965559959,13.077679634,0.112120003,28.240720749,_;_;_;_;640;1024;1024
7,110,deep_fast,vit_pack_input,block32,640,256,163840,13.079759598,13.127639771,0.047880001,28.240720749,_;_;655360
7,111,deep_fast,vit_expand_blocked_fp8_frag_bytein,block32,2560,32,2621440,13.132599831,13.207039833,0.074440002,28.240720749,_;_;_;640;1024;4096
7,112,deep_fast,vit_contract_blocked_fp8_frag,block32,640,32,655360,13.208760262,13.293880463,0.085120000,28.240720749,_;_;_;_;640;4096;1024
7,113,deep_fast,vit_qkv_project_normalize_fused_f16compact_fp8_frag,block32,3840,32,1966080,13.296640396,13.411120415,0.114480004,28.240720749,_;_;_;640
7,114,deep_fast,vit_attention_fused_640_bytein,block32,1280,32,327680,13.412839890,13.537679672,0.124839999,28.240720749,_;_;640
7,115,deep_fast,vit_project_frag,block32,2560,32,655360,13.540439606,13.653960228,0.113519996,28.240720749,_;_;_;_;640;1024;1024
7,116,deep_fast,vit_pack_input,block33,640,256,163840,13.655960083,13.703439713,0.047479998,28.240720749,_;_;655360
7,117,deep_fast,vit_expand_blocked_fp8_frag_bytein,block33,2560,32,2621440,13.708439827,13.785400391,0.076959997,28.240720749,_;_;_;640;1024;4096
7,118,deep_fast,vit_contract_blocked_fp8_frag,block33,640,32,655360,13.787159920,13.870079994,0.082920000,28.240720749,_;_;_;_;640;4096;1024
7,119,deep_fast,vit_qkv_project_normalize_fused_f16compact_fp8_frag,block33,3840,32,1966080,13.872799873,13.984000206,0.111199997,28.240720749,_;_;_;640
7,120,deep_fast,vit_attention_fused_640_bytein,block33,1280,32,327680,13.985679626,14.080719948,0.095040001,28.240720749,_;_;640
7,121,deep_fast,vit_project_frag,block33,2560,32,655360,14.083479881,14.191840172,0.108360000,28.240720749,_;_;_;_;640;1024;1024
7,122,deep_fast,vit_pack_input,block34,640,256,163840,14.193920135,14.240400314,0.046480000,28.240720749,_;_;655360
7,123,deep_fast,vit_expand_blocked_fp8_frag_bytein,block34,2560,32,2621440,14.245519638,14.326000214,0.080480002,28.240720749,_;_;_;640;1024;4096
7,124,deep_fast,vit_contract_blocked_fp8_frag,block34,640,32,655360,14.327679634,14.413000107,0.085320003,28.240720749,_;_;_;_;640;4096;1024
7,125,deep_fast,vit_qkv_project_normalize_fused_f16compact_fp8_frag,block34,3840,32,1966080,14.415719986,14.528759956,0.113040000,28.240720749,_;_;_;640
7,126,deep_fast,vit_attention_fused_640_bytein,block34,1280,32,327680,14.530480385,14.628760338,0.098279998,28.240720749,_;_;640
7,127,deep_fast,vit_project_frag,block34,2560,32,655360,14.631520271,14.744079590,0.112559997,28.240720749,_;_;_;_;640;1024;1024
7,128,deep_fast,vit_pack_input,block35,640,256,163840,14.746120453,14.791959763,0.045839999,28.240720749,_;_;655360
7,129,deep_fast,vit_expand_blocked_fp8_frag_bytein,block35,2560,32,2621440,14.796919823,14.874119759,0.077200003,28.240720749,_;_;_;640;1024;4096
7,130,deep_fast,vit_contract_blocked_fp8_frag,block35,640,32,655360,14.875800133,14.959560394,0.083760001,28.240720749,_;_;_;_;640;4096;1024
7,131,deep_fast,vit_qkv_project_normalize_fused_f16compact_fp8_frag,block35,3840,32,1966080,14.962280273,15.074999809,0.112719998,28.240720749,_;_;_;640
7,132,deep_fast,vit_attention_fused_640_bytein,block35,1280,32,327680,15.076640129,15.174559593,0.097920001,28.240720749,_;_;640
7,133,deep_fast,vit_project_frag,block35,2560,32,655360,15.177280426,15.288920403,0.111639999,28.240720749,_;_;_;_;640;1024;1024
7,134,deep_fast,vit_pack_input,block36,640,256,163840,15.291000366,15.338279724,0.047279999,28.240720749,_;_;655360
7,135,deep_fast,vit_expand_blocked_fp8_frag_bytein,block36,2560,32,2621440,15.343239784,15.423480034,0.080239996,28.240720749,_;_;_;640;1024;4096
7,136,deep_fast,vit_contract_blocked_fp8_frag,block36,640,32,655360,15.425200462,15.509320259,0.084119998,28.240720749,_;_;_;_;640;4096;1024
7,137,deep_fast,vit_qkv_project_normalize_fused_f16compact_fp8_frag,block36,3840,32,1966080,15.512080193,15.623200417,0.111120000,28.240720749,_;_;_;640
7,138,deep_fast,vit_attention_fused_640_bytein,block36,1280,32,327680,15.624879837,15.723079681,0.098200001,28.240720749,_;_;640
7,139,deep_fast,vit_project_frag,block36,2560,32,655360,15.725839615,15.837679863,0.111840002,28.240720749,_;_;_;_;640;1024;1024
7,140,deep_fast,vit_pack_input,block37,640,256,163840,15.839719772,15.885399818,0.045680001,28.240720749,_;_;655360
7,141,deep_fast,vit_expand_blocked_fp8_frag_bytein,block37,2560,32,2621440,15.890520096,15.967960358,0.077440001,28.240720749,_;_;_;640;1024;4096
7,142,deep_fast,vit_contract_blocked_fp8_frag,block37,640,32,655360,15.969639778,16.052480698,0.082840003,28.240720749,_;_;_;_;640;4096;1024
7,143,deep_fast,vit_qkv_project_normalize_fused_f16compact_fp8_frag,block37,3840,32,1966080,16.055240631,16.165559769,0.110320002,28.240720749,_;_;_;640
7,144,deep_fast,vit_attention_fused_640_bytein,block37,1280,32,327680,16.167200089,16.270200729,0.103000000,28.240720749,_;_;640
7,145,deep_fast,vit_project_frag,block37,2560,32,655360,16.272960663,16.382320404,0.109360002,28.240720749,_;_;_;_;640;1024;1024
7,146,deep_fast,vit_pack_input,block38,640,256,163840,16.384359360,16.429079056,0.044720002,28.240720749,_;_;655360
7,147,deep_fast,vit_expand_blocked_fp8_frag_bytein,block38,2560,32,2621440,16.433799744,16.505279541,0.071479999,28.240720749,_;_;_;640;1024;4096
7,148,deep_fast,vit_contract_blocked_fp8_frag,block38,640,32,655360,16.506919861,16.590240479,0.083319999,28.240720749,_;_;_;_;640;4096;1024
7,149,deep_fast,vit_qkv_project_normalize_fused_f16compact_fp8_frag,block38,3840,32,1966080,16.593000412,16.706199646,0.113200001,28.240720749,_;_;_;640
7,150,deep_fast,vit_attention_fused_640_bytein,block38,1280,32,327680,16.707880020,16.805719376,0.097840004,28.240720749,_;_;640
7,151,deep_fast,vit_project_frag,block38,2560,32,655360,16.808479309,16.943319321,0.134839997,28.240720749,_;_;_;_;640;1024;1024
7,152,deep,vit_gather,block39,2560,256,655360,16.945360184,16.996959686,0.051600002,28.240720749,_;_;_;655360
7,153,deep_fast,decoder_project2x_h16w,block39,1280,32,327680,17.003599167,17.061599731,0.057999998,28.240720749,_;_;_;_;32;20;60;36;1024;512
7,154,mh,mh_shift_pack,block40,5120,256,1310720,17.064559937,17.120759964,0.056200001,28.240720749,_;_;60;36;64;40;0;0;512;0
7,155,deep_fast,split_mix_blocked_h16w,block40,1280,32,1310720,17.127279282,17.201120377,0.073840000,28.240720749,_;_;_;2560
7,156,deep_fast,split_ffn_fused_fp8_t8,block40,1280,128,1310720,17.204799652,17.272439957,0.067639999,28.240720749,_;_;_;_;2560
7,157,deep_fast,split_projection_frag,block40,1280,32,1310720,17.273920059,17.331760406,0.057840001,28.240720749,_;_;_;_;_;2560
7,158,mh_fast,mh_qkv_normalize_frag_c512,block40,3840,32,3932160,17.336160660,17.414800644,0.078639999,28.240720749,_;_;_;2560
7,159,mh_fused,mh_attention_fused_fp8_out,block40,640,128,640,17.417440414,17.455879211,0.038440000,28.240720749,_;_;_;64;40;512
7,160,mh_fast,mh_attention_project_frag_c512,block40,1280,32,1310720,17.457319260,17.524520874,0.067199998,28.240720749,_;_;_;_;2560;0;60;36;64;0;0
7,161,mh,mh_shift_pack,block41,5120,256,1310720,17.528240204,17.583719254,0.055480000,28.240720749,_;_;60;36;64;40;4;4;512;0
7,162,deep_fast,split_mix_blocked_h16w,block41,1280,32,1310720,17.591239929,17.663280487,0.072039999,28.240720749,_;_;_;2560
7,163,deep_fast,split_ffn_fused_fp8_t8,block41,1280,128,1310720,17.667079926,17.736999512,0.069920003,28.240720749,_;_;_;_;2560
7,164,deep_fast,split_projection_frag,block41,1280,32,1310720,17.738479614,17.796600342,0.058120001,28.240720749,_;_;_;_;_;2560
7,165,mh_fast,mh_qkv_normalize_frag_c512,block41,3840,32,3932160,17.800960541,17.880199432,0.079240002,28.240720749,_;_;_;2560
7,166,mh_fused,mh_attention_fused_fp8_out,block41,640,128,640,17.881599426,17.945240021,0.063639998,28.240720749,_;_;_;64;40;512
7,167,mh_fast,mh_attention_project_frag_c512,block41,1280,32,1310720,17.946640015,18.020479202,0.073840000,28.240720749,_;_;_;_;2560;0;60;36;64;4;4
7,168,mh,mh_shift_pack,block44,5120,256,1310720,18.024240494,18.080759048,0.056520000,28.240720749,_;_;60;36;64;40;0;0;512;0
7,169,deep_fast,split_mix_blocked_h16w,block44,1280,32,1310720,18.087120056,18.159879684,0.072760001,28.240720749,_;_;_;2560
7,170,deep_fast,split_ffn_fused_fp8_t8,block44,1280,128,1310720,18.163600922,18.231960297,0.068360001,28.240720749,_;_;_;_;2560
7,171,deep_fast,split_projection_frag,block44,1280,32,1310720,18.233520508,18.285280228,0.051759999,28.240720749,_;_;_;_;_;2560
7,172,mh_fast,mh_qkv_normalize_frag_c512,block44,3840,32,3932160,18.289640427,18.369560242,0.079920001,28.240720749,_;_;_;2560
7,173,mh_fused,mh_attention_fused_fp8_out,block44,640,128,640,18.370880127,18.436519623,0.065640002,28.240720749,_;_;_;64;40;512
7,174,mh_fast,mh_attention_project_frag_c512,block44,1280,32,1310720,18.437959671,18.509880066,0.071920000,28.240720749,_;_;_;_;2560;0;60;36;64;0;0
7,175,mh,mh_shift_pack,block45,5120,256,1310720,18.513639450,18.569759369,0.056120001,28.240720749,_;_;60;36;64;40;4;4;512;0
7,176,deep_fast,split_mix_blocked_h16w,block45,1280,32,1310720,18.577320099,18.648239136,0.070919998,28.240720749,_;_;_;2560
7,177,deep_fast,split_ffn_fused_fp8_t8,block45,1280,128,1310720,18.652000427,18.724399567,0.072400004,28.240720749,_;_;_;_;2560
7,178,deep_fast,split_projection_frag,block45,1280,32,1310720,18.725879669,18.784839630,0.058959998,28.240720749,_;_;_;_;_;2560
7,179,mh_fast,mh_qkv_normalize_frag_c512,block45,3840,32,3932160,18.789239883,18.867919922,0.078680001,28.240720749,_;_;_;2560
7,180,mh_fused,mh_attention_fused_fp8_out,block45,640,128,640,18.870479584,18.906320572,0.035840001,28.240720749,_;_;_;64;40;512
7,181,mh_fast,mh_attention_project_frag_c512,block45,1280,32,1310720,18.907720566,18.975040436,0.067319997,28.240720749,_;_;_;_;2560;0;60;36;64;4;4
7,182,mh,mh_shift_pack,block47,5120,256,1310720,18.978719711,19.035440445,0.056720000,28.240720749,_;_;60;36;64;40;0;4;512;0
7,183,deep_fast,split_mix_blocked_h16w,block47,1280,32,1310720,19.041639328,19.114959717,0.073320001,28.240720749,_;_;_;2560
7,184,deep_fast,split_ffn_fused_fp8_t8,block47,1280,128,1310720,19.118679047,19.186719894,0.068039998,28.240720749,_;_;_;_;2560
7,185,deep_fast,split_projection_frag,block47,1280,32,1310720,19.188199997,19.246320724,0.058120001,28.240720749,_;_;_;_;_;2560
7,186,mh_fast,mh_qkv_normalize_frag_c512,block47,3840,32,3932160,19.250680923,19.336959839,0.086280003,28.240720749,_;_;_;2560
7,187,mh_fused,mh_attention_fused_fp8_out,block47,640,128,640,19.338359833,19.399839401,0.061480001,28.240720749,_;_;_;64;40;512
7,188,mh_fast,mh_attention_project_frag_c512,block47,1280,32,1310720,19.401279449,19.474519730,0.073239997,28.240720749,_;_;_;_;2560;0;60;36;64;0;4
7,189,deep_fast,decoder_project2x_h16w_byteout,block48,2160,32,552960,19.478279114,19.573959351,0.095679998,28.240720749,_;_;_;_;60;36;120;72;512;256
7,190,mh_fast,mh_ffn_fused_c256_frag_project_g128_qkv_bytein_fb,block48,540,512,2211840,19.575599670,19.698320389,0.122720003,28.240720749,_;_;_;_;_;8640;120;72;120;0;0
7,191,mh_fused,c256_attention_project_fb_bout_diag,block48,135,512,135,19.699720383,19.786880493,0.087159999,28.240720749,_;_;_;_;120;72;0;0;0;0;0
7,192,mh_fast,mh_ffn_fused_c256_frag_project_mapped_g128_qkv_bytein_fb,block49,640,512,2621440,19.788600922,19.917800903,0.129199997,28.240720749,_;_;_;_;_;10240;120;72;128;4;4
7,193,mh_fused,c256_attention_project_fb_bout_diag,block49,160,512,160,19.920400620,20.016199112,0.095799997,28.240720749,_;_;_;_;128;80;4;120;72;4;4
7,194,mh_fast,mh_ffn_fused_c256_frag_project_mapped_g128_qkv_bytein_fb,block50,576,512,2359296,20.017879486,20.149719238,0.131840006,28.240720749,_;_;_;_;_;9216;120;72;128;4;0
7,195,mh_fused,c256_attention_project_fb_bout_diag,block50,144,512,144,20.151239395,20.242879868,0.091640003,28.240720749,_;_;_;_;128;72;4;120;72;4;0
7,196,mh_fast,mh_ffn_fused_c256_frag_project_mapped_g128_qkv_bytein_fb,block51,600,512,2457600,20.244600296,20.370639801,0.126039997,28.240720749,_;_;_;_;_;9600;120;72;120;0;4
7,197,mh_fused,c256_attention_project_fb_bout_diag,block51,150,512,150,20.371999741,20.466960907,0.094959997,28.240720749,_;_;_;_;120;80;4;120;72;0;4
7,198,mh_fast,mh_ffn_fused_c256_frag_project_g128_qkv_bytein_fb,block52,540,512,2211840,20.468759537,20.591680527,0.122919999,28.240720749,_;_;_;_;_;8640;120;72;120;0;0
7,199,mh_fused,c256_attention_project_fb_bout_diag,block52,135,512,135,20.593080521,20.681440353,0.088359997,28.240720749,_;_;_;_;120;72;4;0;0;0;0
7,200,mh_fast,mh_ffn_fused_c256_frag_project_mapped_g128_qkv_bytein_fb,block53,640,512,2621440,20.683000565,20.812360764,0.129360005,28.240720749,_;_;_;_;_;10240;120;72;128;4;4
7,201,mh_fused,c256_attention_project_fb_bout_diag,block53,160,512,160,20.814960480,20.910280228,0.095320001,28.240720749,_;_;_;_;128;80;4;120;72;4;4
7,202,mh_fast,mh_ffn_fused_c256_frag_project_mapped_g128_qkv_bytein_fb,block54,576,512,2359296,20.912040710,21.040039062,0.128000006,28.240720749,_;_;_;_;_;9216;120;72;128;4;0
7,203,mh_fused,c256_attention_project_fb_bout_diag,block54,144,512,144,21.041639328,21.134279251,0.092639998,28.240720749,_;_;_;_;128;72;4;120;72;4;0
7,204,mh_fast,mh_ffn_fused_c256_frag_project_mapped_g128_qkv_bytein_fb,block55,600,512,2457600,21.136079788,21.262119293,0.126039997,28.240720749,_;_;_;_;_;9600;120;72;120;0;4
7,205,mh_fused,c256_attention_project_fb_diag,block55,150,512,150,21.263519287,21.359319687,0.095799997,28.240720749,_;_;_;_;120;80;0;120;72;0;4
7,206,deep_fast,decoder_project2x_h16w_byteout,block56,4320,32,1105920,21.361520767,21.474279404,0.112760000,28.240720749,_;_;_;_;120;72;240;144;256;128
7,207,mh_fast,mh_ffn_fused_c128_project_mapped_g128_qkv_bytein_fb,block56,2232,256,4571136,21.475919724,21.628440857,0.152520001,28.240720749,_;_;_;_;_;35712;240;144;248;4;0
7,208,mh_fused,c128_attention_project_fb_bout_diag,block56,558,512,558,21.629880905,21.737159729,0.107280001,28.240720749,_;_;_;_;248;144;4;240;144;4;0
7,209,mh_fast,mh_ffn_fused_c128_project_mapped_g128_qkv_bytein_fb,block57,2280,256,4669440,21.738679886,21.888839722,0.150160000,28.240720749,_;_;_;_;_;36480;240;144;240;0;4
7,210,mh_fused,c128_attention_project_fb_bout_diag,block57,570,512,570,21.895839691,22.001359940,0.105520003,28.240720749,_;_;_;_;240;152;4;240;144;0;4
7,211,mh_fast,mh_ffn_fused_c128_project_g128_qkv_bytein_fb,block58,2160,256,4423680,22.002840042,22.151239395,0.148399994,28.240720749,_;_;_;_;_;34560;240;144;240;0;0
7,212,mh_fused,c128_attention_project_fb_bout_diag,block58,540,512,540,22.152559280,22.248079300,0.095519997,28.240720749,_;_;_;_;240;144;4;0;0;0;0
7,213,mh_fast,mh_ffn_fused_c128_project_mapped_g128_qkv_bytein_fb,block59,2356,256,4825088,22.249519348,22.405359268,0.155839995,28.240720749,_;_;_;_;_;37696;240;144;248;4;4
7,214,mh_fused,c128_attention_project_fb_bout_diag,block59,589,512,589,22.413520813,22.518960953,0.105439998,28.240720749,_;_;_;_;248;152;4;240;144;4;4
7,215,mh_fast,mh_ffn_fused_c128_project_mapped_g128_qkv_bytein_fb,block60,2232,256,4571136,22.520439148,22.679399490,0.158960000,28.240720749,_;_;_;_;_;35712;240;144;248;4;0
7,216,mh_fused,c128_attention_project_fb_bout_diag,block60,558,512,558,22.680799484,22.789680481,0.108879998,28.240720749,_;_;_;_;248;144;4;240;144;4;0
7,217,mh_fast,mh_ffn_fused_c128_project_mapped_g128_qkv_bytein_fb,block61,2280,256,4669440,22.791160583,22.939279556,0.148120001,28.240720749,_;_;_;_;_;36480;240;144;240;0;4
7,218,mh_fused,c128_attention_project_fb_diag,block61,570,512,570,22.947439194,23.057239532,0.109800003,28.240720749,_;_;_;_;240;152;0;240;144;0;4
7,219,deep_fast,decoder_project2x_h16w_byteout,block62,8640,32,2211840,23.058919907,23.211559296,0.152640000,28.240720749,_;_;_;_;240;144;480;288;128;64
7,220,mh_fast,mh_ffn_fused_c64_project_g128_qkv_bytein_fb,block62,8640,128,8847360,23.213239670,23.392520905,0.179279998,28.240720749,_;_;_;_;_;138240;480;288;480;0;0
7,221,mh_fused,c64_attention_project_fb_bout_diag,block62,2160,256,2160,23.393920898,23.523759842,0.129840001,28.240720749,_;_;_;_;480;288;4;0;0;0;0
7,222,mh_fast,mh_ffn_fused_c64_project_mapped_g128_qkv_bytein_fb,block63,9028,128,9244672,23.525159836,23.740560532,0.215399995,28.240720749,_;_;_;_;_;144448;480;288;488;4;4
7,223,mh_fused,c64_attention_project_fb_bout_diag,block63,2257,256,2257,23.741960526,23.901399612,0.159439996,28.240720749,_;_;_;_;488;296;4;480;288;4;4
7,224,mh_fast,mh_ffn_fused_c64_project_mapped_g128_qkv_bytein_fb,block64,8784,128,8994816,23.902839661,24.110839844,0.208000004,28.240720749,_;_;_;_;_;140544;480;288;488;4;0
7,225,mh_fused,c64_attention_project_fb_bout_diag,block64,2196,256,2196,24.112199783,24.266920090,0.154719993,28.240720749,_;_;_;_;488;288;4;480;288;4;0
7,226,mh_fast,mh_ffn_fused_c64_project_mapped_g128_qkv_bytein_fb,block65,8880,128,9093120,24.268440247,24.476959229,0.208519995,28.240720749,_;_;_;_;_;142080;480;288;480;0;4
7,227,mh_fused,c64_attention_project_fb_diag,block65,2220,256,2220,24.478359222,24.643600464,0.165240005,28.240720749,_;_;_;_;480;296;0;480;288;0;4
7,228,deep_fast,decoder_project2x_h16w,block69,17280,32,4423680,24.645240784,24.982519150,0.337280005,28.240720749,_;_;_;_;480;288;960;576;64;32
7,229,c32_fused_ffn,c32_fast_ffn_attention_fused_half_mapped,block69,8640,128,8640,24.985519409,25.395919800,0.410400003,28.240720749,_;_;_;_;8640;0;1;960;576;0;0
7,230,c32_fused_ffn,c32_fast_ffn_attention_fused_half_chain,block69,8833,128,8833,25.397359848,25.785320282,0.387959987,28.240720749,_;_;_;_;8833;3;1;960;576;4;4;960;0;0
7,231,c32_fused_ffn,c32_fast_ffn_attention_fused_half_chain,block69,8712,128,8712,25.786920547,26.176620483,0.389699996,28.240720749,_;_;_;_;8712;3;1;960;576;4;0;968;4;4
7,232,c32_fused_ffn,c32_fast_ffn_attention_fused_half_chain_finish,block69,8760,128,8760,26.178180695,26.611120224,0.432940006,28.240720749,_;_;_;_;_;8760;3;1;960;576;0;4;968;4;0
7,233,c32_fused_ffn,c32_post_merge_head_half,block70,34945,128,34945,26.612680435,28.170619965,1.557940006,28.240720749,_;_;_;_;_;_;_;_;34945;1920;1152;4;4;_
8,0,c32_fused_ffn,c32_fast_ffn_attention_fused_half_prefix_finish_main8,pre-down,34560,128,34560,0.006200000,1.546399951,1.540199995,28.814479828,_;_;_;_;_;_;34560;0;1;1920;1152;0;0
8,1,c32_fused_ffn,c32_fast_ffn_attention_fused_half_mapped,block4,8640,128,8640,1.555680037,1.966359973,0.410679996,28.814479828,_;_;_;_;8640;0;1;960;576;0;0
8,2,c32_fused_ffn,c32_fast_ffn_attention_fused_half_chain,block4,8833,128,8833,1.967800021,2.364320040,0.396519989,28.814479828,_;_;_;_;8833;3;1;960;576;4;4;960;0;0
8,3,c32_fused_ffn,c32_fast_ffn_attention_fused_half_chain,block4,8712,128,8712,2.365880013,2.756759882,0.390879989,28.814479828,_;_;_;_;8712;3;1;960;576;4;0;968;4;4
8,4,c32_fused_ffn,c32_fast_ffn_attention_fused_half_chain_finish_dcrop,block4,8760,128,8760,2.758359909,3.198359966,0.439999998,28.814479828,_;_;_;_;_;8760;3;1;960;576;0;4;968;4;0
8,5,mh_fast,mh_pool_project_production_h16w,block5,34560,32,8847360,3.199919939,3.316159964,0.116240002,28.814479828,_;_;_;480;288;0;0;32
8,6,mh_fast,mh_ffn_fused_c64_project_g128_qkv_fb,block5,8640,128,8847360,3.323159933,3.508599997,0.185440004,28.814479828,_;_;_;_;_;138240;480;288;480;0;0
8,7,mh_fused,c64_attention_project_fb_bout_diag,block5,2160,256,2160,3.509959936,3.647639990,0.137679994,28.814479828,_;_;_;_;480;288;4;0;0;0;0
8,8,mh_fast,mh_ffn_fused_c64_project_mapped_g128_qkv_bytein_fb,block6,9028,128,9244672,3.649039984,3.861040115,0.211999997,28.814479828,_;_;_;_;_;144448;480;288;488;4;4
8,9,mh_fused,c64_attention_project_fb_bout_diag,block6,2257,256,2257,3.862440109,4.018799782,0.156360000,28.814479828,_;_;_;_;488;296;4;480;288;4;4
8,10,mh_fast,mh_ffn_fused_c64_project_mapped_g128_qkv_bytein_fb,block7,8784,128,8994816,4.020199776,4.225999832,0.205799997,28.814479828,_;_;_;_;_;140544;480;288;488;4;0
8,11,mh_fused,c64_attention_project_fb_bout_diag,block7,2196,256,2196,4.227320194,4.380199909,0.152879998,28.814479828,_;_;_;_;488;288;4;480;288;4;0
8,12,mh_fast,mh_ffn_fused_c64_project_mapped_g128_qkv_bytein_fb,block8,8880,128,9093120,4.381720066,4.589600086,0.207880005,28.814479828,_;_;_;_;_;142080;480;288;480;0;4
8,13,mh_fused,c64_attention_project_fb_diag,block8,2220,256,2220,4.590919971,4.746880054,0.155959994,28.814479828,_;_;_;_;480;296;3;480;288;0;4
8,14,mh_fast,mh_pool_project_group_c64,block9,2160,64,4423680,4.748439789,4.845280170,0.096840002,28.814479828,_;_;_;240;144;480;0;0
8,15,mh_fast,mh_ffn_fused_c128_project_g128_qkv_fb,block9,2160,256,4423680,4.849279881,5.000760078,0.151480004,28.814479828,_;_;_;_;_;34560;240;144;240;0;0
8,16,mh_fused,c128_attention_project_fb_bout_diag,block9,540,512,540,5.002120018,5.098040104,0.095919997,28.814479828,_;_;_;_;240;144;4;0;0;0;0
8,17,mh_fast,mh_ffn_fused_c128_project_mapped_g128_qkv_bytein_fb,block10,2356,256,4825088,5.099559784,5.255640030,0.156079993,28.814479828,_;_;_;_;_;37696;240;144;248;4;4
8,18,mh_fused,c128_attention_project_fb_bout_diag,block10,589,512,589,5.262479782,5.368199825,0.105719998,28.814479828,_;_;_;_;248;152;4;240;144;4;4
8,19,mh_fast,mh_ffn_fused_c128_project_mapped_g128_qkv_bytein_fb,block11,2232,256,4571136,5.369639874,5.528359890,0.158720002,28.814479828,_;_;_;_;_;35712;240;144;248;4;0
8,20,mh_fused,c128_attention_project_fb_bout_diag,block11,558,512,558,5.529719830,5.637400150,0.107680000,28.814479828,_;_;_;_;248;144;4;240;144;4;0
8,21,mh_fast,mh_ffn_fused_c128_project_mapped_g128_qkv_bytein_fb,block12,2280,256,4669440,5.638879776,5.790120125,0.151240006,28.814479828,_;_;_;_;_;36480;240;144;240;0;4
8,22,mh_fused,c128_attention_project_fb_bout_diag,block12,570,512,570,5.796999931,5.903359890,0.106360003,28.814479828,_;_;_;_;240;152;4;240;144;0;4
8,23,mh_fast,mh_ffn_fused_c128_project_g128_qkv_bytein_fb,block13,2160,256,4423680,5.904799938,6.050559998,0.145760000,28.814479828,_;_;_;_;_;34560;240;144;240;0;0
8,24,mh_fused,c128_attention_project_fb_bout_diag,block13,540,512,540,6.053199768,6.148880005,0.095679998,28.814479828,_;_;_;_;240;144;4;0;0;0;0
8,25,mh_fast,mh_ffn_fused_c128_project_mapped_g128_qkv_bytein_fb,block14,2356,256,4825088,6.150360107,6.307079792,0.156719998,28.814479828,_;_;_;_;_;37696;240;144;248;4;4
8,26,mh_fused,c128_attention_project_fb_diag,block14,589,512,589,6.313960075,6.420440197,0.106480002,28.814479828,_;_;_;_;248;152;3;240;144;4;4
8,27,mh_fast,mh_pool_project_group_c128,block15,540,128,2211840,6.421919823,6.491759777,0.069839999,28.814479828,_;_;_;120;72;240;0;0
8,28,mh_fast,mh_ffn_fused_c256_frag_project_g128_qkv_fb,block15,540,512,2211840,6.494480133,6.618879795,0.124399997,28.814479828,_;_;_;_;_;8640;120;72;120;0;0
8,29,mh_fused,c256_attention_project_fb_bout_diag,block15,135,512,135,6.620279789,6.708360195,0.088079996,28.814479828,_;_;_;_;120;72;4;0;0;0;0
8,30,mh_fast,mh_ffn_fused_c256_frag_project_mapped_g128_qkv_bytein_fb,block16,640,512,2621440,6.709879875,6.844999790,0.135120004,28.814479828,_;_;_;_;_;10240;120;72;128;4;4
8,31,mh_fused,c256_attention_project_fb_bout_diag,block16,160,512,160,6.846360207,6.941800117,0.095440000,28.814479828,_;_;_;_;128;80;4;120;72;4;4
8,32,mh_fast,mh_ffn_fused_c256_frag_project_mapped_g128_qkv_bytein_fb,block17,576,512,2359296,6.943520069,7.077400208,0.133880004,28.814479828,_;_;_;_;_;9216;120;72;128;4;0
8,33,mh_fused,c256_attention_project_fb_bout_diag,block17,144,512,144,7.078879833,7.172920227,0.094039999,28.814479828,_;_;_;_;128;72;4;120;72;4;0
8,34,mh_fast,mh_ffn_fused_c256_frag_project_mapped_g128_qkv_bytein_fb,block18,600,512,2457600,7.174719810,7.304920197,0.130199999,28.814479828,_;_;_;_;_;9600;120;72;120;0;4
8,35,mh_fused,c256_attention_project_fb_bout_diag,block18,150,512,150,7.306240082,7.402599812,0.096359998,28.814479828,_;_;_;_;120;80;4;120;72;0;4
8,36,mh_fast,mh_ffn_fused_c256_frag_project_g128_qkv_bytein_fb,block19,540,512,2211840,7.404280186,7.528719902,0.124439999,28.814479828,_;_;_;_;_;8640;120;72;120;0;0
8,37,mh_fused,c256_attention_project_fb_bout_diag,block19,135,512,135,7.530200005,7.622719765,0.092519999,28.814479828,_;_;_;_;120;72;4;0;0;0;0
8,38,mh_fast,mh_ffn_fused_c256_frag_project_mapped_g128_qkv_bytein_fb,block20,640,512,2621440,7.624279976,7.756519794,0.132239997,28.814479828,_;_;_;_;_;10240;120;72;128;4;4
8,39,mh_fused,c256_attention_project_fb_bout_diag,block20,160,512,160,7.757840157,7.855840206,0.097999997,28.814479828,_;_;_;_;128;80;4;120;72;4;4
8,40,mh_fast,mh_ffn_fused_c256_frag_project_mapped_g128_qkv_bytein_fb,block21,576,512,2359296,7.857600212,7.993040085,0.135440007,28.814479828,_;_;_;_;_;9216;120;72;128;4;0
8,41,mh_fused,c256_attention_project_fb_bout_diag,block21,144,512,144,7.994599819,8.086079597,0.091480002,28.814479828,_;_;_;_;128;72;4;120;72;4;0
8,42,mh_fast,mh_ffn_fused_c256_frag_project_mapped_g128_qkv_bytein_fb,block22,600,512,2457600,8.087880135,8.213279724,0.125400007,28.814479828,_;_;_;_;_;9600;120;72;120;0;4
8,43,mh_fused,c256_attention_project_fb_diag,block22,150,512,150,8.214719772,8.315640450,0.100919999,28.814479828,_;_;_;_;120;80;3;120;72;0;4
8,44,mh_fast,mh_pool_project_group_c256,block23,135,256,1105920,8.317720413,8.380880356,0.063160002,28.814479828,_;_;_;60;36;120;0;0
8,45,mh,mh_shift_pack,block23,5120,256,1310720,8.384559631,8.446680069,0.062120002,28.814479828,_;_;60;36;64;40;0;0;512;0
8,46,deep_fast,split_mix_blocked_h16w,block23,1280,32,1310720,8.453040123,8.527640343,0.074600004,28.814479828,_;_;_;2560
8,47,deep_fast,split_ffn_fused_fp8_t8,block23,1280,128,1310720,8.531359673,8.604519844,0.073160000,28.814479828,_;_;_;_;2560
8,48,deep_fast,split_projection_frag,block23,1280,32,1310720,8.605919838,8.665479660,0.059560001,28.814479828,_;_;_;_;_;2560
8,49,mh_fast,mh_qkv_normalize_frag_c512,block23,3840,32,3932160,8.669879913,8.749159813,0.079279996,28.814479828,_;_;_;2560
8,50,mh_fused,mh_attention_fused_fp8_out,block23,640,128,640,8.751799583,8.789600372,0.037799999,28.814479828,_;_;_;64;40;512
8,51,mh_fast,mh_attention_project_frag_c512,block23,1280,32,1310720,8.791080475,8.856920242,0.065839998,28.814479828,_;_;_;_;2560;0;60;36;64;0;0
8,52,mh,mh_shift_pack,block24,5120,256,1310720,8.860679626,8.918040276,0.057360001,28.814479828,_;_;60;36;64;40;4;4;512;0
8,53,deep_fast,split_mix_blocked_h16w,block24,1280,32,1310720,8.924400330,8.998519897,0.074120000,28.814479828,_;_;_;2560
8,54,deep_fast,split_ffn_fused_fp8_t8,block24,1280,128,1310720,9.002280235,9.092040062,0.089759998,28.814479828,_;_;_;_;2560
8,55,deep_fast,split_projection_frag,block24,1280,32,1310720,9.093560219,9.152680397,0.059119999,28.814479828,_;_;_;_;_;2560
8,56,mh_fast,mh_qkv_normalize_frag_c512,block24,3840,32,3932160,9.157119751,9.239760399,0.082640000,28.814479828,_;_;_;2560
8,57,mh_fused,mh_attention_fused_fp8_out,block24,640,128,640,9.241120338,9.306679726,0.065559998,28.814479828,_;_;_;64;40;512
8,58,mh_fast,mh_attention_project_frag_c512,block24,1280,32,1310720,9.308119774,9.384160042,0.076040000,28.814479828,_;_;_;_;2560;0;60;36;64;4;4
8,59,mh,mh_shift_pack,block25,5120,256,1310720,9.387880325,9.446640015,0.058759999,28.814479828,_;_;60;36;64;40;4;0;512;0
8,60,deep_fast,split_mix_blocked_h16w,block25,1280,32,1310720,9.453120232,9.527239799,0.074120000,28.814479828,_;_;_;2560
8,61,deep_fast,split_ffn_fused_fp8_t8,block25,1280,128,1310720,9.530960083,9.604000092,0.073040001,28.814479828,_;_;_;_;2560
8,62,deep_fast,split_projection_frag,block25,1280,32,1310720,9.605480194,9.665240288,0.059760001,28.814479828,_;_;_;_;_;2560
8,63,mh_fast,mh_qkv_normalize_frag_c512,block25,3840,32,3932160,9.669719696,9.751839638,0.082120001,28.814479828,_;_;_;2560
8,64,mh_fused,mh_attention_fused_fp8_out,block25,640,128,640,9.753239632,9.816679955,0.063440003,28.814479828,_;_;_;64;40;512
8,65,mh_fast,mh_attention_project_frag_c512,block25,1280,32,1310720,9.818079948,9.894200325,0.076119997,28.814479828,_;_;_;_;2560;0;60;36;64;4;0
8,66,mh,mh_shift_pack,block26,5120,256,1310720,9.897919655,9.955719948,0.057799999,28.814479828,_;_;60;36;64;40;0;4;512;0
8,67,deep_fast,split_mix_blocked_h16w,block26,1280,32,1310720,9.963279724,10.061719894,0.098439999,28.814479828,_;_;_;2560
8,68,deep_fast,split_ffn_fused_fp8_t8,block26,1280,128,1310720,10.065440178,10.133959770,0.068520002,28.814479828,_;_;_;_;2560
8,69,deep_fast,split_projection_frag,block26,1280,32,1310720,10.135399818,10.195960045,0.060559999,28.814479828,_;_;_;_;_;2560
8,70,mh_fast,mh_qkv_normalize_frag_c512,block26,3840,32,3932160,10.200320244,10.282919884,0.082599998,28.814479828,_;_;_;2560
8,71,mh_fused,mh_attention_fused_fp8_out,block26,640,128,640,10.284279823,10.350239754,0.065959997,28.814479828,_;_;_;64;40;512
8,72,mh_fast,mh_attention_project_frag_c512,block26,1280,32,1310720,10.351679802,10.427240372,0.075560004,28.814479828,_;_;_;_;2560;0;60;36;64;0;4
8,73,mh,mh_shift_pack,block27,5120,256,1310720,10.430999756,10.489279747,0.058279999,28.814479828,_;_;60;36;64;40;0;0;512;0
8,74,deep_fast,split_mix_blocked_h16w,block27,1280,32,1310720,10.495519638,10.569519997,0.074000001,28.814479828,_;_;_;2560
8,75,deep_fast,split_ffn_fused_fp8_t8,block27,1280,128,1310720,10.573280334,10.643039703,0.069760002,28.814479828,_;_;_;_;2560
8,76,deep_fast,split_projection_frag,block27,1280,32,1310720,10.644479752,10.703800201,0.059319999,28.814479828,_;_;_;_;_;2560
8,77,mh_fast,mh_qkv_normalize_frag_c512,block27,3840,32,3932160,10.708160400,10.792799950,0.084639996,28.814479828,_;_;_;2560
8,78,mh_fused,mh_attention_fused_fp8_out,block27,640,128,640,10.795439720,10.854399681,0.058959998,28.814479828,_;_;_;64;40;512
8,79,mh_fast,mh_attention_project_frag_c512,block27,1280,32,1310720,10.855839729,10.930919647,0.075080000,28.814479828,_;_;_;_;2560;0;60;36;64;0;0
8,80,mh,mh_shift_pack,block28,5120,256,1310720,10.934679985,10.992799759,0.058120001,28.814479828,_;_;60;36;64;40;4;4;512;0
8,81,deep_fast,split_mix_blocked_h16w,block28,1280,32,1310720,11.000359535,11.071439743,0.071079999,28.814479828,_;_;_;2560
8,82,deep_fast,split_ffn_fused_fp8_t8,block28,1280,128,1310720,11.075160027,11.144960403,0.069799997,28.814479828,_;_;_;_;2560
8,83,deep_fast,split_projection_frag,block28,1280,32,1310720,11.146360397,11.205920219,0.059560001,28.814479828,_;_;_;_;_;2560
8,84,mh_fast,mh_qkv_normalize_frag_c512,block28,3840,32,3932160,11.210240364,11.296239853,0.086000003,28.814479828,_;_;_;2560
8,85,mh_fused,mh_attention_fused_fp8_out,block28,640,128,640,11.297639847,11.363280296,0.065640002,28.814479828,_;_;_;64;40;512
8,86,mh_fast,mh_attention_project_frag_c512,block28,1280,32,1310720,11.364640236,11.448559761,0.083920002,28.814479828,_;_;_;_;2560;0;60;36;64;4;4
8,87,mh,mh_shift_pack,block29,5120,256,1310720,11.452320099,11.510800362,0.058479998,28.814479828,_;_;60;36;64;40;4;0;512;0
8,88,deep_fast,split_mix_blocked_h16w,block29,1280,32,1310720,11.518360138,11.589679718,0.071319997,28.814479828,_;_;_;2560
8,89,deep_fast,split_ffn_fused_fp8_t8,block29,1280,128,1310720,11.593440056,11.663120270,0.069679998,28.814479828,_;_;_;_;2560
8,90,deep_fast,split_projection_frag,block29,1280,32,1310720,11.664600372,11.724599838,0.059999999,28.814479828,_;_;_;_;_;2560
8,91,mh_fast,mh_qkv_normalize_frag_c512,block29,3840,32,3932160,11.728960037,11.812879562,0.083920002,28.814479828,_;_;_;2560
8,92,mh_fused,mh_attention_fused_fp8_out,block29,640,128,640,11.814240456,11.881759644,0.067520000,28.814479828,_;_;_;64;40;512
8,93,mh_fast,mh_attention_project_frag_c512,block29,1280,32,1310720,11.883199692,11.958999634,0.075800002,28.814479828,_;_;_;_;2560;0;60;36;64;4;0
8,94,mh,mh_shift_pack,block30,5120,256,1310720,11.962759972,12.068360329,0.105599999,28.814479828,_;_;60;36;64;40;0;4;512;0
8,95,deep_fast,split_mix_blocked_h16w,block30,1280,32,1310720,12.075920105,12.149720192,0.073799998,28.814479828,_;_;_;2560
8,96,deep_fast,split_ffn_fused_fp8_t8,block30,1280,128,1310720,12.153519630,12.223440170,0.069920003,28.814479828,_;_;_;_;2560
8,97,deep_fast,split_projection_frag,block30,1280,32,1310720,12.224960327,12.285120010,0.060160000,28.814479828,_;_;_;_;_;2560
8,98,mh_fast,mh_qkv_normalize_frag_c512,block30,3840,32,3932160,12.289520264,12.371959686,0.082439996,28.814479828,_;_;_;2560
8,99,mh_fused,mh_attention_fused_fp8_out,block30,640,128,640,12.373279572,12.438280106,0.064999998,28.814479828,_;_;_;64;40;512
8,100,mh_fast,mh_attention_project_frag_c512,block30,1280,32,1310720,12.439680099,12.513839722,0.074160002,28.814479828,_;_;_;_;2560;3;60;36;64;0;4
8,101,mh,mh_pool,head,1280,256,327680,12.517560005,12.570879936,0.053320002,28.814479828,_;_;32;20;60;30;18;512
8,102,mh_fast,mh_pool_project_production_h16w,head,2560,32,655360,12.575759888,12.764639854,0.188879997,28.814479828,_;_;_;32;20;30;18;512
8,103,deep,vit_gather,block31,2560,256,655360,12.766519547,12.821680069,0.055160001,28.814479828,_;_;_;655360
8,104,deep_fast,vit_pack_input,block31,640,256,163840,12.828439713,12.872920036,0.044480000,28.814479828,_;_;655360
8,105,deep_fast,vit_expand_blocked_fp8_frag_bytein,block31,2560,32,2621440,12.878080368,12.961520195,0.083439998,28.814479828,_;_;_;640;1024;4096
8,106,deep_fast,vit_contract_blocked_fp8_frag,block31,640,32,655360,12.963239670,13.050919533,0.087679997,28.814479828,_;_;_;_;640;4096;1024
8,107,deep_fast,vit_qkv_project_normalize_fused_f16compact_fp8_frag,block31,3840,32,1966080,13.053680420,13.169919968,0.116240002,28.814479828,_;_;_;640
8,108,deep_fast,vit_attention_fused_640_bytein,block31,1280,32,327680,13.171600342,13.272199631,0.100599997,28.814479828,_;_;640
8,109,deep_fast,vit_project_frag,block31,2560,32,655360,13.274959564,13.414360046,0.139400005,28.814479828,_;_;_;_;640;1024;1024
8,110,deep_fast,vit_pack_input,block32,640,256,163840,13.416399956,13.466400146,0.050000001,28.814479828,_;_;655360
8,111,deep_fast,vit_expand_blocked_fp8_frag_bytein,block32,2560,32,2621440,13.472720146,13.553959846,0.081239998,28.814479828,_;_;_;640;1024;4096
8,112,deep_fast,vit_contract_blocked_fp8_frag,block32,640,32,655360,13.555640221,13.643480301,0.087839998,28.814479828,_;_;_;_;640;4096;1024
8,113,deep_fast,vit_qkv_project_normalize_fused_f16compact_fp8_frag,block32,3840,32,1966080,13.646240234,13.759480476,0.113240004,28.814479828,_;_;_;640
8,114,deep_fast,vit_attention_fused_640_bytein,block32,1280,32,327680,13.761159897,13.861720085,0.100560002,28.814479828,_;_;640
8,115,deep_fast,vit_project_frag,block32,2560,32,655360,13.864480019,13.983719826,0.119240001,28.814479828,_;_;_;_;640;1024;1024
8,116,deep_fast,vit_pack_input,block33,640,256,163840,13.985719681,14.031920433,0.046200000,28.814479828,_;_;655360
8,117,deep_fast,vit_expand_blocked_fp8_frag_bytein,block33,2560,32,2621440,14.038080215,14.121080399,0.082999997,28.814479828,_;_;_;640;1024;4096
8,118,deep_fast,vit_contract_blocked_fp8_frag,block33,640,32,655360,14.122759819,14.211680412,0.088919997,28.814479828,_;_;_;_;640;4096;1024
8,119,deep_fast,vit_qkv_project_normalize_fused_f16compact_fp8_frag,block33,3840,32,1966080,14.214440346,14.332079887,0.117640004,28.814479828,_;_;_;640
8,120,deep_fast,vit_attention_fused_640_bytein,block33,1280,32,327680,14.333760262,14.435159683,0.101400003,28.814479828,_;_;640
8,121,deep_fast,vit_project_frag,block33,2560,32,655360,14.437919617,14.550680161,0.112760000,28.814479828,_;_;_;_;640;1024;1024
8,122,deep_fast,vit_pack_input,block34,640,256,163840,14.552760124,14.602680206,0.049920000,28.814479828,_;_;655360
8,123,deep_fast,vit_expand_blocked_fp8_frag_bytein,block34,2560,32,2621440,14.607640266,14.713399887,0.105760001,28.814479828,_;_;_;640;1024;4096
8,124,deep_fast,vit_contract_blocked_fp8_frag,block34,640,32,655360,14.715080261,14.802080154,0.086999997,28.814479828,_;_;_;_;640;4096;1024
8,125,deep_fast,vit_qkv_project_normalize_fused_f16compact_fp8_frag,block34,3840,32,1966080,14.804880142,14.920120239,0.115240000,28.814479828,_;_;_;640
8,126,deep_fast,vit_attention_fused_640_bytein,block34,1280,32,327680,14.921799660,15.023639679,0.101839997,28.814479828,_;_;640
8,127,deep_fast,vit_project_frag,block34,2560,32,655360,15.026439667,15.140640259,0.114200003,28.814479828,_;_;_;_;640;1024;1024
8,128,deep_fast,vit_pack_input,block35,640,256,163840,15.142720222,15.191439629,0.048719998,28.814479828,_;_;655360
8,129,deep_fast,vit_expand_blocked_fp8_frag_bytein,block35,2560,32,2621440,15.197640419,15.280520439,0.082879998,28.814479828,_;_;_;640;1024;4096
8,130,deep_fast,vit_contract_blocked_fp8_frag,block35,640,32,655360,15.282199860,15.371199608,0.089000002,28.814479828,_;_;_;_;640;4096;1024
8,131,deep_fast,vit_qkv_project_normalize_fused_f16compact_fp8_frag,block35,3840,32,1966080,15.373959541,15.489720345,0.115759999,28.814479828,_;_;_;640
8,132,deep_fast,vit_attention_fused_640_bytein,block35,1280,32,327680,15.491359711,15.592359543,0.101000004,28.814479828,_;_;640
8,133,deep_fast,vit_project_frag,block35,2560,32,655360,15.595080376,15.709480286,0.114399999,28.814479828,_;_;_;_;640;1024;1024
8,134,deep_fast,vit_pack_input,block36,640,256,163840,15.711520195,15.784680367,0.073160000,28.814479828,_;_;655360
8,135,deep_fast,vit_expand_blocked_fp8_frag_bytein,block36,2560,32,2621440,15.790800095,15.897359848,0.106559999,28.814479828,_;_;_;640;1024;4096
8,136,deep_fast,vit_contract_blocked_fp8_frag,block36,640,32,655360,15.899080276,15.987440109,0.088359997,28.814479828,_;_;_;_;640;4096;1024
8,137,deep_fast,vit_qkv_project_normalize_fused_f16compact_fp8_frag,block36,3840,32,1966080,15.990200043,16.106960297,0.116760001,28.814479828,_;_;_;640
8,138,deep_fast,vit_attention_fused_640_bytein,block36,1280,32,327680,16.108640671,16.210199356,0.101559997,28.814479828,_;_;640
8,139,deep_fast,vit_project_frag,block36,2560,32,655360,16.212959290,16.329200745,0.116240002,28.814479828,_;_;_;_;640;1024;1024
8,140,deep_fast,vit_pack_input,block37,640,256,163840,16.331239700,16.379999161,0.048760001,28.814479828,_;_;655360
8,141,deep_fast,vit_expand_blocked_fp8_frag_bytein,block37,2560,32,2621440,16.386199951,16.468519211,0.082319997,28.814479828,_;_;_;640;1024;4096
8,142,deep_fast,vit_contract_blocked_fp8_frag,block37,640,32,655360,16.470239639,16.558080673,0.087839998,28.814479828,_;_;_;_;640;4096;1024
8,143,deep_fast,vit_qkv_project_normalize_fused_f16compact_fp8_frag,block37,3840,32,1966080,16.560840607,16.674879074,0.114040002,28.814479828,_;_;_;640
8,144,deep_fast,vit_attention_fused_640_bytein,block37,1280,32,327680,16.676559448,16.778240204,0.101680003,28.814479828,_;_;640
8,145,deep_fast,vit_project_frag,block37,2560,32,655360,16.780960083,16.898439407,0.117480002,28.814479828,_;_;_;_;640;1024;1024
8,146,deep_fast,vit_pack_input,block38,640,256,163840,16.900520325,16.949199677,0.048680000,28.814479828,_;_;655360
8,147,deep_fast,vit_expand_blocked_fp8_frag_bytein,block38,2560,32,2621440,16.955440521,17.038480759,0.083039999,28.814479828,_;_;_;640;1024;4096
8,148,deep_fast,vit_contract_blocked_fp8_frag,block38,640,32,655360,17.040159225,17.127319336,0.087159999,28.814479828,_;_;_;_;640;4096;1024
8,149,deep_fast,vit_qkv_project_normalize_fused_f16compact_fp8_frag,block38,3840,32,1966080,17.130079269,17.244920731,0.114840001,28.814479828,_;_;_;640
8,150,deep_fast,vit_attention_fused_640_bytein,block38,1280,32,327680,17.246599197,17.348320007,0.101719998,28.814479828,_;_;640
8,151,deep_fast,vit_project_frag,block38,2560,32,655360,17.351119995,17.465280533,0.114160001,28.814479828,_;_;_;_;640;1024;1024
8,152,deep,vit_gather,block39,2560,256,655360,17.467319489,17.522680283,0.055360001,28.814479828,_;_;_;655360
8,153,deep_fast,decoder_project2x_h16w,block39,1280,32,327680,17.529399872,17.614599228,0.085199997,28.814479828,_;_;_;_;32;20;60;36;1024;512
8,154,mh,mh_shift_pack,block40,5120,256,1310720,17.617639542,17.675519943,0.057879999,28.814479828,_;_;60;36;64;40;0;0;512;0
8,155,deep_fast,split_mix_blocked_h16w,block40,1280,32,1310720,17.682159424,17.756559372,0.074400000,28.814479828,_;_;_;2560
8,156,deep_fast,split_ffn_fused_fp8_t8,block40,1280,128,1310720,17.760240555,17.830360413,0.070119999,28.814479828,_;_;_;_;2560
8,157,deep_fast,split_projection_frag,block40,1280,32,1310720,17.831880569,17.893280029,0.061400000,28.814479828,_;_;_;_;_;2560
8,158,mh_fast,mh_qkv_normalize_frag_c512,block40,3840,32,3932160,17.897640228,17.974279404,0.076640002,28.814479828,_;_;_;2560
8,159,mh_fused,mh_attention_fused_fp8_out,block40,640,128,640,17.976919174,18.062240601,0.085320003,28.814479828,_;_;_;64;40;512
8,160,mh_fast,mh_attention_project_frag_c512,block40,1280,32,1310720,18.063640594,18.138679504,0.075039998,28.814479828,_;_;_;_;2560;0;60;36;64;0;0
8,161,mh,mh_shift_pack,block41,5120,256,1310720,18.142400742,18.204519272,0.062120002,28.814479828,_;_;60;36;64;40;4;4;512;0
8,162,deep_fast,split_mix_blocked_h16w,block41,1280,32,1310720,18.210479736,18.287559509,0.077079996,28.814479828,_;_;_;2560
8,163,deep_fast,split_ffn_fused_fp8_t8,block41,1280,128,1310720,18.291320801,18.361120224,0.069799997,28.814479828,_;_;_;_;2560
8,164,deep_fast,split_projection_frag,block41,1280,32,1310720,18.362600327,18.423559189,0.060959999,28.814479828,_;_;_;_;_;2560
8,165,mh_fast,mh_qkv_normalize_frag_c512,block41,3840,32,3932160,18.427919388,18.508279800,0.080360003,28.814479828,_;_;_;2560
8,166,mh_fused,mh_attention_fused_fp8_out,block41,640,128,640,18.509679794,18.575960159,0.066280000,28.814479828,_;_;_;64;40;512
8,167,mh_fast,mh_attention_project_frag_c512,block41,1280,32,1310720,18.577360153,18.654119492,0.076760001,28.814479828,_;_;_;_;2560;0;60;36;64;4;4
8,168,mh,mh_shift_pack,block44,5120,256,1310720,18.657840729,18.717199326,0.059360001,28.814479828,_;_;60;36;64;40;0;0;512;0
8,169,deep_fast,split_mix_blocked_h16w,block44,1280,32,1310720,18.724760056,18.797359467,0.072600000,28.814479828,_;_;_;2560
8,170,deep_fast,split_ffn_fused_fp8_t8,block44,1280,128,1310720,18.801120758,18.869800568,0.068680003,28.814479828,_;_;_;_;2560
8,171,deep_fast,split_projection_frag,block44,1280,32,1310720,18.871320724,18.931240082,0.059920002,28.814479828,_;_;_;_;_;2560
8,172,mh_fast,mh_qkv_normalize_frag_c512,block44,3840,32,3932160,18.935640335,19.022840500,0.087200001,28.814479828,_;_;_;2560
8,173,mh_fused,mh_attention_fused_fp8_out,block44,640,128,640,19.024200439,19.087839127,0.063639998,28.814479828,_;_;_;64;40;512
8,174,mh_fast,mh_attention_project_frag_c512,block44,1280,32,1310720,19.089239120,19.163959503,0.074720003,28.814479828,_;_;_;_;2560;0;60;36;64;0;0
8,175,mh,mh_shift_pack,block45,5120,256,1310720,19.167720795,19.225799561,0.058079999,28.814479828,_;_;60;36;64;40;4;4;512;0
8,176,deep_fast,split_mix_blocked_h16w,block45,1280,32,1310720,19.232040405,19.306999207,0.074960001,28.814479828,_;_;_;2560
8,177,deep_fast,split_ffn_fused_fp8_t8,block45,1280,128,1310720,19.310760498,19.378200531,0.067440003,28.814479828,_;_;_;_;2560
8,178,deep_fast,split_projection_frag,block45,1280,32,1310720,19.379840851,19.432359695,0.052519999,28.814479828,_;_;_;_;_;2560
8,179,mh_fast,mh_qkv_normalize_frag_c512,block45,3840,32,3932160,19.436759949,19.516960144,0.080200002,28.814479828,_;_;_;2560
8,180,mh_fused,mh_attention_fused_fp8_out,block45,640,128,640,19.518320084,19.583639145,0.065320000,28.814479828,_;_;_;64;40;512
8,181,mh_fast,mh_attention_project_frag_c512,block45,1280,32,1310720,19.585039139,19.656320572,0.071280003,28.814479828,_;_;_;_;2560;0;60;36;64;4;4
8,182,mh,mh_shift_pack,block47,5120,256,1310720,19.660079956,19.716880798,0.056800000,28.814479828,_;_;60;36;64;40;0;4;512;0
8,183,deep_fast,split_mix_blocked_h16w,block47,1280,32,1310720,19.722959518,19.797159195,0.074199997,28.814479828,_;_;_;2560
8,184,deep_fast,split_ffn_fused_fp8_t8,block47,1280,128,1310720,19.800920486,19.868440628,0.067520000,28.814479828,_;_;_;_;2560
8,185,deep_fast,split_projection_frag,block47,1280,32,1310720,19.869960785,19.927560806,0.057599999,28.814479828,_;_;_;_;_;2560
8,186,mh_fast,mh_qkv_normalize_frag_c512,block47,3840,32,3932160,19.931959152,20.012760162,0.080799997,28.814479828,_;_;_;2560
8,187,mh_fused,mh_attention_fused_fp8_out,block47,640,128,640,20.014120102,20.077320099,0.063199997,28.814479828,_;_;_;64;40;512
8,188,mh_fast,mh_attention_project_frag_c512,block47,1280,32,1310720,20.078720093,20.154039383,0.075319998,28.814479828,_;_;_;_;2560;0;60;36;64;0;4
8,189,deep_fast,decoder_project2x_h16w_byteout,block48,2160,32,552960,20.157760620,20.253200531,0.095440000,28.814479828,_;_;_;_;60;36;120;72;512;256
8,190,mh_fast,mh_ffn_fused_c256_frag_project_g128_qkv_bytein_fb,block48,540,512,2211840,20.254800797,20.374519348,0.119719997,28.814479828,_;_;_;_;_;8640;120;72;120;0;0
8,191,mh_fused,c256_attention_project_fb_bout_diag,block48,135,512,135,20.375959396,20.463560104,0.087600000,28.814479828,_;_;_;_;120;72;0;0;0;0;0
8,192,mh_fast,mh_ffn_fused_c256_frag_project_mapped_g128_qkv_bytein_fb,block49,640,512,2621440,20.465280533,20.590839386,0.125560001,28.814479828,_;_;_;_;_;10240;120;72;128;4;4
8,193,mh_fused,c256_attention_project_fb_bout_diag,block49,160,512,160,20.593439102,20.689119339,0.095679998,28.814479828,_;_;_;_;128;80;4;120;72;4;4
8,194,mh_fast,mh_ffn_fused_c256_frag_project_mapped_g128_qkv_bytein_fb,block50,576,512,2359296,20.690879822,20.820159912,0.129280001,28.814479828,_;_;_;_;_;9216;120;72;128;4;0
8,195,mh_fused,c256_attention_project_fb_bout_diag,block50,144,512,144,20.821680069,20.913679123,0.092000000,28.814479828,_;_;_;_;128;72;4;120;72;4;0
8,196,mh_fast,mh_ffn_fused_c256_frag_project_mapped_g128_qkv_bytein_fb,block51,600,512,2457600,20.915359497,21.036439896,0.121080004,28.814479828,_;_;_;_;_;9600;120;72;120;0;4
8,197,mh_fused,c256_attention_project_fb_bout_diag,block51,150,512,150,21.039239883,21.134279251,0.095040001,28.814479828,_;_;_;_;120;80;4;120;72;0;4
8,198,mh_fast,mh_ffn_fused_c256_frag_project_g128_qkv_bytein_fb,block52,540,512,2211840,21.136079788,21.257040024,0.120959997,28.814479828,_;_;_;_;_;8640;120;72;120;0;0
8,199,mh_fused,c256_attention_project_fb_bout_diag,block52,135,512,135,21.258480072,21.346000671,0.087520003,28.814479828,_;_;_;_;120;72;4;0;0;0;0
8,200,mh_fast,mh_ffn_fused_c256_frag_project_mapped_g128_qkv_bytein_fb,block53,640,512,2621440,21.347520828,21.474279404,0.126760006,28.814479828,_;_;_;_;_;10240;120;72;128;4;4
8,201,mh_fused,c256_attention_project_fb_bout_diag,block53,160,512,160,21.476919174,21.572399139,0.095480002,28.814479828,_;_;_;_;128;80;4;120;72;4;4
8,202,mh_fast,mh_ffn_fused_c256_frag_project_mapped_g128_qkv_bytein_fb,block54,576,512,2359296,21.574079514,21.703920364,0.129840001,28.814479828,_;_;_;_;_;9216;120;72;128;4;0
8,203,mh_fused,c256_attention_project_fb_bout_diag,block54,144,512,144,21.705480576,21.799320221,0.093840003,28.814479828,_;_;_;_;128;72;4;120;72;4;0
8,204,mh_fast,mh_ffn_fused_c256_frag_project_mapped_g128_qkv_bytein_fb,block55,600,512,2457600,21.801080704,21.923799515,0.122720003,28.814479828,_;_;_;_;_;9600;120;72;120;0;4
8,205,mh_fused,c256_attention_project_fb_diag,block55,150,512,150,21.926439285,22.026439667,0.100000001,28.814479828,_;_;_;_;120;80;0;120;72;0;4
8,206,deep_fast,decoder_project2x_h16w_byteout,block56,4320,32,1105920,22.028560638,22.145839691,0.117279999,28.814479828,_;_;_;_;120;72;240;144;256;128
8,207,mh_fast,mh_ffn_fused_c128_project_mapped_g128_qkv_bytein_fb,block56,2232,256,4571136,22.147480011,22.301839828,0.154359996,28.814479828,_;_;_;_;_;35712;240;144;248;4;0
8,208,mh_fused,c128_attention_project_fb_bout_diag,block56,558,512,558,22.303239822,22.412120819,0.108879998,28.814479828,_;_;_;_;248;144;4;240;144;4;0
8,209,mh_fast,mh_ffn_fused_c128_project_mapped_g128_qkv_bytein_fb,block57,2280,256,4669440,22.413600922,22.559759140,0.146160007,28.814479828,_;_;_;_;_;36480;240;144;240;0;4
8,210,mh_fused,c128_attention_project_fb_bout_diag,block57,570,512,570,22.567039490,22.673479080,0.106440000,28.814479828,_;_;_;_;240;152;4;240;144;0;4
8,211,mh_fast,mh_ffn_fused_c128_project_g128_qkv_bytein_fb,block58,2160,256,4423680,22.674959183,22.818960190,0.143999994,28.814479828,_;_;_;_;_;34560;240;144;240;0;0
8,212,mh_fused,c128_attention_project_fb_bout_diag,block58,540,512,540,22.820320129,22.917520523,0.097199999,28.814479828,_;_;_;_;240;144;4;0;0;0;0
8,213,mh_fast,mh_ffn_fused_c128_project_mapped_g128_qkv_bytein_fb,block59,2356,256,4825088,22.919000626,23.069799423,0.150800005,28.814479828,_;_;_;_;_;37696;240;144;248;4;4
8,214,mh_fused,c128_attention_project_fb_bout_diag,block59,589,512,589,23.077520370,23.186319351,0.108800001,28.814479828,_;_;_;_;248;152;4;240;144;4;4
8,215,mh_fast,mh_ffn_fused_c128_project_mapped_g128_qkv_bytein_fb,block60,2232,256,4571136,23.187759399,23.340160370,0.152400002,28.814479828,_;_;_;_;_;35712;240;144;248;4;0
8,216,mh_fused,c128_attention_project_fb_bout_diag,block60,558,512,558,23.341680527,23.444919586,0.103239998,28.814479828,_;_;_;_;248;144;4;240;144;4;0
8,217,mh_fast,mh_ffn_fused_c128_project_mapped_g128_qkv_bytein_fb,block61,2280,256,4669440,23.446439743,23.591560364,0.145119995,28.814479828,_;_;_;_;_;36480;240;144;240;0;4
8,218,mh_fused,c128_attention_project_fb_diag,block61,570,512,570,23.599720001,23.709079742,0.109360002,28.814479828,_;_;_;_;240;152;0;240;144;0;4
8,219,deep_fast,decoder_project2x_h16w_byteout,block62,8640,32,2211840,23.710840225,23.865119934,0.154280007,28.814479828,_;_;_;_;240;144;480;288;128;64
8,220,mh_fast,mh_ffn_fused_c64_project_g128_qkv_bytein_fb,block62,8640,128,8847360,23.866760254,24.044919968,0.178159997,28.814479828,_;_;_;_;_;138240;480;288;480;0;0
8,221,mh_fused,c64_attention_project_fb_bout_diag,block62,2160,256,2160,24.046319962,24.177120209,0.130799994,28.814479828,_;_;_;_;480;288;4;0;0;0;0
8,222,mh_fast,mh_ffn_fused_c64_project_mapped_g128_qkv_bytein_fb,block63,9028,128,9244672,24.178480148,24.393199921,0.214719996,28.814479828,_;_;_;_;_;144448;480;288;488;4;4
8,223,mh_fused,c64_attention_project_fb_bout_diag,block63,2257,256,2257,24.394599915,24.553760529,0.159160003,28.814479828,_;_;_;_;488;296;4;480;288;4;4
8,224,mh_fast,mh_ffn_fused_c64_project_mapped_g128_qkv_bytein_fb,block64,8784,128,8994816,24.555160522,24.764640808,0.209480003,28.814479828,_;_;_;_;_;140544;480;288;488;4;0
8,225,mh_fused,c64_attention_project_fb_bout_diag,block64,2196,256,2196,24.766040802,24.922159195,0.156120002,28.814479828,_;_;_;_;488;288;4;480;288;4;0
8,226,mh_fast,mh_ffn_fused_c64_project_mapped_g128_qkv_bytein_fb,block65,8880,128,9093120,24.923679352,25.133239746,0.209560007,28.814479828,_;_;_;_;_;142080;480;288;480;0;4
8,227,mh_fused,c64_attention_project_fb_diag,block65,2220,256,2220,25.134679794,25.299640656,0.164959997,28.814479828,_;_;_;_;480;296;0;480;288;0;4
8,228,deep_fast,decoder_project2x_h16w,block69,17280,32,4423680,25.301279068,25.638639450,0.337359995,28.814479828,_;_;_;_;480;288;960;576;64;32
8,229,c32_fused_ffn,c32_fast_ffn_attention_fused_half_mapped,block69,8640,128,8640,25.641639709,25.974180222,0.332540005,28.814479828,_;_;_;_;8640;0;1;960;576;0;0
8,230,c32_fused_ffn,c32_fast_ffn_attention_fused_half_chain,block69,8833,128,8833,25.975660324,26.363479614,0.387820005,28.814479828,_;_;_;_;8833;3;1;960;576;4;4;960;0;0
8,231,c32_fused_ffn,c32_fast_ffn_attention_fused_half_chain,block69,8712,128,8712,26.365039825,26.756879807,0.391840011,28.814479828,_;_;_;_;8712;3;1;960;576;4;0;968;4;4
8,232,c32_fused_ffn,c32_fast_ffn_attention_fused_half_chain_finish,block69,8760,128,8760,26.758480072,27.179580688,0.421099991,28.814479828,_;_;_;_;_;8760;3;1;960;576;0;4;968;4;0
8,233,c32_fused_ffn,c32_post_merge_head_half,block70,34945,128,34945,27.181179047,28.744880676,1.563699961,28.814479828,_;_;_;_;_;_;_;_;34945;1920;1152;4;4;_
9,0,c32_fused_ffn,c32_fast_ffn_attention_fused_half_prefix_finish_main8,pre-down,34560,128,34560,0.004600000,1.573480010,1.568879962,29.004440308,_;_;_;_;_;_;34560;0;1;1920;1152;0;0
9,1,c32_fused_ffn,c32_fast_ffn_attention_fused_half_mapped,block4,8640,128,8640,1.580960035,1.991960049,0.411000013,29.004440308,_;_;_;_;8640;0;1;960;576;0;0
9,2,c32_fused_ffn,c32_fast_ffn_attention_fused_half_chain,block4,8833,128,8833,1.993399978,2.389679909,0.396279991,29.004440308,_;_;_;_;8833;3;1;960;576;4;4;960;0;0
9,3,c32_fused_ffn,c32_fast_ffn_attention_fused_half_chain,block4,8712,128,8712,2.391239882,2.782999992,0.391759992,29.004440308,_;_;_;_;8712;3;1;960;576;4;0;968;4;4
9,4,c32_fused_ffn,c32_fast_ffn_attention_fused_half_chain_finish_dcrop,block4,8760,128,8760,2.784559965,3.223839998,0.439280003,29.004440308,_;_;_;_;_;8760;3;1;960;576;0;4;968;4;0
9,5,mh_fast,mh_pool_project_production_h16w,block5,34560,32,8847360,3.340559959,3.341039896,0.000480000,29.004440308,_;_;_;480;288;0;0;32
9,6,mh_fast,mh_ffn_fused_c64_project_g128_qkv_fb,block5,8640,128,8847360,3.349600077,3.509759903,0.160160005,29.004440308,_;_;_;_;_;138240;480;288;480;0;0
9,7,mh_fused,c64_attention_project_fb_bout_diag,block5,2160,256,2160,3.511159897,3.646440029,0.135279998,29.004440308,_;_;_;_;480;288;4;0;0;0;0
9,8,mh_fast,mh_ffn_fused_c64_project_mapped_g128_qkv_bytein_fb,block6,9028,128,9244672,3.647840023,3.858639956,0.210800007,29.004440308,_;_;_;_;_;144448;480;288;488;4;4
9,9,mh_fused,c64_attention_project_fb_bout_diag,block6,2257,256,2257,3.859999895,4.013919830,0.153919995,29.004440308,_;_;_;_;488;296;4;480;288;4;4
9,10,mh_fast,mh_ffn_fused_c64_project_mapped_g128_qkv_bytein_fb,block7,8784,128,8994816,4.217520237,4.218080044,0.000560000,29.004440308,_;_;_;_;_;140544;480;288;488;4;0
9,11,mh_fused,c64_attention_project_fb_bout_diag,block7,2196,256,2196,4.219480038,4.368720055,0.149240002,29.004440308,_;_;_;_;488;288;4;480;288;4;0
9,12,mh_fast,mh_ffn_fused_c64_project_mapped_g128_qkv_bytein_fb,block8,8880,128,9093120,4.370200157,4.577519894,0.207320005,29.004440308,_;_;_;_;_;142080;480;288;480;0;4
9,13,mh_fused,c64_attention_project_fb_diag,block8,2220,256,2220,4.578839779,4.734720230,0.155880004,29.004440308,_;_;_;_;480;296;3;480;288;0;4
9,14,mh_fast,mh_pool_project_group_c64,block9,2160,64,4423680,4.736320019,4.828999996,0.092680000,29.004440308,_;_;_;240;144;480;0;0
9,15,mh_fast,mh_ffn_fused_c128_project_g128_qkv_fb,block9,2160,256,4423680,4.832960129,4.982999802,0.150040001,29.004440308,_;_;_;_;_;34560;240;144;240;0;0
9,16,mh_fused,c128_attention_project_fb_bout_diag,block9,540,512,540,4.984399796,5.078760147,0.094360001,29.004440308,_;_;_;_;240;144;4;0;0;0;0
9,17,mh_fast,mh_ffn_fused_c128_project_mapped_g128_qkv_bytein_fb,block10,2356,256,4825088,5.080239773,5.237279892,0.157040000,29.004440308,_;_;_;_;_;37696;240;144;248;4;4
9,18,mh_fused,c128_attention_project_fb_bout_diag,block10,589,512,589,5.245520115,5.349440098,0.103919998,29.004440308,_;_;_;_;248;152;4;240;144;4;4
9,19,mh_fast,mh_ffn_fused_c128_project_mapped_g128_qkv_bytein_fb,block11,2232,256,4571136,5.350880146,5.510600090,0.159720004,29.004440308,_;_;_;_;_;35712;240;144;248;4;0
9,20,mh_fused,c128_attention_project_fb_bout_diag,block11,558,512,558,5.512000084,5.618239880,0.106239997,29.004440308,_;_;_;_;248;144;4;240;144;4;0
9,21,mh_fast,mh_ffn_fused_c128_project_mapped_g128_qkv_bytein_fb,block12,2280,256,4669440,5.619719982,5.771599770,0.151879996,29.004440308,_;_;_;_;_;36480;240;144;240;0;4
9,22,mh_fused,c128_attention_project_fb_bout_diag,block12,570,512,570,5.779880047,5.881639957,0.101760000,29.004440308,_;_;_;_;240;152;4;240;144;0;4
9,23,mh_fast,mh_ffn_fused_c128_project_g128_qkv_bytein_fb,block13,2160,256,4423680,5.883080006,6.028240204,0.145160004,29.004440308,_;_;_;_;_;34560;240;144;240;0;0
9,24,mh_fused,c128_attention_project_fb_bout_diag,block13,540,512,540,6.030920029,6.126760006,0.095840000,29.004440308,_;_;_;_;240;144;4;0;0;0;0
9,25,mh_fast,mh_ffn_fused_c128_project_mapped_g128_qkv_bytein_fb,block14,2356,256,4825088,6.128280163,6.285920143,0.157639995,29.004440308,_;_;_;_;_;37696;240;144;248;4;4
9,26,mh_fused,c128_attention_project_fb_diag,block14,589,512,589,6.294199944,6.399240017,0.105039999,29.004440308,_;_;_;_;248;152;3;240;144;4;4
9,27,mh_fast,mh_pool_project_group_c128,block15,540,128,2211840,6.400760174,6.470240116,0.069480002,29.004440308,_;_;_;120;72;240;0;0
9,28,mh_fast,mh_ffn_fused_c256_frag_project_g128_qkv_fb,block15,540,512,2211840,6.472959995,6.596640110,0.123680003,29.004440308,_;_;_;_;_;8640;120;72;120;0;0
9,29,mh_fused,c256_attention_project_fb_bout_diag,block15,135,512,135,6.598120213,6.684120178,0.086000003,29.004440308,_;_;_;_;120;72;4;0;0;0;0
9,30,mh_fast,mh_ffn_fused_c256_frag_project_mapped_g128_qkv_bytein_fb,block16,640,512,2621440,6.685880184,6.816599846,0.130720004,29.004440308,_;_;_;_;_;10240;120;72;128;4;4
9,31,mh_fused,c256_attention_project_fb_bout_diag,block16,160,512,160,6.817920208,6.916039944,0.098119996,29.004440308,_;_;_;_;128;80;4;120;72;4;4
9,32,mh_fast,mh_ffn_fused_c256_frag_project_mapped_g128_qkv_bytein_fb,block17,576,512,2359296,6.917840004,7.051360130,0.133520007,29.004440308,_;_;_;_;_;9216;120;72;128;4;0
9,33,mh_fused,c256_attention_project_fb_bout_diag,block17,144,512,144,7.052840233,7.144440174,0.091600001,29.004440308,_;_;_;_;128;72;4;120;72;4;0
9,34,mh_fast,mh_ffn_fused_c256_frag_project_mapped_g128_qkv_bytein_fb,block18,600,512,2457600,7.146200180,7.276239872,0.130040005,29.004440308,_;_;_;_;_;9600;120;72;120;0;4
9,35,mh_fused,c256_attention_project_fb_bout_diag,block18,150,512,150,7.277639866,7.370560169,0.092919998,29.004440308,_;_;_;_;120;80;4;120;72;0;4
9,36,mh_fast,mh_ffn_fused_c256_frag_project_g128_qkv_bytein_fb,block19,540,512,2211840,7.372360229,7.494359970,0.122000001,29.004440308,_;_;_;_;_;8640;120;72;120;0;0
9,37,mh_fused,c256_attention_project_fb_bout_diag,block19,135,512,135,7.495800018,7.576720238,0.080920003,29.004440308,_;_;_;_;120;72;4;0;0;0;0
9,38,mh_fast,mh_ffn_fused_c256_frag_project_mapped_g128_qkv_bytein_fb,block20,640,512,2621440,7.578440189,7.708439827,0.129999995,29.004440308,_;_;_;_;_;10240;120;72;128;4;4
9,39,mh_fused,c256_attention_project_fb_bout_diag,block20,160,512,160,7.805480003,7.805960178,0.000480000,29.004440308,_;_;_;_;128;80;4;120;72;4;4
9,40,mh_fast,mh_ffn_fused_c256_frag_project_mapped_g128_qkv_bytein_fb,block21,576,512,2359296,7.807759762,7.937079906,0.129319996,29.004440308,_;_;_;_;_;9216;120;72;128;4;0
9,41,mh_fused,c256_attention_project_fb_bout_diag,block21,144,512,144,7.938640118,8.030559540,0.091920003,29.004440308,_;_;_;_;128;72;4;120;72;4;0
9,42,mh_fast,mh_ffn_fused_c256_frag_project_mapped_g128_qkv_bytein_fb,block22,600,512,2457600,8.154199600,8.154640198,0.000440000,29.004440308,_;_;_;_;_;9600;120;72;120;0;4
9,43,mh_fused,c256_attention_project_fb_diag,block22,150,512,150,8.156000137,8.251359940,0.095360003,29.004440308,_;_;_;_;120;80;3;120;72;0;4
9,44,mh_fast,mh_pool_project_group_c256,block23,135,256,1105920,8.309559822,8.310119629,0.000560000,29.004440308,_;_;_;60;36;120;0;0
9,45,mh,mh_shift_pack,block23,5120,256,1310720,8.368399620,8.368880272,0.000480000,29.004440308,_;_;60;36;64;40;0;0;512;0
9,46,deep_fast,split_mix_blocked_h16w,block23,1280,32,1310720,8.376680374,8.425760269,0.049079999,29.004440308,_;_;_;2560
9,47,deep_fast,split_ffn_fused_fp8_t8,block23,1280,128,1310720,8.429479599,8.494319916,0.064839996,29.004440308,_;_;_;_;2560
9,48,deep_fast,split_projection_frag,block23,1280,32,1310720,8.495920181,8.547120094,0.051199999,29.004440308,_;_;_;_;_;2560
9,49,mh_fast,mh_qkv_normalize_frag_c512,block23,3840,32,3932160,8.551520348,8.632200241,0.080679998,29.004440308,_;_;_;2560
9,50,mh_fused,mh_attention_fused_fp8_out,block23,640,128,640,8.633560181,8.700839996,0.067280002,29.004440308,_;_;_;64;40;512
9,51,mh_fast,mh_attention_project_frag_c512,block23,1280,32,1310720,8.702280045,8.774760246,0.072480001,29.004440308,_;_;_;_;2560;0;60;36;64;0;0
9,52,mh,mh_shift_pack,block24,5120,256,1310720,8.778519630,8.834679604,0.056159999,29.004440308,_;_;60;36;64;40;4;4;512;0
9,53,deep_fast,split_mix_blocked_h16w,block24,1280,32,1310720,8.840999603,8.914719582,0.073720001,29.004440308,_;_;_;2560
9,54,deep_fast,split_ffn_fused_fp8_t8,block24,1280,128,1310720,8.918439865,8.984919548,0.066480003,29.004440308,_;_;_;_;2560
9,55,deep_fast,split_projection_frag,block24,1280,32,1310720,8.986439705,9.045200348,0.058759999,29.004440308,_;_;_;_;_;2560
9,56,mh_fast,mh_qkv_normalize_frag_c512,block24,3840,32,3932160,9.049599648,9.129119873,0.079520002,29.004440308,_;_;_;2560
9,57,mh_fused,mh_attention_fused_fp8_out,block24,640,128,640,9.131799698,9.197319984,0.065520003,29.004440308,_;_;_;64;40;512
9,58,mh_fast,mh_attention_project_frag_c512,block24,1280,32,1310720,9.198719978,9.274279594,0.075560004,29.004440308,_;_;_;_;2560;0;60;36;64;4;4
9,59,mh,mh_shift_pack,block25,5120,256,1310720,9.277999878,9.334719658,0.056720000,29.004440308,_;_;60;36;64;40;4;0;512;0
9,60,deep_fast,split_mix_blocked_h16w,block25,1280,32,1310720,9.342240334,9.414079666,0.071840003,29.004440308,_;_;_;2560
9,61,deep_fast,split_ffn_fused_fp8_t8,block25,1280,128,1310720,9.417799950,9.485400200,0.067599997,29.004440308,_;_;_;_;2560
9,62,deep_fast,split_projection_frag,block25,1280,32,1310720,9.486920357,9.545040131,0.058120001,29.004440308,_;_;_;_;_;2560
9,63,mh_fast,mh_qkv_normalize_frag_c512,block25,3840,32,3932160,9.549440384,9.628999710,0.079559997,29.004440308,_;_;_;2560
9,64,mh_fused,mh_attention_fused_fp8_out,block25,640,128,640,9.631600380,9.667440414,0.035840001,29.004440308,_;_;_;64;40;512
9,65,mh_fast,mh_attention_project_frag_c512,block25,1280,32,1310720,9.668880463,9.735280037,0.066399999,29.004440308,_;_;_;_;2560;0;60;36;64;4;0
9,66,mh,mh_shift_pack,block26,5120,256,1310720,9.739000320,9.795200348,0.056200001,29.004440308,_;_;60;36;64;40;0;4;512;0
9,67,deep_fast,split_mix_blocked_h16w,block26,1280,32,1310720,9.801480293,9.874159813,0.072679996,29.004440308,_;_;_;2560
9,68,deep_fast,split_ffn_fused_fp8_t8,block26,1280,128,1310720,9.877880096,9.945560455,0.067680001,29.004440308,_;_;_;_;2560
9,69,deep_fast,split_projection_frag,block26,1280,32,1310720,9.947039604,10.005399704,0.058359999,29.004440308,_;_;_;_;_;2560
9,70,mh_fast,mh_qkv_normalize_frag_c512,block26,3840,32,3932160,10.009759903,10.087240219,0.077480003,29.004440308,_;_;_;2560
9,71,mh_fused,mh_attention_fused_fp8_out,block26,640,128,640,10.089879990,10.154999733,0.065119997,29.004440308,_;_;_;64;40;512
9,72,mh_fast,mh_attention_project_frag_c512,block26,1280,32,1310720,10.156399727,10.230919838,0.074519999,29.004440308,_;_;_;_;2560;0;60;36;64;0;4
9,73,mh,mh_shift_pack,block27,5120,256,1310720,10.234680176,10.294239998,0.059560001,29.004440308,_;_;60;36;64;40;0;0;512;0
9,74,deep_fast,split_mix_blocked_h16w,block27,1280,32,1310720,10.300880432,10.374119759,0.073239997,29.004440308,_;_;_;2560
9,75,deep_fast,split_ffn_fused_fp8_t8,block27,1280,128,1310720,10.377799988,10.446200371,0.068400003,29.004440308,_;_;_;_;2560
9,76,deep_fast,split_projection_frag,block27,1280,32,1310720,10.447719574,10.508079529,0.060360000,29.004440308,_;_;_;_;_;2560
9,77,mh_fast,mh_qkv_normalize_frag_c512,block27,3840,32,3932160,10.512439728,10.595919609,0.083480000,29.004440308,_;_;_;2560
9,78,mh_fused,mh_attention_fused_fp8_out,block27,640,128,640,10.597240448,10.661600113,0.064360000,29.004440308,_;_;_;64;40;512
9,79,mh_fast,mh_attention_project_frag_c512,block27,1280,32,1310720,10.663040161,10.738080025,0.075039998,29.004440308,_;_;_;_;2560;0;60;36;64;0;0
9,80,mh,mh_shift_pack,block28,5120,256,1310720,10.741880417,10.800080299,0.058200002,29.004440308,_;_;60;36;64;40;4;4;512;0
9,81,deep_fast,split_mix_blocked_h16w,block28,1280,32,1310720,10.806360245,10.883560181,0.077200003,29.004440308,_;_;_;2560
9,82,deep_fast,split_ffn_fused_fp8_t8,block28,1280,128,1310720,10.887240410,10.956359863,0.069119997,29.004440308,_;_;_;_;2560
9,83,deep_fast,split_projection_frag,block28,1280,32,1310720,10.957839966,11.043800354,0.085960001,29.004440308,_;_;_;_;_;2560
9,84,mh_fast,mh_qkv_normalize_frag_c512,block28,3840,32,3932160,11.048119545,11.128399849,0.080279998,29.004440308,_;_;_;2560
9,85,mh_fused,mh_attention_fused_fp8_out,block28,640,128,640,11.131039619,11.197959900,0.066919997,29.004440308,_;_;_;64;40;512
9,86,mh_fast,mh_attention_project_frag_c512,block28,1280,32,1310720,11.199399948,11.277319908,0.077919997,29.004440308,_;_;_;_;2560;0;60;36;64;4;4
9,87,mh,mh_shift_pack,block29,5120,256,1310720,11.281040192,11.339559555,0.058520000,29.004440308,_;_;60;36;64;40;4;0;512;0
9,88,deep_fast,split_mix_blocked_h16w,block29,1280,32,1310720,11.347160339,11.420680046,0.073519997,29.004440308,_;_;_;2560
9,89,deep_fast,split_ffn_fused_fp8_t8,block29,1280,128,1310720,11.424400330,11.496800423,0.072400004,29.004440308,_;_;_;_;2560
9,90,deep_fast,split_projection_frag,block29,1280,32,1310720,11.498279572,11.557840347,0.059560001,29.004440308,_;_;_;_;_;2560
9,91,mh_fast,mh_qkv_normalize_frag_c512,block29,3840,32,3932160,11.562159538,11.646240234,0.084080003,29.004440308,_;_;_;2560
9,92,mh_fused,mh_attention_fused_fp8_out,block29,640,128,640,11.647600174,11.713199615,0.065600000,29.004440308,_;_;_;64;40;512
9,93,mh_fast,mh_attention_project_frag_c512,block29,1280,32,1310720,11.714639664,11.791159630,0.076520003,29.004440308,_;_;_;_;2560;0;60;36;64;4;0
9,94,mh,mh_shift_pack,block30,5120,256,1310720,11.794879913,11.853159904,0.058279999,29.004440308,_;_;60;36;64;40;0;4;512;0
9,95,deep_fast,split_mix_blocked_h16w,block30,1280,32,1310720,11.859160423,11.931960106,0.072800003,29.004440308,_;_;_;2560
9,96,deep_fast,split_ffn_fused_fp8_t8,block30,1280,128,1310720,11.935720444,12.005120277,0.069399998,29.004440308,_;_;_;_;2560
9,97,deep_fast,split_projection_frag,block30,1280,32,1310720,12.006560326,12.071000099,0.064439997,29.004440308,_;_;_;_;_;2560
9,98,mh_fast,mh_qkv_normalize_frag_c512,block30,3840,32,3932160,12.075360298,12.157959938,0.082599998,29.004440308,_;_;_;2560
9,99,mh_fused,mh_attention_fused_fp8_out,block30,640,128,640,12.159399986,12.223719597,0.064319998,29.004440308,_;_;_;64;40;512
9,100,mh_fast,mh_attention_project_frag_c512,block30,1280,32,1310720,12.225119591,12.300880432,0.075759999,29.004440308,_;_;_;_;2560;3;60;36;64;0;4
9,101,mh,mh_pool,head,1280,256,327680,12.304599762,12.356960297,0.052359998,29.004440308,_;_;32;20;60;30;18;512
9,102,mh_fast,mh_pool_project_production_h16w,head,2560,32,655360,12.363639832,12.559320450,0.195680007,29.004440308,_;_;_;32;20;30;18;512
9,103,deep,vit_gather,block31,2560,256,655360,12.561039925,12.618280411,0.057240002,29.004440308,_;_;_;655360
9,104,deep_fast,vit_pack_input,block31,640,256,163840,12.624959946,12.672719955,0.047759999,29.004440308,_;_;655360
9,105,deep_fast,vit_expand_blocked_fp8_frag_bytein,block31,2560,32,2621440,12.677720070,12.829640388,0.151920006,29.004440308,_;_;_;640;1024;4096
9,106,deep_fast,vit_contract_blocked_fp8_frag,block31,640,32,655360,12.831319809,12.920920372,0.089599997,29.004440308,_;_;_;_;640;4096;1024
9,107,deep_fast,vit_qkv_project_normalize_fused_f16compact_fp8_frag,block31,3840,32,1966080,12.923680305,13.038680077,0.115000002,29.004440308,_;_;_;640
9,108,deep_fast,vit_attention_fused_640_bytein,block31,1280,32,327680,13.040360451,13.134519577,0.094159998,29.004440308,_;_;640
9,109,deep_fast,vit_project_frag,block31,2560,32,655360,13.137280464,13.277199745,0.139919996,29.004440308,_;_;_;_;640;1024;1024
9,110,deep_fast,vit_pack_input,block32,640,256,163840,13.279159546,13.328359604,0.049199998,29.004440308,_;_;655360
9,111,deep_fast,vit_expand_blocked_fp8_frag_bytein,block32,2560,32,2621440,13.333359718,13.416879654,0.083520003,29.004440308,_;_;_;640;1024;4096
9,112,deep_fast,vit_contract_blocked_fp8_frag,block32,640,32,655360,13.418600082,13.506400108,0.087800004,29.004440308,_;_;_;_;640;4096;1024
9,113,deep_fast,vit_qkv_project_normalize_fused_f16compact_fp8_frag,block32,3840,32,1966080,13.509160042,13.626759529,0.117600001,29.004440308,_;_;_;640
9,114,deep_fast,vit_attention_fused_640_bytein,block32,1280,32,327680,13.628439903,13.729519844,0.101080000,29.004440308,_;_;640
9,115,deep_fast,vit_project_frag,block32,2560,32,655360,13.732279778,13.846440315,0.114160001,29.004440308,_;_;_;_;640;1024;1024
9,116,deep_fast,vit_pack_input,block33,640,256,163840,13.848520279,13.898119926,0.049600001,29.004440308,_;_;655360
9,117,deep_fast,vit_expand_blocked_fp8_frag_bytein,block33,2560,32,2621440,13.903120041,13.985639572,0.082520001,29.004440308,_;_;_;640;1024;4096
9,118,deep_fast,vit_contract_blocked_fp8_frag,block33,640,32,655360,13.987360001,14.068440437,0.081079997,29.004440308,_;_;_;_;640;4096;1024
9,119,deep_fast,vit_qkv_project_normalize_fused_f16compact_fp8_frag,block33,3840,32,1966080,14.071200371,14.187959671,0.116760001,29.004440308,_;_;_;640
9,120,deep_fast,vit_attention_fused_640_bytein,block33,1280,32,327680,14.189680099,14.291239738,0.101559997,29.004440308,_;_;640
9,121,deep_fast,vit_project_frag,block33,2560,32,655360,14.293999672,14.409919739,0.115920000,29.004440308,_;_;_;_;640;1024;1024
9,122,deep_fast,vit_pack_input,block34,640,256,163840,14.411919594,14.460800171,0.048880000,29.004440308,_;_;655360
9,123,deep_fast,vit_expand_blocked_fp8_frag_bytein,block34,2560,32,2621440,14.465760231,14.549240112,0.083480000,29.004440308,_;_;_;640;1024;4096
9,124,deep_fast,vit_contract_blocked_fp8_frag,block34,640,32,655360,14.550959587,14.637680054,0.086719997,29.004440308,_;_;_;_;640;4096;1024
9,125,deep_fast,vit_qkv_project_normalize_fused_f16compact_fp8_frag,block34,3840,32,1966080,14.640439987,14.756360054,0.115920000,29.004440308,_;_;_;640
9,126,deep_fast,vit_attention_fused_640_bytein,block34,1280,32,327680,14.758000374,14.862839699,0.104840003,29.004440308,_;_;640
9,127,deep_fast,vit_project_frag,block34,2560,32,655360,14.865599632,15.005000114,0.139400005,29.004440308,_;_;_;_;640;1024;1024
9,128,deep_fast,vit_pack_input,block35,640,256,163840,15.007120132,15.057000160,0.049880002,29.004440308,_;_;655360
9,129,deep_fast,vit_expand_blocked_fp8_frag_bytein,block35,2560,32,2621440,15.061880112,15.146960258,0.085079998,29.004440308,_;_;_;640;1024;4096
9,130,deep_fast,vit_contract_blocked_fp8_frag,block35,640,32,655360,15.148639679,15.238400459,0.089759998,29.004440308,_;_;_;_;640;4096;1024
9,131,deep_fast,vit_qkv_project_normalize_fused_f16compact_fp8_frag,block35,3840,32,1966080,15.241160393,15.356840134,0.115680002,29.004440308,_;_;_;640
9,132,deep_fast,vit_attention_fused_640_bytein,block35,1280,32,327680,15.358519554,15.460240364,0.101719998,29.004440308,_;_;640
9,133,deep_fast,vit_project_frag,block35,2560,32,655360,15.463000298,15.575119972,0.112120003,29.004440308,_;_;_;_;640;1024;1024
9,134,deep_fast,vit_pack_input,block36,640,256,163840,15.577119827,15.626079559,0.048960000,29.004440308,_;_;655360
9,135,deep_fast,vit_expand_blocked_fp8_frag_bytein,block36,2560,32,2621440,15.630840302,15.735600471,0.104759999,29.004440308,_;_;_;640;1024;4096
9,136,deep_fast,vit_contract_blocked_fp8_frag,block36,640,32,655360,15.737319946,15.824440002,0.087119997,29.004440308,_;_;_;_;640;4096;1024
9,137,deep_fast,vit_qkv_project_normalize_fused_f16compact_fp8_frag,block36,3840,32,1966080,15.827199936,15.942839622,0.115640000,29.004440308,_;_;_;640
9,138,deep_fast,vit_attention_fused_640_bytein,block36,1280,32,327680,15.944519997,16.072120667,0.127599999,29.004440308,_;_;640
9,139,deep_fast,vit_project_frag,block36,2560,32,655360,16.074880600,16.189079285,0.114200003,29.004440308,_;_;_;_;640;1024;1024
9,140,deep_fast,vit_pack_input,block37,640,256,163840,16.191120148,16.242719650,0.051600002,29.004440308,_;_;655360
9,141,deep_fast,vit_expand_blocked_fp8_frag_bytein,block37,2560,32,2621440,16.248880386,16.357360840,0.108479999,29.004440308,_;_;_;640;1024;4096
9,142,deep_fast,vit_contract_blocked_fp8_frag,block37,640,32,655360,16.359079361,16.448640823,0.089560002,29.004440308,_;_;_;_;640;4096;1024
9,143,deep_fast,vit_qkv_project_normalize_fused_f16compact_fp8_frag,block37,3840,32,1966080,16.451480865,16.568119049,0.116640002,29.004440308,_;_;_;640
9,144,deep_fast,vit_attention_fused_640_bytein,block37,1280,32,327680,16.569879532,16.671600342,0.101719998,29.004440308,_;_;640
9,145,deep_fast,vit_project_frag,block37,2560,32,655360,16.674360275,16.788919449,0.114560001,29.004440308,_;_;_;_;640;1024;1024
9,146,deep_fast,vit_pack_input,block38,640,256,163840,16.791000366,16.840959549,0.049959999,29.004440308,_;_;655360
9,147,deep_fast,vit_expand_blocked_fp8_frag_bytein,block38,2560,32,2621440,16.845720291,16.928920746,0.083200000,29.004440308,_;_;_;640;1024;4096
9,148,deep_fast,vit_contract_blocked_fp8_frag,block38,640,32,655360,16.930679321,17.018960953,0.088280000,29.004440308,_;_;_;_;640;4096;1024
9,149,deep_fast,vit_qkv_project_normalize_fused_f16compact_fp8_frag,block38,3840,32,1966080,17.021720886,17.135799408,0.114079997,29.004440308,_;_;_;640
9,150,deep_fast,vit_attention_fused_640_bytein,block38,1280,32,327680,17.137479782,17.238880157,0.101400003,29.004440308,_;_;640
9,151,deep_fast,vit_project_frag,block38,2560,32,655360,17.241640091,17.379640579,0.137999997,29.004440308,_;_;_;_;640;1024;1024
9,152,deep,vit_gather,block39,2560,256,655360,17.381719589,17.435359955,0.053640001,29.004440308,_;_;_;655360
9,153,deep_fast,decoder_project2x_h16w,block39,1280,32,327680,17.442279816,17.526119232,0.083839998,29.004440308,_;_;_;_;32;20;60;36;1024;512
9,154,mh,mh_shift_pack,block40,5120,256,1310720,17.529119492,17.588039398,0.058920000,29.004440308,_;_;60;36;64;40;0;0;512;0
9,155,deep_fast,split_mix_blocked_h16w,block40,1280,32,1310720,17.594320297,17.669479370,0.075159997,29.004440308,_;_;_;2560
9,156,deep_fast,split_ffn_fused_fp8_t8,block40,1280,128,1310720,17.673200607,17.741720200,0.068520002,29.004440308,_;_;_;_;2560
9,157,deep_fast,split_projection_frag,block40,1280,32,1310720,17.743240356,17.803039551,0.059799999,29.004440308,_;_;_;_;_;2560
9,158,mh_fast,mh_qkv_normalize_frag_c512,block40,3840,32,3932160,17.807439804,17.892559052,0.085120000,29.004440308,_;_;_;2560
9,159,mh_fused,mh_attention_fused_fp8_out,block40,640,128,640,17.893960953,17.960119247,0.066160001,29.004440308,_;_;_;64;40;512
9,160,mh_fast,mh_attention_project_frag_c512,block40,1280,32,1310720,17.961599350,18.037040710,0.075439997,29.004440308,_;_;_;_;2560;0;60;36;64;0;0
9,161,mh,mh_shift_pack,block41,5120,256,1310720,18.040800095,18.098199844,0.057399999,29.004440308,_;_;60;36;64;40;4;4;512;0
9,162,deep_fast,split_mix_blocked_h16w,block41,1280,32,1310720,18.105760574,18.179599762,0.073840000,29.004440308,_;_;_;2560
9,163,deep_fast,split_ffn_fused_fp8_t8,block41,1280,128,1310720,18.183359146,18.253400803,0.070040002,29.004440308,_;_;_;_;2560
9,164,deep_fast,split_projection_frag,block41,1280,32,1310720,18.254919052,18.315519333,0.060600001,29.004440308,_;_;_;_;_;2560
9,165,mh_fast,mh_qkv_normalize_frag_c512,block41,3840,32,3932160,18.319919586,18.402040482,0.082120001,29.004440308,_;_;_;2560
9,166,mh_fused,mh_attention_fused_fp8_out,block41,640,128,640,18.403400421,18.468519211,0.065119997,29.004440308,_;_;_;64;40;512
9,167,mh_fast,mh_attention_project_frag_c512,block41,1280,32,1310720,18.469959259,18.546600342,0.076640002,29.004440308,_;_;_;_;2560;0;60;36;64;4;4
9,168,mh,mh_shift_pack,block44,5120,256,1310720,18.550359726,18.609319687,0.058959998,29.004440308,_;_;60;36;64;40;0;0;512;0
9,169,deep_fast,split_mix_blocked_h16w,block44,1280,32,1310720,18.615560532,18.690519333,0.074960001,29.004440308,_;_;_;2560
9,170,deep_fast,split_ffn_fused_fp8_t8,block44,1280,128,1310720,18.694240570,18.810640335,0.116400003,29.004440308,_;_;_;_;2560
9,171,deep_fast,split_projection_frag,block44,1280,32,1310720,18.812160492,18.874879837,0.062720001,29.004440308,_;_;_;_;_;2560
9,172,mh_fast,mh_qkv_normalize_frag_c512,block44,3840,32,3932160,18.879280090,18.957120895,0.077840000,29.004440308,_;_;_;2560
9,173,mh_fused,mh_attention_fused_fp8_out,block44,640,128,640,18.958520889,19.023920059,0.065399997,29.004440308,_;_;_;64;40;512
9,174,mh_fast,mh_attention_project_frag_c512,block44,1280,32,1310720,19.025360107,19.101720810,0.076360002,29.004440308,_;_;_;_;2560;0;60;36;64;0;0
9,175,mh,mh_shift_pack,block45,5120,256,1310720,19.105480194,19.163839340,0.058359999,29.004440308,_;_;60;36;64;40;4;4;512;0
9,176,deep_fast,split_mix_blocked_h16w,block45,1280,32,1310720,19.170240402,19.245800018,0.075560004,29.004440308,_;_;_;2560
9,177,deep_fast,split_ffn_fused_fp8_t8,block45,1280,128,1310720,19.249519348,19.318679810,0.069159999,29.004440308,_;_;_;_;2560
9,178,deep_fast,split_projection_frag,block45,1280,32,1310720,19.320199966,19.379999161,0.059799999,29.004440308,_;_;_;_;_;2560
9,179,mh_fast,mh_qkv_normalize_frag_c512,block45,3840,32,3932160,19.384359360,19.470159531,0.085800000,29.004440308,_;_;_;2560
9,180,mh_fused,mh_attention_fused_fp8_out,block45,640,128,640,19.471519470,19.537439346,0.065920003,29.004440308,_;_;_;64;40;512
9,181,mh_fast,mh_attention_project_frag_c512,block45,1280,32,1310720,19.538839340,19.614759445,0.075920001,29.004440308,_;_;_;_;2560;0;60;36;64;4;4
9,182,mh,mh_shift_pack,block47,5120,256,1310720,19.618520737,19.676879883,0.058359999,29.004440308,_;_;60;36;64;40;0;4;512;0
9,183,deep_fast,split_mix_blocked_h16w,block47,1280,32,1310720,19.682880402,19.758159637,0.075280003,29.004440308,_;_;_;2560
9,184,deep_fast,split_ffn_fused_fp8_t8,block47,1280,128,1310720,19.761840820,19.832599640,0.070759997,29.004440308,_;_;_;_;2560
9,185,deep_fast,split_projection_frag,block47,1280,32,1310720,19.834039688,19.894559860,0.060520001,29.004440308,_;_;_;_;_;2560
9,186,mh_fast,mh_qkv_normalize_frag_c512,block47,3840,32,3932160,19.898920059,19.980279922,0.081359997,29.004440308,_;_;_;2560
9,187,mh_fused,mh_attention_fused_fp8_out,block47,640,128,640,19.981679916,20.048320770,0.066639997,29.004440308,_;_;_;64;40;512
9,188,mh_fast,mh_attention_project_frag_c512,block47,1280,32,1310720,20.049720764,20.127319336,0.077600002,29.004440308,_;_;_;_;2560;0;60;36;64;0;4
9,189,deep_fast,decoder_project2x_h16w_byteout,block48,2160,32,552960,20.131080627,20.228799820,0.097719997,29.004440308,_;_;_;_;60;36;120;72;512;256
9,190,mh_fast,mh_ffn_fused_c256_frag_project_g128_qkv_bytein_fb,block48,540,512,2211840,20.230400085,20.352159500,0.121760003,29.004440308,_;_;_;_;_;8640;120;72;120;0;0
9,191,mh_fused,c256_attention_project_fb_bout_diag,block48,135,512,135,20.353599548,20.443399429,0.089800000,29.004440308,_;_;_;_;120;72;0;0;0;0;0
9,192,mh_fast,mh_ffn_fused_c256_frag_project_mapped_g128_qkv_bytein_fb,block49,640,512,2621440,20.444999695,20.573440552,0.128439993,29.004440308,_;_;_;_;_;10240;120;72;128;4;4
9,193,mh_fused,c256_attention_project_fb_bout_diag,block49,160,512,160,20.574840546,20.671600342,0.096759997,29.004440308,_;_;_;_;128;80;4;120;72;4;4
9,194,mh_fast,mh_ffn_fused_c256_frag_project_mapped_g128_qkv_bytein_fb,block50,576,512,2359296,20.673360825,20.803400040,0.130040005,29.004440308,_;_;_;_;_;9216;120;72;128;4;0
9,195,mh_fused,c256_attention_project_fb_bout_diag,block50,144,512,144,20.804960251,20.903280258,0.098320000,29.004440308,_;_;_;_;128;72;4;120;72;4;0
9,196,mh_fast,mh_ffn_fused_c256_frag_project_mapped_g128_qkv_bytein_fb,block51,600,512,2457600,20.905040741,21.027839661,0.122800000,29.004440308,_;_;_;_;_;9600;120;72;120;0;4
9,197,mh_fused,c256_attention_project_fb_bout_diag,block51,150,512,150,21.030479431,21.127559662,0.097080000,29.004440308,_;_;_;_;120;80;4;120;72;0;4
9,198,mh_fast,mh_ffn_fused_c256_frag_project_g128_qkv_bytein_fb,block52,540,512,2211840,21.129280090,21.250560760,0.121280000,29.004440308,_;_;_;_;_;8640;120;72;120;0;0
9,199,mh_fused,c256_attention_project_fb_bout_diag,block52,135,512,135,21.252000809,21.341320038,0.089319997,29.004440308,_;_;_;_;120;72;4;0;0;0;0
9,200,mh_fast,mh_ffn_fused_c256_frag_project_mapped_g128_qkv_bytein_fb,block53,640,512,2621440,21.342800140,21.469879150,0.127079993,29.004440308,_;_;_;_;_;10240;120;72;128;4;4
9,201,mh_fused,c256_attention_project_fb_bout_diag,block53,160,512,160,21.472560883,21.569480896,0.096919999,29.004440308,_;_;_;_;128;80;4;120;72;4;4
9,202,mh_fast,mh_ffn_fused_c256_frag_project_mapped_g128_qkv_bytein_fb,block54,576,512,2359296,21.571239471,21.700359344,0.129120007,29.004440308,_;_;_;_;_;9216;120;72;128;4;0
9,203,mh_fused,c256_attention_project_fb_bout_diag,block54,144,512,144,21.701919556,21.797000885,0.095080003,29.004440308,_;_;_;_;128;72;4;120;72;4;0
9,204,mh_fast,mh_ffn_fused_c256_frag_project_mapped_g128_qkv_bytein_fb,block55,600,512,2457600,21.798719406,21.922519684,0.123800002,29.004440308,_;_;_;_;_;9600;120;72;120;0;4
9,205,mh_fused,c256_attention_project_fb_diag,block55,150,512,150,21.925239563,22.026199341,0.100960001,29.004440308,_;_;_;_;120;80;0;120;72;0;4
9,206,deep_fast,decoder_project2x_h16w_byteout,block56,4320,32,1105920,22.028400421,22.143039703,0.114639997,29.004440308,_;_;_;_;120;72;240;144;256;128
9,207,mh_fast,mh_ffn_fused_c128_project_mapped_g128_qkv_bytein_fb,block56,2232,256,4571136,22.144680023,22.301559448,0.156880006,29.004440308,_;_;_;_;_;35712;240;144;248;4;0
9,208,mh_fused,c128_attention_project_fb_bout_diag,block56,558,512,558,22.302959442,22.430959702,0.128000006,29.004440308,_;_;_;_;248;144;4;240;144;4;0
9,209,mh_fast,mh_ffn_fused_c128_project_mapped_g128_qkv_bytein_fb,block57,2280,256,4669440,22.432439804,22.592960358,0.160520002,29.004440308,_;_;_;_;_;36480;240;144;240;0;4
9,210,mh_fused,c128_attention_project_fb_bout_diag,block57,570,512,570,22.600639343,22.706680298,0.106040001,29.004440308,_;_;_;_;240;152;4;240;144;0;4
9,211,mh_fast,mh_ffn_fused_c128_project_g128_qkv_bytein_fb,block58,2160,256,4423680,22.708120346,22.851999283,0.143879995,29.004440308,_;_;_;_;_;34560;240;144;240;0;0
9,212,mh_fused,c128_attention_project_fb_bout_diag,block58,540,512,540,22.953720093,22.954160690,0.000440000,29.004440308,_;_;_;_;240;144;4;0;0;0;0
9,213,mh_fast,mh_ffn_fused_c128_project_mapped_g128_qkv_bytein_fb,block59,2356,256,4825088,22.955680847,23.132600784,0.176919997,29.004440308,_;_;_;_;_;37696;240;144;248;4;4
9,214,mh_fused,c128_attention_project_fb_bout_diag,block59,589,512,589,23.140880585,23.249639511,0.108759999,29.004440308,_;_;_;_;248;152;4;240;144;4;4
9,215,mh_fast,mh_ffn_fused_c128_project_mapped_g128_qkv_bytein_fb,block60,2232,256,4571136,23.251039505,23.401479721,0.150440007,29.004440308,_;_;_;_;_;35712;240;144;248;4;0
9,216,mh_fused,c128_attention_project_fb_bout_diag,block60,558,512,558,23.402879715,23.512439728,0.109559998,29.004440308,_;_;_;_;248;144;4;240;144;4;0
9,217,mh_fast,mh_ffn_fused_c128_project_mapped_g128_qkv_bytein_fb,block61,2280,256,4669440,23.513919830,23.653520584,0.139599994,29.004440308,_;_;_;_;_;36480;240;144;240;0;4
9,218,mh_fused,c128_attention_project_fb_diag,block61,570,512,570,23.661680222,23.771039963,0.109360002,29.004440308,_;_;_;_;240;152;0;240;144;0;4
9,219,deep_fast,decoder_project2x_h16w_byteout,block62,8640,32,2211840,23.772680283,23.926679611,0.153999999,29.004440308,_;_;_;_;240;144;480;288;128;64
9,220,mh_fast,mh_ffn_fused_c64_project_g128_qkv_bytein_fb,block62,8640,128,8847360,23.928319931,24.107200623,0.178880006,29.004440308,_;_;_;_;_;138240;480;288;480;0;0
9,221,mh_fused,c64_attention_project_fb_bout_diag,block62,2160,256,2160,24.108640671,24.240680695,0.132039994,29.004440308,_;_;_;_;480;288;4;0;0;0;0
9,222,mh_fast,mh_ffn_fused_c64_project_mapped_g128_qkv_bytein_fb,block63,9028,128,9244672,24.242080688,24.458639145,0.216560006,29.004440308,_;_;_;_;_;144448;480;288;488;4;4
9,223,mh_fused,c64_attention_project_fb_bout_diag,block63,2257,256,2257,24.460039139,24.620000839,0.159960002,29.004440308,_;_;_;_;488;296;4;480;288;4;4
9,224,mh_fast,mh_ffn_fused_c64_project_mapped_g128_qkv_bytein_fb,block64,8784,128,8994816,24.621440887,24.830400467,0.208959997,29.004440308,_;_;_;_;_;140544;480;288;488;4;0
9,225,mh_fused,c64_attention_project_fb_bout_diag,block64,2196,256,2196,24.831800461,24.987640381,0.155839995,29.004440308,_;_;_;_;488;288;4;480;288;4;0
9,226,mh_fast,mh_ffn_fused_c64_project_mapped_g128_qkv_bytein_fb,block65,8880,128,9093120,24.989120483,25.198879242,0.209759995,29.004440308,_;_;_;_;_;142080;480;288;480;0;4
9,227,mh_fused,c64_attention_project_fb_diag,block65,2220,256,2220,25.200319290,25.366559982,0.166240007,29.004440308,_;_;_;_;480;296;0;480;288;0;4
9,228,deep_fast,decoder_project2x_h16w,block69,17280,32,4423680,25.368120193,25.705280304,0.337159991,29.004440308,_;_;_;_;480;288;960;576;64;32
9,229,c32_fused_ffn,c32_fast_ffn_attention_fused_half_mapped,block69,8640,128,8640,25.708280563,26.127540588,0.419259995,29.004440308,_;_;_;_;8640;0;1;960;576;0;0
9,230,c32_fused_ffn,c32_fast_ffn_attention_fused_half_chain,block69,8833,128,8833,26.128980637,26.532339096,0.403360009,29.004440308,_;_;_;_;8833;3;1;960;576;4;4;960;0;0
9,231,c32_fused_ffn,c32_fast_ffn_attention_fused_half_chain,block69,8712,128,8712,26.533939362,26.935939789,0.402000010,29.004440308,_;_;_;_;8712;3;1;960;576;4;0;968;4;4
9,232,c32_fused_ffn,c32_fast_ffn_attention_fused_half_chain_finish,block69,8760,128,8760,26.937500000,27.366239548,0.428739995,29.004440308,_;_;_;_;_;8760;3;1;960;576;0;4;968;4;0
9,233,c32_fused_ffn,c32_post_merge_head_half,block70,34945,128,34945,27.367799759,28.935140610,1.567340016,29.004440308,_;_;_;_;_;_;_;_;34945;1920;1152;4;4;_
10,0,c32_fused_ffn,c32_fast_ffn_attention_fused_half_prefix_finish_main8,pre-down,34560,128,34560,0.004360000,1.575199962,1.570840001,29.376480103,_;_;_;_;_;_;34560;0;1;1920;1152;0;0
10,1,c32_fused_ffn,c32_fast_ffn_attention_fused_half_mapped,block4,8640,128,8640,1.584239960,1.993960023,0.409720004,29.376480103,_;_;_;_;8640;0;1;960;576;0;0
10,2,c32_fused_ffn,c32_fast_ffn_attention_fused_half_chain,block4,8833,128,8833,1.995399952,2.392119884,0.396719992,29.376480103,_;_;_;_;8833;3;1;960;576;4;4;960;0;0
10,3,c32_fused_ffn,c32_fast_ffn_attention_fused_half_chain,block4,8712,128,8712,2.393719912,2.787400007,0.393680006,29.376480103,_;_;_;_;8712;3;1;960;576;4;0;968;4;4
10,4,c32_fused_ffn,c32_fast_ffn_attention_fused_half_chain_finish_dcrop,block4,8760,128,8760,2.788959980,3.229559898,0.440600008,29.376480103,_;_;_;_;_;8760;3;1;960;576;0;4;968;4;0
10,5,mh_fast,mh_pool_project_production_h16w,block5,34560,32,8847360,3.231199980,3.347239971,0.116039999,29.376480103,_;_;_;480;288;0;0;32
10,6,mh_fast,mh_ffn_fused_c64_project_g128_qkv_fb,block5,8640,128,8847360,3.354279995,3.556440115,0.202160001,29.376480103,_;_;_;_;_;138240;480;288;480;0;0
10,7,mh_fused,c64_attention_project_fb_bout_diag,block5,2160,256,2160,3.557840109,3.711440086,0.153600007,29.376480103,_;_;_;_;480;288;4;0;0;0;0
10,8,mh_fast,mh_ffn_fused_c64_project_mapped_g128_qkv_bytein_fb,block6,9028,128,9244672,3.712840080,3.940520048,0.227679998,29.376480103,_;_;_;_;_;144448;480;288;488;4;4
10,9,mh_fused,c64_attention_project_fb_bout_diag,block6,2257,256,2257,3.941879988,4.113560200,0.171680003,29.376480103,_;_;_;_;488;296;4;480;288;4;4
10,10,mh_fast,mh_ffn_fused_c64_project_mapped_g128_qkv_bytein_fb,block7,8784,128,8994816,4.114999771,4.336279869,0.221279994,29.376480103,_;_;_;_;_;140544;480;288;488;4;0
10,11,mh_fused,c64_attention_project_fb_bout_diag,block7,2196,256,2196,4.337639809,4.507760048,0.170120001,29.376480103,_;_;_;_;488;288;4;480;288;4;0
10,12,mh_fast,mh_ffn_fused_c64_project_mapped_g128_qkv_bytein_fb,block8,8880,128,9093120,4.509240150,4.716720104,0.207479998,29.376480103,_;_;_;_;_;142080;480;288;480;0;4
10,13,mh_fused,c64_attention_project_fb_diag,block8,2220,256,2220,4.718080044,4.873680115,0.155599996,29.376480103,_;_;_;_;480;296;3;480;288;0;4
10,14,mh_fast,mh_pool_project_group_c64,block9,2160,64,4423680,4.875239849,4.968319893,0.093079999,29.376480103,_;_;_;240;144;480;0;0
10,15,mh_fast,mh_ffn_fused_c128_project_g128_qkv_fb,block9,2160,256,4423680,4.972239971,5.123239994,0.150999993,29.376480103,_;_;_;_;_;34560;240;144;240;0;0
10,16,mh_fused,c128_attention_project_fb_bout_diag,block9,540,512,540,5.124599934,5.220560074,0.095959999,29.376480103,_;_;_;_;240;144;4;0;0;0;0
10,17,mh_fast,mh_ffn_fused_c128_project_mapped_g128_qkv_bytein_fb,block10,2356,256,4825088,5.222000122,5.379439831,0.157440007,29.376480103,_;_;_;_;_;37696;240;144;248;4;4
10,18,mh_fused,c128_attention_project_fb_bout_diag,block10,589,512,589,5.387680054,5.492320061,0.104640000,29.376480103,_;_;_;_;248;152;4;240;144;4;4
10,19,mh_fast,mh_ffn_fused_c128_project_mapped_g128_qkv_bytein_fb,block11,2232,256,4571136,5.493760109,5.658080101,0.164320007,29.376480103,_;_;_;_;_;35712;240;144;248;4;0
10,20,mh_fused,c128_attention_project_fb_bout_diag,block11,558,512,558,5.659440041,5.767159939,0.107720003,29.376480103,_;_;_;_;248;144;4;240;144;4;0
10,21,mh_fast,mh_ffn_fused_c128_project_mapped_g128_qkv_bytein_fb,block12,2280,256,4669440,5.768640041,5.922760010,0.154119998,29.376480103,_;_;_;_;_;36480;240;144;240;0;4
10,22,mh_fused,c128_attention_project_fb_bout_diag,block12,570,512,570,5.929599762,6.033480167,0.103880003,29.376480103,_;_;_;_;240;152;4;240;144;0;4
10,23,mh_fast,mh_ffn_fused_c128_project_g128_qkv_bytein_fb,block13,2160,256,4423680,6.034959793,6.182600021,0.147640005,29.376480103,_;_;_;_;_;34560;240;144;240;0;0
10,24,mh_fused,c128_attention_project_fb_bout_diag,block13,540,512,540,6.183959961,6.281680107,0.097719997,29.376480103,_;_;_;_;240;144;4;0;0;0;0
10,25,mh_fast,mh_ffn_fused_c128_project_mapped_g128_qkv_bytein_fb,block14,2356,256,4825088,6.283160210,6.441520214,0.158360004,29.376480103,_;_;_;_;_;37696;240;144;248;4;4
10,26,mh_fused,c128_attention_project_fb_diag,block14,589,512,589,6.449759960,6.555280209,0.105520003,29.376480103,_;_;_;_;248;152;3;240;144;4;4
10,27,mh_fast,mh_pool_project_group_c128,block15,540,128,2211840,6.556799889,6.630720139,0.073919997,29.376480103,_;_;_;120;72;240;0;0
10,28,mh_fast,mh_ffn_fused_c256_frag_project_g128_qkv_fb,block15,540,512,2211840,6.633480072,6.758279800,0.124799997,29.376480103,_;_;_;_;_;8640;120;72;120;0;0
10,29,mh_fused,c256_attention_project_fb_bout_diag,block15,135,512,135,6.759759903,6.847479820,0.087719999,29.376480103,_;_;_;_;120;72;4;0;0;0;0
10,30,mh_fast,mh_ffn_fused_c256_frag_project_mapped_g128_qkv_bytein_fb,block16,640,512,2621440,6.848999977,6.981480122,0.132479995,29.376480103,_;_;_;_;_;10240;120;72;128;4;4
10,31,mh_fused,c256_attention_project_fb_bout_diag,block16,160,512,160,6.982880116,7.078080177,0.095200002,29.376480103,_;_;_;_;128;80;4;120;72;4;4
10,32,mh_fast,mh_ffn_fused_c256_frag_project_mapped_g128_qkv_bytein_fb,block17,576,512,2359296,7.079840183,7.214479923,0.134639993,29.376480103,_;_;_;_;_;9216;120;72;128;4;0
10,33,mh_fused,c256_attention_project_fb_bout_diag,block17,144,512,144,7.216000080,7.309160233,0.093160003,29.376480103,_;_;_;_;128;72;4;120;72;4;0
10,34,mh_fast,mh_ffn_fused_c256_frag_project_mapped_g128_qkv_bytein_fb,block18,600,512,2457600,7.310880184,7.439400196,0.128519997,29.376480103,_;_;_;_;_;9600;120;72;120;0;4
10,35,mh_fused,c256_attention_project_fb_bout_diag,block18,150,512,150,7.440800190,7.537479877,0.096680000,29.376480103,_;_;_;_;120;80;4;120;72;0;4
10,36,mh_fast,mh_ffn_fused_c256_frag_project_g128_qkv_bytein_fb,block19,540,512,2211840,7.539279938,7.663000107,0.123719998,29.376480103,_;_;_;_;_;8640;120;72;120;0;0
10,37,mh_fused,c256_attention_project_fb_bout_diag,block19,135,512,135,7.664519787,7.752639771,0.088119999,29.376480103,_;_;_;_;120;72;4;0;0;0;0
10,38,mh_fast,mh_ffn_fused_c256_frag_project_mapped_g128_qkv_bytein_fb,block20,640,512,2621440,7.754159927,7.887279987,0.133120000,29.376480103,_;_;_;_;_;10240;120;72;128;4;4
10,39,mh_fused,c256_attention_project_fb_bout_diag,block20,160,512,160,7.888599873,7.985439777,0.096840002,29.376480103,_;_;_;_;128;80;4;120;72;4;4
10,40,mh_fast,mh_ffn_fused_c256_frag_project_mapped_g128_qkv_bytein_fb,block21,576,512,2359296,7.987239838,8.123000145,0.135759994,29.376480103,_;_;_;_;_;9216;120;72;128;4;0
10,41,mh_fused,c256_attention_project_fb_bout_diag,block21,144,512,144,8.124520302,8.218520164,0.093999997,29.376480103,_;_;_;_;128;72;4;120;72;4;0
10,42,mh_fast,mh_ffn_fused_c256_frag_project_mapped_g128_qkv_bytein_fb,block22,600,512,2457600,8.220199585,8.350000381,0.129800007,29.376480103,_;_;_;_;_;9600;120;72;120;0;4
10,43,mh_fused,c256_attention_project_fb_diag,block22,150,512,150,8.351360321,8.450719833,0.099359997,29.376480103,_;_;_;_;120;80;3;120;72;0;4
10,44,mh_fast,mh_pool_project_group_c256,block23,135,256,1105920,8.452759743,8.515720367,0.062959999,29.376480103,_;_;_;60;36;120;0;0
10,45,mh,mh_shift_pack,block23,5120,256,1310720,8.519359589,8.577919960,0.058559999,29.376480103,_;_;60;36;64;40;0;0;512;0
10,46,deep_fast,split_mix_blocked_h16w,block23,1280,32,1310720,8.585599899,8.658280373,0.072679996,29.376480103,_;_;_;2560
10,47,deep_fast,split_ffn_fused_fp8_t8,block23,1280,128,1310720,8.662039757,8.746199608,0.084160000,29.376480103,_;_;_;_;2560
10,48,deep_fast,split_projection_frag,block23,1280,32,1310720,8.747679710,8.807999611,0.060320001,29.376480103,_;_;_;_;_;2560
10,49,mh_fast,mh_qkv_normalize_frag_c512,block23,3840,32,3932160,8.812399864,8.907879829,0.095480002,29.376480103,_;_;_;2560
10,50,mh_fused,mh_attention_fused_fp8_out,block23,640,128,640,8.910519600,8.948880196,0.038360000,29.376480103,_;_;_;64;40;512
10,51,mh_fast,mh_attention_project_frag_c512,block23,1280,32,1310720,8.950320244,9.018320084,0.068000004,29.376480103,_;_;_;_;2560;0;60;36;64;0;0
10,52,mh,mh_shift_pack,block24,5120,256,1310720,9.022080421,9.080400467,0.058320001,29.376480103,_;_;60;36;64;40;4;4;512;0
10,53,deep_fast,split_mix_blocked_h16w,block24,1280,32,1310720,9.087960243,9.160639763,0.072679996,29.376480103,_;_;_;2560
10,54,deep_fast,split_ffn_fused_fp8_t8,block24,1280,128,1310720,9.164360046,9.233039856,0.068680003,29.376480103,_;_;_;_;2560
10,55,deep_fast,split_projection_frag,block24,1280,32,1310720,9.234519958,9.292440414,0.057920001,29.376480103,_;_;_;_;_;2560
10,56,mh_fast,mh_qkv_normalize_frag_c512,block24,3840,32,3932160,9.296839714,9.379159927,0.082319997,29.376480103,_;_;_;2560
10,57,mh_fused,mh_attention_fused_fp8_out,block24,640,128,640,9.380559921,9.441120148,0.060559999,29.376480103,_;_;_;64;40;512
10,58,mh_fast,mh_attention_project_frag_c512,block24,1280,32,1310720,9.442560196,9.516440392,0.073880002,29.376480103,_;_;_;_;2560;0;60;36;64;4;4
10,59,mh,mh_shift_pack,block25,5120,256,1310720,9.520119667,9.579560280,0.059440002,29.376480103,_;_;60;36;64;40;4;0;512;0
10,60,deep_fast,split_mix_blocked_h16w,block25,1280,32,1310720,9.585720062,9.660679817,0.074960001,29.376480103,_;_;_;2560
10,61,deep_fast,split_ffn_fused_fp8_t8,block25,1280,128,1310720,9.664400101,9.734080315,0.069679998,29.376480103,_;_;_;_;2560
10,62,deep_fast,split_projection_frag,block25,1280,32,1310720,9.735600471,9.796319962,0.060720000,29.376480103,_;_;_;_;_;2560
10,63,mh_fast,mh_qkv_normalize_frag_c512,block25,3840,32,3932160,9.800680161,9.884400368,0.083719999,29.376480103,_;_;_;2560
10,64,mh_fused,mh_attention_fused_fp8_out,block25,640,128,640,9.885760307,9.943639755,0.057879999,29.376480103,_;_;_;64;40;512
10,65,mh_fast,mh_attention_project_frag_c512,block25,1280,32,1310720,9.945039749,10.021200180,0.076159999,29.376480103,_;_;_;_;2560;0;60;36;64;4;0
10,66,mh,mh_shift_pack,block26,5120,256,1310720,10.024959564,10.082440376,0.057480000,29.376480103,_;_;60;36;64;40;0;4;512;0
10,67,deep_fast,split_mix_blocked_h16w,block26,1280,32,1310720,10.089920044,10.161720276,0.071800001,29.376480103,_;_;_;2560
10,68,deep_fast,split_ffn_fused_fp8_t8,block26,1280,128,1310720,10.165439606,10.234840393,0.069399998,29.376480103,_;_;_;_;2560
10,69,deep_fast,split_projection_frag,block26,1280,32,1310720,10.236280441,10.296799660,0.060520001,29.376480103,_;_;_;_;_;2560
10,70,mh_fast,mh_qkv_normalize_frag_c512,block26,3840,32,3932160,10.301159859,10.383199692,0.082039997,29.376480103,_;_;_;2560
10,71,mh_fused,mh_attention_fused_fp8_out,block26,640,128,640,10.384559631,10.449680328,0.065119997,29.376480103,_;_;_;64;40;512
10,72,mh_fast,mh_attention_project_frag_c512,block26,1280,32,1310720,10.451080322,10.526639938,0.075560004,29.376480103,_;_;_;_;2560;0;60;36;64;0;4
10,73,mh,mh_shift_pack,block27,5120,256,1310720,10.530400276,10.593400002,0.063000001,29.376480103,_;_;60;36;64;40;0;0;512;0
10,74,deep_fast,split_mix_blocked_h16w,block27,1280,32,1310720,10.599679947,10.674160004,0.074479997,29.376480103,_;_;_;2560
10,75,deep_fast,split_ffn_fused_fp8_t8,block27,1280,128,1310720,10.677880287,10.747280121,0.069399998,29.376480103,_;_;_;_;2560
10,76,deep_fast,split_projection_frag,block27,1280,32,1310720,10.748800278,10.809200287,0.060400002,29.376480103,_;_;_;_;_;2560
10,77,mh_fast,mh_qkv_normalize_frag_c512,block27,3840,32,3932160,10.813520432,10.894880295,0.081359997,29.376480103,_;_;_;2560
10,78,mh_fused,mh_attention_fused_fp8_out,block27,640,128,640,10.897560120,10.934840202,0.037280001,29.376480103,_;_;_;64;40;512
10,79,mh_fast,mh_attention_project_frag_c512,block27,1280,32,1310720,10.936320305,11.004679680,0.068360001,29.376480103,_;_;_;_;2560;0;60;36;64;0;0
10,80,mh,mh_shift_pack,block28,5120,256,1310720,11.008399963,11.066240311,0.057840001,29.376480103,_;_;60;36;64;40;4;4;512;0
10,81,deep_fast,split_mix_blocked_h16w,block28,1280,32,1310720,11.073479652,11.145199776,0.071719997,29.376480103,_;_;_;2560
10,82,deep_fast,split_ffn_fused_fp8_t8,block28,1280,128,1310720,11.149000168,11.218279839,0.069279999,29.376480103,_;_;_;_;2560
10,83,deep_fast,split_projection_frag,block28,1280,32,1310720,11.219759941,11.280079842,0.060320001,29.376480103,_;_;_;_;_;2560
10,84,mh_fast,mh_qkv_normalize_frag_c512,block28,3840,32,3932160,11.284399986,11.365079880,0.080679998,29.376480103,_;_;_;2560
10,85,mh_fused,mh_attention_fused_fp8_out,block28,640,128,640,11.367679596,11.435400009,0.067720003,29.376480103,_;_;_;64;40;512
10,86,mh_fast,mh_attention_project_frag_c512,block28,1280,32,1310720,11.436800003,11.513360023,0.076559998,29.376480103,_;_;_;_;2560;0;60;36;64;4;4
10,87,mh,mh_shift_pack,block29,5120,256,1310720,11.517080307,11.575519562,0.058440000,29.376480103,_;_;60;36;64;40;4;0;512;0
10,88,deep_fast,split_mix_blocked_h16w,block29,1280,32,1310720,11.581760406,11.656439781,0.074680001,29.376480103,_;_;_;2560
10,89,deep_fast,split_ffn_fused_fp8_t8,block29,1280,128,1310720,11.660120010,11.729760170,0.069640003,29.376480103,_;_;_;_;2560
10,90,deep_fast,split_projection_frag,block29,1280,32,1310720,11.731240273,11.791480064,0.060240000,29.376480103,_;_;_;_;_;2560
10,91,mh_fast,mh_qkv_normalize_frag_c512,block29,3840,32,3932160,11.795840263,11.879799843,0.083959997,29.376480103,_;_;_;2560
10,92,mh_fused,mh_attention_fused_fp8_out,block29,640,128,640,11.881159782,11.946160316,0.064999998,29.376480103,_;_;_;64;40;512
10,93,mh_fast,mh_attention_project_frag_c512,block29,1280,32,1310720,11.947560310,12.023960114,0.076399997,29.376480103,_;_;_;_;2560;0;60;36;64;4;0
10,94,mh,mh_shift_pack,block30,5120,256,1310720,12.027680397,12.085519791,0.057840001,29.376480103,_;_;60;36;64;40;0;4;512;0
10,95,deep_fast,split_mix_blocked_h16w,block30,1280,32,1310720,12.093119621,12.166680336,0.073559999,29.376480103,_;_;_;2560
10,96,deep_fast,split_ffn_fused_fp8_t8,block30,1280,128,1310720,12.170479774,12.239999771,0.069519997,29.376480103,_;_;_;_;2560
10,97,deep_fast,split_projection_frag,block30,1280,32,1310720,12.241559982,12.301639557,0.060079999,29.376480103,_;_;_;_;_;2560
10,98,mh_fast,mh_qkv_normalize_frag_c512,block30,3840,32,3932160,12.306039810,12.386240005,0.080200002,29.376480103,_;_;_;2560
10,99,mh_fused,mh_attention_fused_fp8_out,block30,640,128,640,12.388799667,12.455960274,0.067160003,29.376480103,_;_;_;64;40;512
10,100,mh_fast,mh_attention_project_frag_c512,block30,1280,32,1310720,12.457400322,12.533160210,0.075759999,29.376480103,_;_;_;_;2560;3;60;36;64;0;4
10,101,mh,mh_pool,head,1280,256,327680,12.536919594,12.589280128,0.052359998,29.376480103,_;_;32;20;60;30;18;512
10,102,mh_fast,mh_pool_project_production_h16w,head,2560,32,655360,12.594320297,12.763360023,0.169039994,29.376480103,_;_;_;32;20;30;18;512
10,103,deep,vit_gather,block31,2560,256,655360,12.765080452,12.819680214,0.054600000,29.376480103,_;_;_;655360
10,104,deep_fast,vit_pack_input,block31,640,256,163840,12.826560020,12.871279716,0.044720002,29.376480103,_;_;655360
10,105,deep_fast,vit_expand_blocked_fp8_frag_bytein,block31,2560,32,2621440,12.877559662,12.959199905,0.081639998,29.376480103,_;_;_;640;1024;4096
10,106,deep_fast,vit_contract_blocked_fp8_frag,block31,640,32,655360,12.960880280,13.048439980,0.087559998,29.376480103,_;_;_;_;640;4096;1024
10,107,deep_fast,vit_qkv_project_normalize_fused_f16compact_fp8_frag,block31,3840,32,1966080,13.051199913,13.166040421,0.114840001,29.376480103,_;_;_;640
10,108,deep_fast,vit_attention_fused_640_bytein,block31,1280,32,327680,13.167719841,13.269120216,0.101400003,29.376480103,_;_;640
10,109,deep_fast,vit_project_frag,block31,2560,32,655360,13.271880150,13.386039734,0.114160001,29.376480103,_;_;_;_;640;1024;1024
10,110,deep_fast,vit_pack_input,block32,640,256,163840,13.388119698,13.437319756,0.049199998,29.376480103,_;_;655360
10,111,deep_fast,vit_expand_blocked_fp8_frag_bytein,block32,2560,32,2621440,13.443679810,13.524999619,0.081320003,29.376480103,_;_;_;640;1024;4096
10,112,deep_fast,vit_contract_blocked_fp8_frag,block32,640,32,655360,13.526760101,13.617560387,0.090800002,29.376480103,_;_;_;_;640;4096;1024
10,113,deep_fast,vit_qkv_project_normalize_fused_f16compact_fp8_frag,block32,3840,32,1966080,13.620320320,13.736399651,0.116080001,29.376480103,_;_;_;640
10,114,deep_fast,vit_attention_fused_640_bytein,block32,1280,32,327680,13.738080025,13.836759567,0.098679997,29.376480103,_;_;640
10,115,deep_fast,vit_project_frag,block32,2560,32,655360,13.839520454,13.954600334,0.115079999,29.376480103,_;_;_;_;640;1024;1024
10,116,deep_fast,vit_pack_input,block33,640,256,163840,13.956680298,14.005279541,0.048599999,29.376480103,_;_;655360
10,117,deep_fast,vit_expand_blocked_fp8_frag_bytein,block33,2560,32,2621440,14.011480331,14.113639832,0.102159999,29.376480103,_;_;_;640;1024;4096
10,118,deep_fast,vit_contract_blocked_fp8_frag,block33,640,32,655360,14.115320206,14.203840256,0.088519998,29.376480103,_;_;_;_;640;4096;1024
10,119,deep_fast,vit_qkv_project_normalize_fused_f16compact_fp8_frag,block33,3840,32,1966080,14.206680298,14.324040413,0.117360003,29.376480103,_;_;_;640
10,120,deep_fast,vit_attention_fused_640_bytein,block33,1280,32,327680,14.325679779,14.432439804,0.106760003,29.376480103,_;_;640
10,121,deep_fast,vit_project_frag,block33,2560,32,655360,14.435199738,14.552240372,0.117040001,29.376480103,_;_;_;_;640;1024;1024
10,122,deep_fast,vit_pack_input,block34,640,256,163840,14.554320335,14.606120110,0.051800001,29.376480103,_;_;655360
10,123,deep_fast,vit_expand_blocked_fp8_frag_bytein,block34,2560,32,2621440,14.612279892,14.722439766,0.110160001,29.376480103,_;_;_;640;1024;4096
10,124,deep_fast,vit_contract_blocked_fp8_frag,block34,640,32,655360,14.724120140,14.813440323,0.089319997,29.376480103,_;_;_;_;640;4096;1024
10,125,deep_fast,vit_qkv_project_normalize_fused_f16compact_fp8_frag,block34,3840,32,1966080,14.816200256,14.960880280,0.144679993,29.376480103,_;_;_;640
10,126,deep_fast,vit_attention_fused_640_bytein,block34,1280,32,327680,14.962559700,15.066040039,0.103479996,29.376480103,_;_;640
10,127,deep_fast,vit_project_frag,block34,2560,32,655360,15.068799973,15.186320305,0.117519997,29.376480103,_;_;_;_;640;1024;1024
10,128,deep_fast,vit_pack_input,block35,640,256,163840,15.188400269,15.239879608,0.051479999,29.376480103,_;_;655360
10,129,deep_fast,vit_expand_blocked_fp8_frag_bytein,block35,2560,32,2621440,15.246080399,15.353440285,0.107359998,29.376480103,_;_;_;640;1024;4096
10,130,deep_fast,vit_contract_blocked_fp8_frag,block35,640,32,655360,15.355119705,15.444720268,0.089599997,29.376480103,_;_;_;_;640;4096;1024
10,131,deep_fast,vit_qkv_project_normalize_fused_f16compact_fp8_frag,block35,3840,32,1966080,15.447480202,15.564080238,0.116599999,29.376480103,_;_;_;640
10,132,deep_fast,vit_attention_fused_640_bytein,block35,1280,32,327680,15.565759659,15.668760300,0.103000000,29.376480103,_;_;640
10,133,deep_fast,vit_project_frag,block35,2560,32,655360,15.671520233,15.789360046,0.117839999,29.376480103,_;_;_;_;640;1024;1024
10,134,deep_fast,vit_pack_input,block36,640,256,163840,15.791399956,15.843040466,0.051640000,29.376480103,_;_;655360
10,135,deep_fast,vit_expand_blocked_fp8_frag_bytein,block36,2560,32,2621440,15.849200249,15.949799538,0.100599997,29.376480103,_;_;_;640;1024;4096
10,136,deep_fast,vit_contract_blocked_fp8_frag,block36,640,32,655360,15.951479912,16.041360855,0.089879997,29.376480103,_;_;_;_;640;4096;1024
10,137,deep_fast,vit_qkv_project_normalize_fused_f16compact_fp8_frag,block36,3840,32,1966080,16.044120789,16.160400391,0.116279997,29.376480103,_;_;_;640
10,138,deep_fast,vit_attention_fused_640_bytein,block36,1280,32,327680,16.162120819,16.265520096,0.103399999,29.376480103,_;_;640
10,139,deep_fast,vit_project_frag,block36,2560,32,655360,16.268239975,16.385000229,0.116760001,29.376480103,_;_;_;_;640;1024;1024
10,140,deep_fast,vit_pack_input,block37,640,256,163840,16.387079239,16.438880920,0.051800001,29.376480103,_;_;655360
10,141,deep_fast,vit_expand_blocked_fp8_frag_bytein,block37,2560,32,2621440,16.445039749,16.554639816,0.109600000,29.376480103,_;_;_;640;1024;4096
10,142,deep_fast,vit_contract_blocked_fp8_frag,block37,640,32,655360,16.556360245,16.645519257,0.089160003,29.376480103,_;_;_;_;640;4096;1024
10,143,deep_fast,vit_qkv_project_normalize_fused_f16compact_fp8_frag,block37,3840,32,1966080,16.648239136,16.766960144,0.118720002,29.376480103,_;_;_;640
10,144,deep_fast,vit_attention_fused_640_bytein,block37,1280,32,327680,16.768680573,16.870599747,0.101920001,29.376480103,_;_;640
10,145,deep_fast,vit_project_frag,block37,2560,32,655360,16.873359680,16.989440918,0.116080001,29.376480103,_;_;_;_;640;1024;1024
10,146,deep_fast,vit_pack_input,block38,640,256,163840,16.991519928,17.043640137,0.052120000,29.376480103,_;_;655360
10,147,deep_fast,vit_expand_blocked_fp8_frag_bytein,block38,2560,32,2621440,17.049840927,17.155839920,0.105999999,29.376480103,_;_;_;640;1024;4096
10,148,deep_fast,vit_contract_blocked_fp8_frag,block38,640,32,655360,17.157480240,17.244440079,0.086960003,29.376480103,_;_;_;_;640;4096;1024
10,149,deep_fast,vit_qkv_project_normalize_fused_f16compact_fp8_frag,block38,3840,32,1966080,17.247200012,17.365840912,0.118639998,29.376480103,_;_;_;640
10,150,deep_fast,vit_attention_fused_640_bytein,block38,1280,32,327680,17.367559433,17.470399857,0.102839999,29.376480103,_;_;640
10,151,deep_fast,vit_project_frag,block38,2560,32,655360,17.473159790,17.618919373,0.145760000,29.376480103,_;_;_;_;640;1024;1024
10,152,deep,vit_gather,block39,2560,256,655360,17.620920181,17.677640915,0.056720000,29.376480103,_;_;_;655360
10,153,deep_fast,decoder_project2x_h16w,block39,1280,32,327680,17.684400558,17.768999100,0.084600002,29.376480103,_;_;_;_;32;20;60;36;1024;512
10,154,mh,mh_shift_pack,block40,5120,256,1310720,17.772079468,17.832880020,0.060800001,29.376480103,_;_;60;36;64;40;0;0;512;0
10,155,deep_fast,split_mix_blocked_h16w,block40,1280,32,1310720,17.840879440,17.916479111,0.075599998,29.376480103,_;_;_;2560
10,156,deep_fast,split_ffn_fused_fp8_t8,block40,1280,128,1310720,17.920240402,17.991600037,0.071359999,29.376480103,_;_;_;_;2560
10,157,deep_fast,split_projection_frag,block40,1280,32,1310720,17.993120193,18.054719925,0.061600000,29.376480103,_;_;_;_;_;2560
10,158,mh_fast,mh_qkv_normalize_frag_c512,block40,3840,32,3932160,18.059080124,18.144159317,0.085079998,29.376480103,_;_;_;2560
10,159,mh_fused,mh_attention_fused_fp8_out,block40,640,128,640,18.145479202,18.215280533,0.069799997,29.376480103,_;_;_;64;40;512
10,160,mh_fast,mh_attention_project_frag_c512,block40,1280,32,1310720,18.216760635,18.295879364,0.079120003,29.376480103,_;_;_;_;2560;0;60;36;64;0;0
10,161,mh,mh_shift_pack,block41,5120,256,1310720,18.299600601,18.358760834,0.059160002,29.376480103,_;_;60;36;64;40;4;4;512;0
10,162,deep_fast,split_mix_blocked_h16w,block41,1280,32,1310720,18.366279602,18.441240311,0.074960001,29.376480103,_;_;_;2560
10,163,deep_fast,split_ffn_fused_fp8_t8,block41,1280,128,1310720,18.444999695,18.516880035,0.071879998,29.376480103,_;_;_;_;2560
10,164,deep_fast,split_projection_frag,block41,1280,32,1310720,18.518400192,18.580879211,0.062479999,29.376480103,_;_;_;_;_;2560
10,165,mh_fast,mh_qkv_normalize_frag_c512,block41,3840,32,3932160,18.585279465,18.669080734,0.083800003,29.376480103,_;_;_;2560
10,166,mh_fused,mh_attention_fused_fp8_out,block41,640,128,640,18.670480728,18.737960815,0.067479998,29.376480103,_;_;_;64;40;512
10,167,mh_fast,mh_attention_project_frag_c512,block41,1280,32,1310720,18.739400864,18.821479797,0.082079999,29.376480103,_;_;_;_;2560;0;60;36;64;4;4
10,168,mh,mh_shift_pack,block44,5120,256,1310720,18.825199127,18.905120850,0.079920001,29.376480103,_;_;60;36;64;40;0;0;512;0
10,169,deep_fast,split_mix_blocked_h16w,block44,1280,32,1310720,18.913040161,18.987440109,0.074400000,29.376480103,_;_;_;2560
10,170,deep_fast,split_ffn_fused_fp8_t8,block44,1280,128,1310720,18.991199493,19.063720703,0.072520003,29.376480103,_;_;_;_;2560
10,171,deep_fast,split_projection_frag,block44,1280,32,1310720,19.065240860,19.127239227,0.061999999,29.376480103,_;_;_;_;_;2560
10,172,mh_fast,mh_qkv_normalize_frag_c512,block44,3840,32,3932160,19.131639481,19.216039658,0.084399998,29.376480103,_;_;_;2560
10,173,mh_fused,mh_attention_fused_fp8_out,block44,640,128,640,19.217439651,19.285440445,0.068000004,29.376480103,_;_;_;64;40;512
10,174,mh_fast,mh_attention_project_frag_c512,block44,1280,32,1310720,19.286840439,19.365200043,0.078359999,29.376480103,_;_;_;_;2560;0;60;36;64;0;0
10,175,mh,mh_shift_pack,block45,5120,256,1310720,19.368919373,19.432680130,0.063759997,29.376480103,_;_;60;36;64;40;4;4;512;0
10,176,deep_fast,split_mix_blocked_h16w,block45,1280,32,1310720,19.438959122,19.516479492,0.077519998,29.376480103,_;_;_;2560
10,177,deep_fast,split_ffn_fused_fp8_t8,block45,1280,128,1310720,19.520200729,19.592159271,0.071960002,29.376480103,_;_;_;_;2560
10,178,deep_fast,split_projection_frag,block45,1280,32,1310720,19.593679428,19.655639648,0.061960001,29.376480103,_;_;_;_;_;2560
10,179,mh_fast,mh_qkv_normalize_frag_c512,block45,3840,32,3932160,19.659999847,19.744640350,0.084639996,29.376480103,_;_;_;2560
10,180,mh_fused,mh_attention_fused_fp8_out,block45,640,128,640,19.746040344,19.813159943,0.067120001,29.376480103,_;_;_;64;40;512
10,181,mh_fast,mh_attention_project_frag_c512,block45,1280,32,1310720,19.814599991,19.919519424,0.104920000,29.376480103,_;_;_;_;2560;0;60;36;64;4;4
10,182,mh,mh_shift_pack,block47,5120,256,1310720,19.923280716,19.981800079,0.058520000,29.376480103,_;_;60;36;64;40;0;4;512;0
10,183,deep_fast,split_mix_blocked_h16w,block47,1280,32,1310720,19.989400864,20.066799164,0.077399999,29.376480103,_;_;_;2560
10,184,deep_fast,split_ffn_fused_fp8_t8,block47,1280,128,1310720,20.070520401,20.142280579,0.071759999,29.376480103,_;_;_;_;2560
10,185,deep_fast,split_projection_frag,block47,1280,32,1310720,20.143800735,20.205640793,0.061840001,29.376480103,_;_;_;_;_;2560
10,186,mh_fast,mh_qkv_normalize_frag_c512,block47,3840,32,3932160,20.210039139,20.294599533,0.084559999,29.376480103,_;_;_;2560
10,187,mh_fused,mh_attention_fused_fp8_out,block47,640,128,640,20.295959473,20.362960815,0.067000002,29.376480103,_;_;_;64;40;512
10,188,mh_fast,mh_attention_project_frag_c512,block47,1280,32,1310720,20.364400864,20.441999435,0.077600002,29.376480103,_;_;_;_;2560;0;60;36;64;0;4
10,189,deep_fast,decoder_project2x_h16w_byteout,block48,2160,32,552960,20.445760727,20.551759720,0.105999999,29.376480103,_;_;_;_;60;36;120;72;512;256
10,190,mh_fast,mh_ffn_fused_c256_frag_project_g128_qkv_bytein_fb,block48,540,512,2211840,20.553319931,20.657440186,0.104120001,29.376480103,_;_;_;_;_;8640;120;72;120;0;0
10,191,mh_fused,c256_attention_project_fb_bout_diag,block48,135,512,135,20.658840179,20.753679276,0.094839998,29.376480103,_;_;_;_;120;72;0;0;0;0;0
10,192,mh_fast,mh_ffn_fused_c256_frag_project_mapped_g128_qkv_bytein_fb,block49,640,512,2621440,20.755199432,20.884840012,0.129639998,29.376480103,_;_;_;_;_;10240;120;72;128;4;4
10,193,mh_fused,c256_attention_project_fb_bout_diag,block49,160,512,160,20.887439728,20.986640930,0.099200003,29.376480103,_;_;_;_;128;80;4;120;72;4;4
10,194,mh_fast,mh_ffn_fused_c256_frag_project_mapped_g128_qkv_bytein_fb,block50,576,512,2359296,20.988399506,21.119720459,0.131320000,29.376480103,_;_;_;_;_;9216;120;72;128;4;0
10,195,mh_fused,c256_attention_project_fb_bout_diag,block50,144,512,144,21.121280670,21.216680527,0.095399998,29.376480103,_;_;_;_;128;72;4;120;72;4;0
10,196,mh_fast,mh_ffn_fused_c256_frag_project_mapped_g128_qkv_bytein_fb,block51,600,512,2457600,21.218439102,21.343839645,0.125400007,29.376480103,_;_;_;_;_;9600;120;72;120;0;4
10,197,mh_fused,c256_attention_project_fb_bout_diag,block51,150,512,150,21.346479416,21.445159912,0.098679997,29.376480103,_;_;_;_;120;80;4;120;72;0;4
10,198,mh_fast,mh_ffn_fused_c256_frag_project_g128_qkv_bytein_fb,block52,540,512,2211840,21.446840286,21.569440842,0.122599997,29.376480103,_;_;_;_;_;8640;120;72;120;0;0
10,199,mh_fused,c256_attention_project_fb_bout_diag,block52,135,512,135,21.570880890,21.664360046,0.093479998,29.376480103,_;_;_;_;120;72;4;0;0;0;0
10,200,mh_fast,mh_ffn_fused_c256_frag_project_mapped_g128_qkv_bytein_fb,block53,640,512,2621440,21.665880203,21.795200348,0.129319996,29.376480103,_;_;_;_;_;10240;120;72;128;4;4
10,201,mh_fused,c256_attention_project_fb_bout_diag,block53,160,512,160,21.797840118,21.896919250,0.099079996,29.376480103,_;_;_;_;128;80;4;120;72;4;4
10,202,mh_fast,mh_ffn_fused_c256_frag_project_mapped_g128_qkv_bytein_fb,block54,576,512,2359296,21.898639679,22.031639099,0.133000001,29.376480103,_;_;_;_;_;9216;120;72;128;4;0
10,203,mh_fused,c256_attention_project_fb_bout_diag,block54,144,512,144,22.033199310,22.128320694,0.095119998,29.376480103,_;_;_;_;128;72;4;120;72;4;0
10,204,mh_fast,mh_ffn_fused_c256_frag_project_mapped_g128_qkv_bytein_fb,block55,600,512,2457600,22.130039215,22.256679535,0.126640007,29.376480103,_;_;_;_;_;9600;120;72;120;0;4
10,205,mh_fused,c256_attention_project_fb_diag,block55,150,512,150,22.258079529,22.360559464,0.102480002,29.376480103,_;_;_;_;120;80;0;120;72;0;4
10,206,deep_fast,decoder_project2x_h16w_byteout,block56,4320,32,1105920,22.362720490,22.480840683,0.118120000,29.376480103,_;_;_;_;120;72;240;144;256;128
10,207,mh_fast,mh_ffn_fused_c128_project_mapped_g128_qkv_bytein_fb,block56,2232,256,4571136,22.482440948,22.642320633,0.159879997,29.376480103,_;_;_;_;_;35712;240;144;248;4;0
10,208,mh_fused,c128_attention_project_fb_bout_diag,block56,558,512,558,22.643760681,22.755760193,0.112000003,29.376480103,_;_;_;_;248;144;4;240;144;4;0
10,209,mh_fast,mh_ffn_fused_c128_project_mapped_g128_qkv_bytein_fb,block57,2280,256,4669440,22.757240295,22.905960083,0.148719996,29.376480103,_;_;_;_;_;36480;240;144;240;0;4
10,210,mh_fused,c128_attention_project_fb_bout_diag,block57,570,512,570,22.912839890,23.020399094,0.107560001,29.376480103,_;_;_;_;240;152;4;240;144;0;4
10,211,mh_fast,mh_ffn_fused_c128_project_g128_qkv_bytein_fb,block58,2160,256,4423680,23.021879196,23.165359497,0.143480003,29.376480103,_;_;_;_;_;34560;240;144;240;0;0
10,212,mh_fused,c128_attention_project_fb_bout_diag,block58,540,512,540,23.167999268,23.269079208,0.101080000,29.376480103,_;_;_;_;240;144;4;0;0;0;0
10,213,mh_fast,mh_ffn_fused_c128_project_mapped_g128_qkv_bytein_fb,block59,2356,256,4825088,23.270559311,23.423959732,0.153400004,29.376480103,_;_;_;_;_;37696;240;144;248;4;4
10,214,mh_fused,c128_attention_project_fb_bout_diag,block59,589,512,589,23.430320740,23.539039612,0.108719997,29.376480103,_;_;_;_;248;152;4;240;144;4;4
10,215,mh_fast,mh_ffn_fused_c128_project_mapped_g128_qkv_bytein_fb,block60,2232,256,4571136,23.540479660,23.701999664,0.161520004,29.376480103,_;_;_;_;_;35712;240;144;248;4;0
10,216,mh_fused,c128_attention_project_fb_bout_diag,block60,558,512,558,23.703399658,23.815959930,0.112559997,29.376480103,_;_;_;_;248;144;4;240;144;4;0
10,217,mh_fast,mh_ffn_fused_c128_project_mapped_g128_qkv_bytein_fb,block61,2280,256,4669440,23.817480087,23.968479156,0.150999993,29.376480103,_;_;_;_;_;36480;240;144;240;0;4
10,218,mh_fused,c128_attention_project_fb_diag,block61,570,512,570,23.975320816,24.089839935,0.114519998,29.376480103,_;_;_;_;240;152;0;240;144;0;4
10,219,deep_fast,decoder_project2x_h16w_byteout,block62,8640,32,2211840,24.091560364,24.248880386,0.157319993,29.376480103,_;_;_;_;240;144;480;288;128;64
10,220,mh_fast,mh_ffn_fused_c64_project_g128_qkv_bytein_fb,block62,8640,128,8847360,24.250560760,24.434640884,0.184080005,29.376480103,_;_;_;_;_;138240;480;288;480;0;0
10,221,mh_fused,c64_attention_project_fb_bout_diag,block62,2160,256,2160,24.436040878,24.572040558,0.136000007,29.376480103,_;_;_;_;480;288;4;0;0;0;0
10,222,mh_fast,mh_ffn_fused_c64_project_mapped_g128_qkv_bytein_fb,block63,9028,128,9244672,24.573440552,24.795959473,0.222519994,29.376480103,_;_;_;_;_;144448;480;288;488;4;4
10,223,mh_fused,c64_attention_project_fb_bout_diag,block63,2257,256,2257,24.797399521,24.959880829,0.162479997,29.376480103,_;_;_;_;488;296;4;480;288;4;4
10,224,mh_fast,mh_ffn_fused_c64_project_mapped_g128_qkv_bytein_fb,block64,8784,128,8994816,24.961320877,25.174160004,0.212840006,29.376480103,_;_;_;_;_;140544;480;288;488;4;0
10,225,mh_fused,c64_attention_project_fb_bout_diag,block64,2196,256,2196,25.175600052,25.334760666,0.159160003,29.376480103,_;_;_;_;488;288;4;480;288;4;0
10,226,mh_fast,mh_ffn_fused_c64_project_mapped_g128_qkv_bytein_fb,block65,8880,128,9093120,25.336240768,25.540719986,0.204480007,29.376480103,_;_;_;_;_;142080;480;288;480;0;4
10,227,mh_fused,c64_attention_project_fb_diag,block65,2220,256,2220,25.542160034,25.711399078,0.169239998,29.376480103,_;_;_;_;480;296;0;480;288;0;4
10,228,deep_fast,decoder_project2x_h16w,block69,17280,32,4423680,25.713039398,26.054079056,0.341039985,29.376480103,_;_;_;_;480;288;960;576;64;32
10,229,c32_fused_ffn,c32_fast_ffn_attention_fused_half_mapped,block69,8640,128,8640,26.057039261,26.489580154,0.432539999,29.376480103,_;_;_;_;8640;0;1;960;576;0;0
10,230,c32_fused_ffn,c32_fast_ffn_attention_fused_half_chain,block69,8833,128,8833,26.491020203,26.896780014,0.405759990,29.376480103,_;_;_;_;8833;3;1;960;576;4;4;960;0;0
10,231,c32_fused_ffn,c32_fast_ffn_attention_fused_half_chain,block69,8712,128,8712,26.898340225,27.303279877,0.404940009,29.376480103,_;_;_;_;8712;3;1;960;576;4;0;968;4;4
10,232,c32_fused_ffn,c32_fast_ffn_attention_fused_half_chain_finish,block69,8760,128,8760,27.304840088,27.736280441,0.431439996,29.376480103,_;_;_;_;_;8760;3;1;960;576;0;4;968;4;0
10,233,c32_fused_ffn,c32_post_merge_head_half,block70,34945,128,34945,27.737840652,29.304580688,1.566740036,29.376480103,_;_;_;_;_;_;_;_;34945;1920;1152;4;4;_
11,0,c32_fused_ffn,c32_fast_ffn_attention_fused_half_prefix_finish_main8,pre-down,34560,128,34560,0.005960000,1.572479963,1.566519976,28.835880280,_;_;_;_;_;_;34560;0;1;1920;1152;0;0
11,1,c32_fused_ffn,c32_fast_ffn_attention_fused_half_mapped,block4,8640,128,8640,1.581240058,2.000240088,0.419000000,28.835880280,_;_;_;_;8640;0;1;960;576;0;0
11,2,c32_fused_ffn,c32_fast_ffn_attention_fused_half_chain,block4,8833,128,8833,2.001679897,2.398360014,0.396679997,28.835880280,_;_;_;_;8833;3;1;960;576;4;4;960;0;0
11,3,c32_fused_ffn,c32_fast_ffn_attention_fused_half_chain,block4,8712,128,8712,2.399919987,2.774159908,0.374240011,28.835880280,_;_;_;_;8712;3;1;960;576;4;0;968;4;4
11,4,c32_fused_ffn,c32_fast_ffn_attention_fused_half_chain_finish_dcrop,block4,8760,128,8760,2.775759935,3.198359966,0.422600001,28.835880280,_;_;_;_;_;8760;3;1;960;576;0;4;968;4;0
11,5,mh_fast,mh_pool_project_production_h16w,block5,34560,32,8847360,3.200000048,3.301759958,0.101760000,28.835880280,_;_;_;480;288;0;0;32
11,6,mh_fast,mh_ffn_fused_c64_project_g128_qkv_fb,block5,8640,128,8847360,3.308880091,3.492320061,0.183440000,28.835880280,_;_;_;_;_;138240;480;288;480;0;0
11,7,mh_fused,c64_attention_project_fb_bout_diag,block5,2160,256,2160,3.493680000,3.632240057,0.138559997,28.835880280,_;_;_;_;480;288;4;0;0;0;0
11,8,mh_fast,mh_ffn_fused_c64_project_mapped_g128_qkv_bytein_fb,block6,9028,128,9244672,3.633599997,3.844399929,0.210800007,28.835880280,_;_;_;_;_;144448;480;288;488;4;4
11,9,mh_fused,c64_attention_project_fb_bout_diag,block6,2257,256,2257,3.845760107,3.997960091,0.152199998,28.835880280,_;_;_;_;488;296;4;480;288;4;4
11,10,mh_fast,mh_ffn_fused_c64_project_mapped_g128_qkv_bytein_fb,block7,8784,128,8994816,3.999360085,4.204199791,0.204840004,28.835880280,_;_;_;_;_;140544;480;288;488;4;0
11,11,mh_fused,c64_attention_project_fb_bout_diag,block7,2196,256,2196,4.205560207,4.359560013,0.153999999,28.835880280,_;_;_;_;488;288;4;480;288;4;0
11,12,mh_fast,mh_ffn_fused_c64_project_mapped_g128_qkv_bytein_fb,block8,8880,128,9093120,4.361080170,4.570040226,0.208959997,28.835880280,_;_;_;_;_;142080;480;288;480;0;4
11,13,mh_fused,c64_attention_project_fb_diag,block8,2220,256,2220,4.571400166,4.728320122,0.156920001,28.835880280,_;_;_;_;480;296;3;480;288;0;4
11,14,mh_fast,mh_pool_project_group_c64,block9,2160,64,4423680,4.729959965,4.823319912,0.093359999,28.835880280,_;_;_;240;144;480;0;0
11,15,mh_fast,mh_ffn_fused_c128_project_g128_qkv_fb,block9,2160,256,4423680,4.827280045,4.979720116,0.152439997,28.835880280,_;_;_;_;_;34560;240;144;240;0;0
11,16,mh_fused,c128_attention_project_fb_bout_diag,block9,540,512,540,4.981080055,5.077720165,0.096639998,28.835880280,_;_;_;_;240;144;4;0;0;0;0
11,17,mh_fast,mh_ffn_fused_c128_project_mapped_g128_qkv_bytein_fb,block10,2356,256,4825088,5.079160213,5.238239765,0.159079999,28.835880280,_;_;_;_;_;37696;240;144;248;4;4
11,18,mh_fused,c128_attention_project_fb_bout_diag,block10,589,512,589,5.246520042,5.353040218,0.106519997,28.835880280,_;_;_;_;248;152;4;240;144;4;4
11,19,mh_fast,mh_ffn_fused_c128_project_mapped_g128_qkv_bytein_fb,block11,2232,256,4571136,5.354479790,5.507199764,0.152720004,28.835880280,_;_;_;_;_;35712;240;144;248;4;0
11,20,mh_fused,c128_attention_project_fb_bout_diag,block11,558,512,558,5.508560181,5.615719795,0.107160002,28.835880280,_;_;_;_;248;144;4;240;144;4;0
11,21,mh_fast,mh_ffn_fused_c128_project_mapped_g128_qkv_bytein_fb,block12,2280,256,4669440,5.617239952,5.769400120,0.152160004,28.835880280,_;_;_;_;_;36480;240;144;240;0;4
11,22,mh_fused,c128_attention_project_fb_bout_diag,block12,570,512,570,5.777639866,5.880879879,0.103239998,28.835880280,_;_;_;_;240;152;4;240;144;0;4
11,23,mh_fast,mh_ffn_fused_c128_project_g128_qkv_bytein_fb,block13,2160,256,4423680,5.882319927,6.030280113,0.147960007,28.835880280,_;_;_;_;_;34560;240;144;240;0;0
11,24,mh_fused,c128_attention_project_fb_bout_diag,block13,540,512,540,6.031599998,6.126560211,0.094959997,28.835880280,_;_;_;_;240;144;4;0;0;0;0
11,25,mh_fast,mh_ffn_fused_c128_project_mapped_g128_qkv_bytein_fb,block14,2356,256,4825088,6.128039837,6.286159992,0.158120006,28.835880280,_;_;_;_;_;37696;240;144;248;4;4
11,26,mh_fused,c128_attention_project_fb_diag,block14,589,512,589,6.294519901,6.400159836,0.105640002,28.835880280,_;_;_;_;248;152;3;240;144;4;4
11,27,mh_fast,mh_pool_project_group_c128,block15,540,128,2211840,6.401679993,6.471879959,0.070200004,28.835880280,_;_;_;120;72;240;0;0
11,28,mh_fast,mh_ffn_fused_c256_frag_project_g128_qkv_fb,block15,540,512,2211840,6.474639893,6.599520206,0.124880001,28.835880280,_;_;_;_;_;8640;120;72;120;0;0
11,29,mh_fused,c256_attention_project_fb_bout_diag,block15,135,512,135,6.601039886,6.688960075,0.087920003,28.835880280,_;_;_;_;120;72;4;0;0;0;0
11,30,mh_fast,mh_ffn_fused_c256_frag_project_mapped_g128_qkv_bytein_fb,block16,640,512,2621440,6.690400124,6.826039791,0.135639995,28.835880280,_;_;_;_;_;10240;120;72;128;4;4
11,31,mh_fused,c256_attention_project_fb_bout_diag,block16,160,512,160,6.827400208,6.921360016,0.093960002,28.835880280,_;_;_;_;128;80;4;120;72;4;4
11,32,mh_fast,mh_ffn_fused_c256_frag_project_mapped_g128_qkv_bytein_fb,block17,576,512,2359296,6.923039913,7.057240009,0.134200007,28.835880280,_;_;_;_;_;9216;120;72;128;4;0
11,33,mh_fused,c256_attention_project_fb_bout_diag,block17,144,512,144,7.058760166,7.151080132,0.092320003,28.835880280,_;_;_;_;128;72;4;120;72;4;0
11,34,mh_fast,mh_ffn_fused_c256_frag_project_mapped_g128_qkv_bytein_fb,block18,600,512,2457600,7.152840137,7.281159878,0.128319994,28.835880280,_;_;_;_;_;9600;120;72;120;0;4
11,35,mh_fused,c256_attention_project_fb_bout_diag,block18,150,512,150,7.282519817,7.377439976,0.094920002,28.835880280,_;_;_;_;120;80;4;120;72;0;4
11,36,mh_fast,mh_ffn_fused_c256_frag_project_g128_qkv_bytein_fb,block19,540,512,2211840,7.379280090,7.501319885,0.122040004,28.835880280,_;_;_;_;_;8640;120;72;120;0;0
11,37,mh_fused,c256_attention_project_fb_bout_diag,block19,135,512,135,7.502719879,7.590760231,0.088040002,28.835880280,_;_;_;_;120;72;4;0;0;0;0
11,38,mh_fast,mh_ffn_fused_c256_frag_project_mapped_g128_qkv_bytein_fb,block20,640,512,2621440,7.592239857,7.724679947,0.132440001,28.835880280,_;_;_;_;_;10240;120;72;128;4;4
11,39,mh_fused,c256_attention_project_fb_bout_diag,block20,160,512,160,7.726079941,7.820400238,0.094319999,28.835880280,_;_;_;_;128;80;4;120;72;4;4
11,40,mh_fast,mh_ffn_fused_c256_frag_project_mapped_g128_qkv_bytein_fb,block21,576,512,2359296,7.822080135,7.954440117,0.132359996,28.835880280,_;_;_;_;_;9216;120;72;128;4;0
11,41,mh_fused,c256_attention_project_fb_bout_diag,block21,144,512,144,7.955959797,8.048279762,0.092320003,28.835880280,_;_;_;_;128;72;4;120;72;4;0
11,42,mh_fast,mh_ffn_fused_c256_frag_project_mapped_g128_qkv_bytein_fb,block22,600,512,2457600,8.050000191,8.175000191,0.125000000,28.835880280,_;_;_;_;_;9600;120;72;120;0;4
11,43,mh_fused,c256_attention_project_fb_diag,block22,150,512,150,8.176400185,8.272120476,0.095720001,28.835880280,_;_;_;_;120;80;3;120;72;0;4
11,44,mh_fast,mh_pool_project_group_c256,block23,135,256,1105920,8.274200439,8.336000443,0.061799999,28.835880280,_;_;_;60;36;120;0;0
11,45,mh,mh_shift_pack,block23,5120,256,1310720,8.339679718,8.397199631,0.057519998,28.835880280,_;_;60;36;64;40;0;0;512;0
11,46,deep_fast,split_mix_blocked_h16w,block23,1280,32,1310720,8.405079842,8.476920128,0.071840003,28.835880280,_;_;_;2560
11,47,deep_fast,split_ffn_fused_fp8_t8,block23,1280,128,1310720,8.480680466,8.549519539,0.068839997,28.835880280,_;_;_;_;2560
11,48,deep_fast,split_projection_frag,block23,1280,32,1310720,8.550999641,8.610079765,0.059080001,28.835880280,_;_;_;_;_;2560
11,49,mh_fast,mh_qkv_normalize_frag_c512,block23,3840,32,3932160,8.614439964,8.694600105,0.080159999,28.835880280,_;_;_;2560
11,50,mh_fused,mh_attention_fused_fp8_out,block23,640,128,640,8.697239876,8.734439850,0.037200000,28.835880280,_;_;_;64;40;512
11,51,mh_fast,mh_attention_project_frag_c512,block23,1280,32,1310720,8.735839844,8.804160118,0.068319999,28.835880280,_;_;_;_;2560;0;60;36;64;0;0
11,52,mh,mh_shift_pack,block24,5120,256,1310720,8.807920456,8.864919662,0.057000000,28.835880280,_;_;60;36;64;40;4;4;512;0
11,53,deep_fast,split_mix_blocked_h16w,block24,1280,32,1310720,8.871120453,8.944720268,0.073600002,28.835880280,_;_;_;2560
11,54,deep_fast,split_ffn_fused_fp8_t8,block24,1280,128,1310720,8.948439598,9.016880035,0.068439998,28.835880280,_;_;_;_;2560
11,55,deep_fast,split_projection_frag,block24,1280,32,1310720,9.018360138,9.077199936,0.058839999,28.835880280,_;_;_;_;_;2560
11,56,mh_fast,mh_qkv_normalize_frag_c512,block24,3840,32,3932160,9.081640244,9.163040161,0.081400000,28.835880280,_;_;_;2560
11,57,mh_fused,mh_attention_fused_fp8_out,block24,640,128,640,9.164440155,9.229680061,0.065240003,28.835880280,_;_;_;64;40;512
11,58,mh_fast,mh_attention_project_frag_c512,block24,1280,32,1310720,9.231080055,9.310000420,0.078919999,28.835880280,_;_;_;_;2560;0;60;36;64;4;4
11,59,mh,mh_shift_pack,block25,5120,256,1310720,9.313759804,9.371439934,0.057680000,28.835880280,_;_;60;36;64;40;4;0;512;0
11,60,deep_fast,split_mix_blocked_h16w,block25,1280,32,1310720,9.379119873,9.451279640,0.072159998,28.835880280,_;_;_;2560
11,61,deep_fast,split_ffn_fused_fp8_t8,block25,1280,128,1310720,9.454999924,9.524040222,0.069040000,28.835880280,_;_;_;_;2560
11,62,deep_fast,split_projection_frag,block25,1280,32,1310720,9.525520325,9.585320473,0.059799999,28.835880280,_;_;_;_;_;2560
11,63,mh_fast,mh_qkv_normalize_frag_c512,block25,3840,32,3932160,9.589679718,9.669919968,0.080239996,28.835880280,_;_;_;2560
11,64,mh_fused,mh_attention_fused_fp8_out,block25,640,128,640,9.672599792,9.732359886,0.059760001,28.835880280,_;_;_;64;40;512
11,65,mh_fast,mh_attention_project_frag_c512,block25,1280,32,1310720,9.733799934,9.811079979,0.077280000,28.835880280,_;_;_;_;2560;0;60;36;64;4;0
11,66,mh,mh_shift_pack,block26,5120,256,1310720,9.814760208,9.871800423,0.057039998,28.835880280,_;_;60;36;64;40;0;4;512;0
11,67,deep_fast,split_mix_blocked_h16w,block26,1280,32,1310720,9.878000259,9.928319931,0.050319999,28.835880280,_;_;_;2560
11,68,deep_fast,split_ffn_fused_fp8_t8,block26,1280,128,1310720,9.932040215,10.003279686,0.071240000,28.835880280,_;_;_;_;2560
11,69,deep_fast,split_projection_frag,block26,1280,32,1310720,10.004719734,10.063079834,0.058359999,28.835880280,_;_;_;_;_;2560
11,70,mh_fast,mh_qkv_normalize_frag_c512,block26,3840,32,3932160,10.067399979,10.146439552,0.079039998,28.835880280,_;_;_;2560
11,71,mh_fused,mh_attention_fused_fp8_out,block26,640,128,640,10.149040222,10.215359688,0.066320002,28.835880280,_;_;_;64;40;512
11,72,mh_fast,mh_attention_project_frag_c512,block26,1280,32,1310720,10.216799736,10.291080475,0.074280001,28.835880280,_;_;_;_;2560;0;60;36;64;0;4
11,73,mh,mh_shift_pack,block27,5120,256,1310720,10.294799805,10.351280212,0.056480002,28.835880280,_;_;60;36;64;40;0;0;512;0
11,74,deep_fast,split_mix_blocked_h16w,block27,1280,32,1310720,10.359279633,10.431159973,0.071879998,28.835880280,_;_;_;2560
11,75,deep_fast,split_ffn_fused_fp8_t8,block27,1280,128,1310720,10.434880257,10.502559662,0.067680001,28.835880280,_;_;_;_;2560
11,76,deep_fast,split_projection_frag,block27,1280,32,1310720,10.504079819,10.565999985,0.061919998,28.835880280,_;_;_;_;_;2560
11,77,mh_fast,mh_qkv_normalize_frag_c512,block27,3840,32,3932160,10.570400238,10.652839661,0.082439996,28.835880280,_;_;_;2560
11,78,mh_fused,mh_attention_fused_fp8_out,block27,640,128,640,10.654239655,10.717760086,0.063519999,28.835880280,_;_;_;64;40;512
11,79,mh_fast,mh_attention_project_frag_c512,block27,1280,32,1310720,10.719200134,10.793840408,0.074639998,28.835880280,_;_;_;_;2560;0;60;36;64;0;0
11,80,mh,mh_shift_pack,block28,5120,256,1310720,10.797599792,10.853839874,0.056240000,28.835880280,_;_;60;36;64;40;4;4;512;0
11,81,deep_fast,split_mix_blocked_h16w,block28,1280,32,1310720,10.859840393,10.909560204,0.049720000,28.835880280,_;_;_;2560
11,82,deep_fast,split_ffn_fused_fp8_t8,block28,1280,128,1310720,10.913279533,10.980319977,0.067039996,28.835880280,_;_;_;_;2560
11,83,deep_fast,split_projection_frag,block28,1280,32,1310720,10.981800079,11.038279533,0.056480002,28.835880280,_;_;_;_;_;2560
11,84,mh_fast,mh_qkv_normalize_frag_c512,block28,3840,32,3932160,11.042559624,11.127240181,0.084679998,28.835880280,_;_;_;2560
11,85,mh_fused,mh_attention_fused_fp8_out,block28,640,128,640,11.128600121,11.192959785,0.064360000,28.835880280,_;_;_;64;40;512
11,86,mh_fast,mh_attention_project_frag_c512,block28,1280,32,1310720,11.194359779,11.268879890,0.074519999,28.835880280,_;_;_;_;2560;0;60;36;64;4;4
11,87,mh,mh_shift_pack,block29,5120,256,1310720,11.272640228,11.328439713,0.055799998,28.835880280,_;_;60;36;64;40;4;0;512;0
11,88,deep_fast,split_mix_blocked_h16w,block29,1280,32,1310720,11.336000443,11.408160210,0.072159998,28.835880280,_;_;_;2560
11,89,deep_fast,split_ffn_fused_fp8_t8,block29,1280,128,1310720,11.411879539,11.480480194,0.068599999,28.835880280,_;_;_;_;2560
11,90,deep_fast,split_projection_frag,block29,1280,32,1310720,11.481960297,11.540160179,0.058200002,28.835880280,_;_;_;_;_;2560
11,91,mh_fast,mh_qkv_normalize_frag_c512,block29,3840,32,3932160,11.544520378,11.624839783,0.080320001,28.835880280,_;_;_;2560
11,92,mh_fused,mh_attention_fused_fp8_out,block29,640,128,640,11.627479553,11.663359642,0.035879999,28.835880280,_;_;_;64;40;512
11,93,mh_fast,mh_attention_project_frag_c512,block29,1280,32,1310720,11.664839745,11.730560303,0.065719999,28.835880280,_;_;_;_;2560;0;60;36;64;4;0
11,94,mh,mh_shift_pack,block30,5120,256,1310720,11.734319687,11.790719986,0.056400001,28.835880280,_;_;60;36;64;40;0;4;512;0
11,95,deep_fast,split_mix_blocked_h16w,block30,1280,32,1310720,11.798359871,11.871800423,0.073440000,28.835880280,_;_;_;2560
11,96,deep_fast,split_ffn_fused_fp8_t8,block30,1280,128,1310720,11.875519753,11.942680359,0.067160003,28.835880280,_;_;_;_;2560
11,97,deep_fast,split_projection_frag,block30,1280,32,1310720,11.944199562,12.002599716,0.058400001,28.835880280,_;_;_;_;_;2560
11,98,mh_fast,mh_qkv_normalize_frag_c512,block30,3840,32,3932160,12.006919861,12.087120056,0.080200002,28.835880280,_;_;_;2560
11,99,mh_fused,mh_attention_fused_fp8_out,block30,640,128,640,12.089799881,12.155520439,0.065719999,28.835880280,_;_;_;64;40;512
11,100,mh_fast,mh_attention_project_frag_c512,block30,1280,32,1310720,12.156959534,12.232399940,0.075439997,28.835880280,_;_;_;_;2560;3;60;36;64;0;4
11,101,mh,mh_pool,head,1280,256,327680,12.236160278,12.290599823,0.054439999,28.835880280,_;_;32;20;60;30;18;512
11,102,mh_fast,mh_pool_project_production_h16w,head,2560,32,655360,12.296879768,12.484720230,0.187840000,28.835880280,_;_;_;32;20;30;18;512
11,103,deep,vit_gather,block31,2560,256,655360,12.486439705,12.541560173,0.055119999,28.835880280,_;_;_;655360
11,104,deep_fast,vit_pack_input,block31,640,256,163840,12.548279762,12.593000412,0.044720002,28.835880280,_;_;655360
11,105,deep_fast,vit_expand_blocked_fp8_frag_bytein,block31,2560,32,2621440,12.597960472,12.675999641,0.078039996,28.835880280,_;_;_;640;1024;4096
11,106,deep_fast,vit_contract_blocked_fp8_frag,block31,640,32,655360,12.677680016,12.764599800,0.086920001,28.835880280,_;_;_;_;640;4096;1024
11,107,deep_fast,vit_qkv_project_normalize_fused_f16compact_fp8_frag,block31,3840,32,1966080,12.767359734,12.882599831,0.115240000,28.835880280,_;_;_;640
11,108,deep_fast,vit_attention_fused_640_bytein,block31,1280,32,327680,12.884240150,12.978240013,0.093999997,28.835880280,_;_;640
11,109,deep_fast,vit_project_frag,block31,2560,32,655360,12.980999947,13.119879723,0.138880000,28.835880280,_;_;_;_;640;1024;1024
11,110,deep_fast,vit_pack_input,block32,640,256,163840,13.121959686,13.171199799,0.049240001,28.835880280,_;_;655360
11,111,deep_fast,vit_expand_blocked_fp8_frag_bytein,block32,2560,32,2621440,13.176199913,13.254400253,0.078199998,28.835880280,_;_;_;640;1024;4096
11,112,deep_fast,vit_contract_blocked_fp8_frag,block32,640,32,655360,13.256119728,13.343440056,0.087320000,28.835880280,_;_;_;_;640;4096;1024
11,113,deep_fast,vit_qkv_project_normalize_fused_f16compact_fp8_frag,block32,3840,32,1966080,13.346240044,13.461560249,0.115319997,28.835880280,_;_;_;640
11,114,deep_fast,vit_attention_fused_640_bytein,block32,1280,32,327680,13.463239670,13.563839912,0.100599997,28.835880280,_;_;640
11,115,deep_fast,vit_project_frag,block32,2560,32,655360,13.566599846,13.684800148,0.118199997,28.835880280,_;_;_;_;640;1024;1024
11,116,deep_fast,vit_pack_input,block33,640,256,163840,13.686840057,13.735759735,0.048920002,28.835880280,_;_;655360
11,117,deep_fast,vit_expand_blocked_fp8_frag_bytein,block33,2560,32,2621440,13.740799904,13.825240135,0.084440000,28.835880280,_;_;_;640;1024;4096
11,118,deep_fast,vit_contract_blocked_fp8_frag,block33,640,32,655360,13.826959610,13.914239883,0.087279998,28.835880280,_;_;_;_;640;4096;1024
11,119,deep_fast,vit_qkv_project_normalize_fused_f16compact_fp8_frag,block33,3840,32,1966080,13.916999817,14.032520294,0.115520000,28.835880280,_;_;_;640
11,120,deep_fast,vit_attention_fused_640_bytein,block33,1280,32,327680,14.034239769,14.134960175,0.100720003,28.835880280,_;_;640
11,121,deep_fast,vit_project_frag,block33,2560,32,655360,14.137680054,14.277999878,0.140320003,28.835880280,_;_;_;_;640;1024;1024
11,122,deep_fast,vit_pack_input,block34,640,256,163840,14.280079842,14.329159737,0.049079999,28.835880280,_;_;655360
11,123,deep_fast,vit_expand_blocked_fp8_frag_bytein,block34,2560,32,2621440,14.334199905,14.435199738,0.101000004,28.835880280,_;_;_;640;1024;4096
11,124,deep_fast,vit_contract_blocked_fp8_frag,block34,640,32,655360,14.436880112,14.524279594,0.087399997,28.835880280,_;_;_;_;640;4096;1024
11,125,deep_fast,vit_qkv_project_normalize_fused_f16compact_fp8_frag,block34,3840,32,1966080,14.527000427,14.643679619,0.116680004,28.835880280,_;_;_;640
11,126,deep_fast,vit_attention_fused_640_bytein,block34,1280,32,327680,14.645400047,14.745559692,0.100160003,28.835880280,_;_;640
11,127,deep_fast,vit_project_frag,block34,2560,32,655360,14.748319626,14.863080025,0.114759997,28.835880280,_;_;_;_;640;1024;1024
11,128,deep_fast,vit_pack_input,block35,640,256,163840,14.865200043,14.914079666,0.048880000,28.835880280,_;_;655360
11,129,deep_fast,vit_expand_blocked_fp8_frag_bytein,block35,2560,32,2621440,14.920559883,15.001279831,0.080720000,28.835880280,_;_;_;640;1024;4096
11,130,deep_fast,vit_contract_blocked_fp8_frag,block35,640,32,655360,15.003000259,15.090399742,0.087399997,28.835880280,_;_;_;_;640;4096;1024
11,131,deep_fast,vit_qkv_project_normalize_fused_f16compact_fp8_frag,block35,3840,32,1966080,15.093159676,15.207079887,0.113920003,28.835880280,_;_;_;640
11,132,deep_fast,vit_attention_fused_640_bytein,block35,1280,32,327680,15.208800316,15.309720039,0.100919999,28.835880280,_;_;640
11,133,deep_fast,vit_project_frag,block35,2560,32,655360,15.312479973,15.428079605,0.115599997,28.835880280,_;_;_;_;640;1024;1024
11,134,deep_fast,vit_pack_input,block36,640,256,163840,15.430080414,15.479280472,0.049199998,28.835880280,_;_;655360
11,135,deep_fast,vit_expand_blocked_fp8_frag_bytein,block36,2560,32,2621440,15.484279633,15.563480377,0.079200000,28.835880280,_;_;_;640;1024;4096
11,136,deep_fast,vit_contract_blocked_fp8_frag,block36,640,32,655360,15.565159798,15.651679993,0.086520001,28.835880280,_;_;_;_;640;4096;1024
11,137,deep_fast,vit_qkv_project_normalize_fused_f16compact_fp8_frag,block36,3840,32,1966080,15.654439926,15.771400452,0.116959997,28.835880280,_;_;_;640
11,138,deep_fast,vit_attention_fused_640_bytein,block36,1280,32,327680,15.773079872,15.873359680,0.100280002,28.835880280,_;_;640
11,139,deep_fast,vit_project_frag,block36,2560,32,655360,15.876119614,15.990519524,0.114399999,28.835880280,_;_;_;_;640;1024;1024
11,140,deep_fast,vit_pack_input,block37,640,256,163840,15.992600441,16.041280746,0.048680000,28.835880280,_;_;655360
11,141,deep_fast,vit_expand_blocked_fp8_frag_bytein,block37,2560,32,2621440,16.046239853,16.128400803,0.082160003,28.835880280,_;_;_;640;1024;4096
11,142,deep_fast,vit_contract_blocked_fp8_frag,block37,640,32,655360,16.130119324,16.217960358,0.087839998,28.835880280,_;_;_;_;640;4096;1024
11,143,deep_fast,vit_qkv_project_normalize_fused_f16compact_fp8_frag,block37,3840,32,1966080,16.220720291,16.337839127,0.117119998,28.835880280,_;_;_;640
11,144,deep_fast,vit_attention_fused_640_bytein,block37,1280,32,327680,16.339519501,16.433240891,0.093719997,28.835880280,_;_;640
11,145,deep_fast,vit_project_frag,block37,2560,32,655360,16.436000824,16.574800491,0.138799995,28.835880280,_;_;_;_;640;1024;1024
11,146,deep_fast,vit_pack_input,block38,640,256,163840,16.576839447,16.628240585,0.051399998,28.835880280,_;_;655360
11,147,deep_fast,vit_expand_blocked_fp8_frag_bytein,block38,2560,32,2621440,16.633319855,16.739120483,0.105800003,28.835880280,_;_;_;640;1024;4096
11,148,deep_fast,vit_contract_blocked_fp8_frag,block38,640,32,655360,16.740800858,16.829439163,0.088639997,28.835880280,_;_;_;_;640;4096;1024
11,149,deep_fast,vit_qkv_project_normalize_fused_f16compact_fp8_frag,block38,3840,32,1966080,16.832239151,16.946359634,0.114119999,28.835880280,_;_;_;640
11,150,deep_fast,vit_attention_fused_640_bytein,block38,1280,32,327680,16.948040009,17.047880173,0.099840000,28.835880280,_;_;640
11,151,deep_fast,vit_project_frag,block38,2560,32,655360,17.050640106,17.163280487,0.112640001,28.835880280,_;_;_;_;640;1024;1024
11,152,deep,vit_gather,block39,2560,256,655360,17.165359497,17.218879700,0.053520001,28.835880280,_;_;_;655360
11,153,deep_fast,decoder_project2x_h16w,block39,1280,32,327680,17.224639893,17.309520721,0.084880002,28.835880280,_;_;_;_;32;20;60;36;1024;512
11,154,mh,mh_shift_pack,block40,5120,256,1310720,17.312559128,17.372880936,0.060320001,28.835880280,_;_;60;36;64;40;0;0;512;0
11,155,deep_fast,split_mix_blocked_h16w,block40,1280,32,1310720,17.379440308,17.454040527,0.074600004,28.835880280,_;_;_;2560
11,156,deep_fast,split_ffn_fused_fp8_t8,block40,1280,128,1310720,17.457719803,17.526239395,0.068520002,28.835880280,_;_;_;_;2560
11,157,deep_fast,split_projection_frag,block40,1280,32,1310720,17.527759552,17.586280823,0.058520000,28.835880280,_;_;_;_;_;2560
11,158,mh_fast,mh_qkv_normalize_frag_c512,block40,3840,32,3932160,17.590560913,17.670999527,0.080440000,28.835880280,_;_;_;2560
11,159,mh_fused,mh_attention_fused_fp8_out,block40,640,128,640,17.673639297,17.740600586,0.066960000,28.835880280,_;_;_;64;40;512
11,160,mh_fast,mh_attention_project_frag_c512,block40,1280,32,1310720,17.742040634,17.847919464,0.105880000,28.835880280,_;_;_;_;2560;0;60;36;64;0;0
11,161,mh,mh_shift_pack,block41,5120,256,1310720,17.851640701,17.912319183,0.060679998,28.835880280,_;_;60;36;64;40;4;4;512;0
11,162,deep_fast,split_mix_blocked_h16w,block41,1280,32,1310720,17.919960022,17.994640350,0.074680001,28.835880280,_;_;_;2560
11,163,deep_fast,split_ffn_fused_fp8_t8,block41,1280,128,1310720,17.998399734,18.070720673,0.072319999,28.835880280,_;_;_;_;2560
11,164,deep_fast,split_projection_frag,block41,1280,32,1310720,18.072200775,18.133960724,0.061760001,28.835880280,_;_;_;_;_;2560
11,165,mh_fast,mh_qkv_normalize_frag_c512,block41,3840,32,3932160,18.138320923,18.222400665,0.084080003,28.835880280,_;_;_;2560
11,166,mh_fused,mh_attention_fused_fp8_out,block41,640,128,640,18.223760605,18.291639328,0.067879997,28.835880280,_;_;_;64;40;512
11,167,mh_fast,mh_attention_project_frag_c512,block41,1280,32,1310720,18.293079376,18.371559143,0.078479998,28.835880280,_;_;_;_;2560;0;60;36;64;4;4
11,168,mh,mh_shift_pack,block44,5120,256,1310720,18.375320435,18.435319901,0.059999999,28.835880280,_;_;60;36;64;40;0;0;512;0
11,169,deep_fast,split_mix_blocked_h16w,block44,1280,32,1310720,18.441520691,18.519559860,0.078039996,28.835880280,_;_;_;2560
11,170,deep_fast,split_ffn_fused_fp8_t8,block44,1280,128,1310720,18.523279190,18.594160080,0.070880003,28.835880280,_;_;_;_;2560
11,171,deep_fast,split_projection_frag,block44,1280,32,1310720,18.595600128,18.657440186,0.061840001,28.835880280,_;_;_;_;_;2560
11,172,mh_fast,mh_qkv_normalize_frag_c512,block44,3840,32,3932160,18.661800385,18.744359970,0.082560003,28.835880280,_;_;_;2560
11,173,mh_fused,mh_attention_fused_fp8_out,block44,640,128,640,18.745719910,18.814519882,0.068800002,28.835880280,_;_;_;64;40;512
11,174,mh_fast,mh_attention_project_frag_c512,block44,1280,32,1310720,18.815919876,18.892000198,0.076080002,28.835880280,_;_;_;_;2560;0;60;36;64;0;0
11,175,mh,mh_shift_pack,block45,5120,256,1310720,18.895799637,18.955720901,0.059920002,28.835880280,_;_;60;36;64;40;4;4;512;0
11,176,deep_fast,split_mix_blocked_h16w,block45,1280,32,1310720,18.963560104,19.037960052,0.074400000,28.835880280,_;_;_;2560
11,177,deep_fast,split_ffn_fused_fp8_t8,block45,1280,128,1310720,19.041679382,19.137960434,0.096280001,28.835880280,_;_;_;_;2560
11,178,deep_fast,split_projection_frag,block45,1280,32,1310720,19.139440536,19.201240540,0.061799999,28.835880280,_;_;_;_;_;2560
11,179,mh_fast,mh_qkv_normalize_frag_c512,block45,3840,32,3932160,19.205600739,19.289119720,0.083520003,28.835880280,_;_;_;2560
11,180,mh_fused,mh_attention_fused_fp8_out,block45,640,128,640,19.291759491,19.353120804,0.061360002,28.835880280,_;_;_;64;40;512
11,181,mh_fast,mh_attention_project_frag_c512,block45,1280,32,1310720,19.354560852,19.430999756,0.076439999,28.835880280,_;_;_;_;2560;0;60;36;64;4;4
11,182,mh,mh_shift_pack,block47,5120,256,1310720,19.434719086,19.494079590,0.059360001,28.835880280,_;_;60;36;64;40;0;4;512;0
11,183,deep_fast,split_mix_blocked_h16w,block47,1280,32,1310720,19.501560211,19.575239182,0.073679999,28.835880280,_;_;_;2560
11,184,deep_fast,split_ffn_fused_fp8_t8,block47,1280,128,1310720,19.579040527,19.650199890,0.071160004,28.835880280,_;_;_;_;2560
11,185,deep_fast,split_projection_frag,block47,1280,32,1310720,19.651679993,19.713479996,0.061799999,28.835880280,_;_;_;_;_;2560
11,186,mh_fast,mh_qkv_normalize_frag_c512,block47,3840,32,3932160,19.717840195,19.802919388,0.085079998,28.835880280,_;_;_;2560
11,187,mh_fused,mh_attention_fused_fp8_out,block47,640,128,640,19.804239273,19.871320724,0.067079999,28.835880280,_;_;_;64;40;512
11,188,mh_fast,mh_attention_project_frag_c512,block47,1280,32,1310720,19.872680664,19.950359344,0.077679999,28.835880280,_;_;_;_;2560;0;60;36;64;0;4
11,189,deep_fast,decoder_project2x_h16w_byteout,block48,2160,32,552960,19.954120636,20.051240921,0.097120002,28.835880280,_;_;_;_;60;36;120;72;512;256
11,190,mh_fast,mh_ffn_fused_c256_frag_project_g128_qkv_bytein_fb,block48,540,512,2211840,20.052879333,20.178560257,0.125680000,28.835880280,_;_;_;_;_;8640;120;72;120;0;0
11,191,mh_fused,c256_attention_project_fb_bout_diag,block48,135,512,135,20.180040359,20.270959854,0.090920001,28.835880280,_;_;_;_;120;72;0;0;0;0;0
11,192,mh_fast,mh_ffn_fused_c256_frag_project_mapped_g128_qkv_bytein_fb,block49,640,512,2621440,20.272520065,20.410160065,0.137639999,28.835880280,_;_;_;_;_;10240;120;72;128;4;4
11,193,mh_fused,c256_attention_project_fb_bout_diag,block49,160,512,160,20.411479950,20.509000778,0.097520001,28.835880280,_;_;_;_;128;80;4;120;72;4;4
11,194,mh_fast,mh_ffn_fused_c256_frag_project_mapped_g128_qkv_bytein_fb,block50,576,512,2359296,20.510799408,20.643720627,0.132919997,28.835880280,_;_;_;_;_;9216;120;72;128;4;0
11,195,mh_fused,c256_attention_project_fb_bout_diag,block50,144,512,144,20.645240784,20.739280701,0.094039999,28.835880280,_;_;_;_;128;72;4;120;72;4;0
11,196,mh_fast,mh_ffn_fused_c256_frag_project_mapped_g128_qkv_bytein_fb,block51,600,512,2457600,20.740999222,20.873319626,0.132320002,28.835880280,_;_;_;_;_;9600;120;72;120;0;4
11,197,mh_fused,c256_attention_project_fb_bout_diag,block51,150,512,150,20.874679565,20.972280502,0.097599998,28.835880280,_;_;_;_;120;80;4;120;72;0;4
11,198,mh_fast,mh_ffn_fused_c256_frag_project_g128_qkv_bytein_fb,block52,540,512,2211840,20.974039078,21.097799301,0.123760000,28.835880280,_;_;_;_;_;8640;120;72;120;0;0
11,199,mh_fused,c256_attention_project_fb_bout_diag,block52,135,512,135,21.099239349,21.187440872,0.088200003,28.835880280,_;_;_;_;120;72;4;0;0;0;0
11,200,mh_fast,mh_ffn_fused_c256_frag_project_mapped_g128_qkv_bytein_fb,block53,640,512,2621440,21.188959122,21.327119827,0.138160005,28.835880280,_;_;_;_;_;10240;120;72;128;4;4
11,201,mh_fused,c256_attention_project_fb_bout_diag,block53,160,512,160,21.328479767,21.476480484,0.148000002,28.835880280,_;_;_;_;128;80;4;120;72;4;4
11,202,mh_fast,mh_ffn_fused_c256_frag_project_mapped_g128_qkv_bytein_fb,block54,576,512,2359296,21.478239059,21.607599258,0.129360005,28.835880280,_;_;_;_;_;9216;120;72;128;4;0
11,203,mh_fused,c256_attention_project_fb_bout_diag,block54,144,512,144,21.609159470,21.702520370,0.093359999,28.835880280,_;_;_;_;128;72;4;120;72;4;0
11,204,mh_fast,mh_ffn_fused_c256_frag_project_mapped_g128_qkv_bytein_fb,block55,600,512,2457600,21.704320908,21.828399658,0.124080002,28.835880280,_;_;_;_;_;9600;120;72;120;0;4
11,205,mh_fused,c256_attention_project_fb_diag,block55,150,512,150,21.829799652,21.929479599,0.099679999,28.835880280,_;_;_;_;120;80;0;120;72;0;4
11,206,deep_fast,decoder_project2x_h16w_byteout,block56,4320,32,1105920,21.931680679,22.047319412,0.115640000,28.835880280,_;_;_;_;120;72;240;144;256;128
11,207,mh_fast,mh_ffn_fused_c128_project_mapped_g128_qkv_bytein_fb,block56,2232,256,4571136,22.048919678,22.230319977,0.181400001,28.835880280,_;_;_;_;_;35712;240;144;248;4;0
11,208,mh_fused,c128_attention_project_fb_bout_diag,block56,558,512,558,22.231719971,22.340320587,0.108599998,28.835880280,_;_;_;_;248;144;4;240;144;4;0
11,209,mh_fast,mh_ffn_fused_c128_project_mapped_g128_qkv_bytein_fb,block57,2280,256,4669440,22.341800690,22.494359970,0.152559996,28.835880280,_;_;_;_;_;36480;240;144;240;0;4
11,210,mh_fused,c128_attention_project_fb_bout_diag,block57,570,512,570,22.502639771,22.606399536,0.103759997,28.835880280,_;_;_;_;240;152;4;240;144;0;4
11,211,mh_fast,mh_ffn_fused_c128_project_g128_qkv_bytein_fb,block58,2160,256,4423680,22.607879639,22.758159637,0.150279999,28.835880280,_;_;_;_;_;34560;240;144;240;0;0
11,212,mh_fused,c128_attention_project_fb_bout_diag,block58,540,512,540,22.759519577,22.857200623,0.097680002,28.835880280,_;_;_;_;240;144;4;0;0;0;0
11,213,mh_fast,mh_ffn_fused_c128_project_mapped_g128_qkv_bytein_fb,block59,2356,256,4825088,22.858680725,23.017400742,0.158720002,28.835880280,_;_;_;_;_;37696;240;144;248;4;4
11,214,mh_fused,c128_attention_project_fb_bout_diag,block59,589,512,589,23.025680542,23.132160187,0.106480002,28.835880280,_;_;_;_;248;152;4;240;144;4;4
11,215,mh_fast,mh_ffn_fused_c128_project_mapped_g128_qkv_bytein_fb,block60,2232,256,4571136,23.133600235,23.293720245,0.160119995,28.835880280,_;_;_;_;_;35712;240;144;248;4;0
11,216,mh_fused,c128_attention_project_fb_bout_diag,block60,558,512,558,23.295080185,23.405399323,0.110320002,28.835880280,_;_;_;_;248;144;4;240;144;4;0
11,217,mh_fast,mh_ffn_fused_c128_project_mapped_g128_qkv_bytein_fb,block61,2280,256,4669440,23.406919479,23.553239822,0.146320000,28.835880280,_;_;_;_;_;36480;240;144;240;0;4
11,218,mh_fused,c128_attention_project_fb_diag,block61,570,512,570,23.560159683,23.671159744,0.111000001,28.835880280,_;_;_;_;240;152;0;240;144;0;4
11,219,deep_fast,decoder_project2x_h16w_byteout,block62,8640,32,2211840,23.672800064,23.826360703,0.153559998,28.835880280,_;_;_;_;240;144;480;288;128;64
11,220,mh_fast,mh_ffn_fused_c64_project_g128_qkv_bytein_fb,block62,8640,128,8847360,23.828039169,24.007879257,0.179839998,28.835880280,_;_;_;_;_;138240;480;288;480;0;0
11,221,mh_fused,c64_attention_project_fb_bout_diag,block62,2160,256,2160,24.009279251,24.142879486,0.133599997,28.835880280,_;_;_;_;480;288;4;0;0;0;0
11,222,mh_fast,mh_ffn_fused_c64_project_mapped_g128_qkv_bytein_fb,block63,9028,128,9244672,24.144279480,24.360799789,0.216519997,28.835880280,_;_;_;_;_;144448;480;288;488;4;4
11,223,mh_fused,c64_attention_project_fb_bout_diag,block63,2257,256,2257,24.362199783,24.526239395,0.164039999,28.835880280,_;_;_;_;488;296;4;480;288;4;4
11,224,mh_fast,mh_ffn_fused_c64_project_mapped_g128_qkv_bytein_fb,block64,8784,128,8994816,24.527679443,24.737600327,0.209920004,28.835880280,_;_;_;_;_;140544;480;288;488;4;0
11,225,mh_fused,c64_attention_project_fb_bout_diag,block64,2196,256,2196,24.739040375,24.897079468,0.158040002,28.835880280,_;_;_;_;488;288;4;480;288;4;0
11,226,mh_fast,mh_ffn_fused_c64_project_mapped_g128_qkv_bytein_fb,block65,8880,128,9093120,24.898599625,25.110279083,0.211679995,28.835880280,_;_;_;_;_;142080;480;288;480;0;4
11,227,mh_fused,c64_attention_project_fb_diag,block65,2220,256,2220,25.111679077,25.278400421,0.166720003,28.835880280,_;_;_;_;480;296;0;480;288;0;4
11,228,deep_fast,decoder_project2x_h16w,block69,17280,32,4423680,25.280040741,25.620880127,0.340840012,28.835880280,_;_;_;_;480;288;960;576;64;32
11,229,c32_fused_ffn,c32_fast_ffn_attention_fused_half_mapped,block69,8640,128,8640,25.623880386,26.022779465,0.398900002,28.835880280,_;_;_;_;8640;0;1;960;576;0;0
11,230,c32_fused_ffn,c32_fast_ffn_attention_fused_half_chain,block69,8833,128,8833,26.024259567,26.410680771,0.386420012,28.835880280,_;_;_;_;8833;3;1;960;576;4;4;960;0;0
11,231,c32_fused_ffn,c32_fast_ffn_attention_fused_half_chain,block69,8712,128,8712,26.412200928,26.794679642,0.382479995,28.835880280,_;_;_;_;8712;3;1;960;576;4;0;968;4;4
11,232,c32_fused_ffn,c32_fast_ffn_attention_fused_half_chain_finish,block69,8760,128,8760,26.796279907,27.210279465,0.414000005,28.835880280,_;_;_;_;_;8760;3;1;960;576;0;4;968;4;0
11,233,c32_fused_ffn,c32_post_merge_head_half,block70,34945,128,34945,27.211879730,28.772579193,1.560700059,28.835880280,_;_;_;_;_;_;_;_;34945;1920;1152;4;4;_
12,0,c32_fused_ffn,c32_fast_ffn_attention_fused_half_prefix_finish_main8,pre-down,34560,128,34560,0.004440000,1.569120049,1.564679980,27.918100357,_;_;_;_;_;_;34560;0;1;1920;1152;0;0
12,1,c32_fused_ffn,c32_fast_ffn_attention_fused_half_mapped,block4,8640,128,8640,1.570680022,1.970559955,0.399879992,27.918100357,_;_;_;_;8640;0;1;960;576;0;0
12,2,c32_fused_ffn,c32_fast_ffn_attention_fused_half_chain,block4,8833,128,8833,1.971959949,2.351959944,0.379999995,27.918100357,_;_;_;_;8833;3;1;960;576;4;4;960;0;0
12,3,c32_fused_ffn,c32_fast_ffn_attention_fused_half_chain,block4,8712,128,8712,2.353480101,2.724960089,0.371479988,27.918100357,_;_;_;_;8712;3;1;960;576;4;0;968;4;4
12,4,c32_fused_ffn,c32_fast_ffn_attention_fused_half_chain_finish_dcrop,block4,8760,128,8760,2.726520061,3.149240017,0.422719985,27.918100357,_;_;_;_;_;8760;3;1;960;576;0;4;968;4;0
12,5,mh_fast,mh_pool_project_production_h16w,block5,34560,32,8847360,3.150840044,3.249599934,0.098760001,27.918100357,_;_;_;480;288;0;0;32
12,6,mh_fast,mh_ffn_fused_c64_project_g128_qkv_fb,block5,8640,128,8847360,3.256560087,3.441040039,0.184479997,27.918100357,_;_;_;_;_;138240;480;288;480;0;0
12,7,mh_fused,c64_attention_project_fb_bout_diag,block5,2160,256,2160,3.442399979,3.579360008,0.136960000,27.918100357,_;_;_;_;480;288;4;0;0;0;0
12,8,mh_fast,mh_ffn_fused_c64_project_mapped_g128_qkv_bytein_fb,block6,9028,128,9244672,3.580760002,3.792399883,0.211640000,27.918100357,_;_;_;_;_;144448;480;288;488;4;4
12,9,mh_fused,c64_attention_project_fb_bout_diag,block6,2257,256,2257,3.793800116,3.947999954,0.154200003,27.918100357,_;_;_;_;488;296;4;480;288;4;4
12,10,mh_fast,mh_ffn_fused_c64_project_mapped_g128_qkv_bytein_fb,block7,8784,128,8994816,3.949440002,4.155399799,0.205960006,27.918100357,_;_;_;_;_;140544;480;288;488;4;0
12,11,mh_fused,c64_attention_project_fb_bout_diag,block7,2196,256,2196,4.156760216,4.309720039,0.152960002,27.918100357,_;_;_;_;488;288;4;480;288;4;0
12,12,mh_fast,mh_ffn_fused_c64_project_mapped_g128_qkv_bytein_fb,block8,8880,128,9093120,4.311200142,4.519559860,0.208360001,27.918100357,_;_;_;_;_;142080;480;288;480;0;4
12,13,mh_fused,c64_attention_project_fb_diag,block8,2220,256,2220,4.520919800,4.675519943,0.154599994,27.918100357,_;_;_;_;480;296;3;480;288;0;4
12,14,mh_fast,mh_pool_project_group_c64,block9,2160,64,4423680,4.677040100,4.773759842,0.096720003,27.918100357,_;_;_;240;144;480;0;0
12,15,mh_fast,mh_ffn_fused_c128_project_g128_qkv_fb,block9,2160,256,4423680,4.777760029,4.927440166,0.149680004,27.918100357,_;_;_;_;_;34560;240;144;240;0;0
12,16,mh_fused,c128_attention_project_fb_bout_diag,block9,540,512,540,4.928800106,5.024199963,0.095399998,27.918100357,_;_;_;_;240;144;4;0;0;0;0
12,17,mh_fast,mh_ffn_fused_c128_project_mapped_g128_qkv_bytein_fb,block10,2356,256,4825088,5.025640011,5.181280136,0.155640006,27.918100357,_;_;_;_;_;37696;240;144;248;4;4
12,18,mh_fused,c128_attention_project_fb_bout_diag,block10,589,512,589,5.189839840,5.272319794,0.082479998,27.918100357,_;_;_;_;248;152;4;240;144;4;4
12,19,mh_fast,mh_ffn_fused_c128_project_mapped_g128_qkv_bytein_fb,block11,2232,256,4571136,5.273759842,5.432879925,0.159119993,27.918100357,_;_;_;_;_;35712;240;144;248;4;0
12,20,mh_fused,c128_attention_project_fb_bout_diag,block11,558,512,558,5.434279919,5.540679932,0.106399998,27.918100357,_;_;_;_;248;144;4;240;144;4;0
12,21,mh_fast,mh_ffn_fused_c128_project_mapped_g128_qkv_bytein_fb,block12,2280,256,4669440,5.542200089,5.693999767,0.151800007,27.918100357,_;_;_;_;_;36480;240;144;240;0;4
12,22,mh_fused,c128_attention_project_fb_bout_diag,block12,570,512,570,5.700839996,5.805399895,0.104560003,27.918100357,_;_;_;_;240;152;4;240;144;0;4
12,23,mh_fast,mh_ffn_fused_c128_project_g128_qkv_bytein_fb,block13,2160,256,4423680,5.806839943,5.953879833,0.147039995,27.918100357,_;_;_;_;_;34560;240;144;240;0;0
12,24,mh_fused,c128_attention_project_fb_bout_diag,block13,540,512,540,5.955200195,6.049799919,0.094599999,27.918100357,_;_;_;_;240;144;4;0;0;0;0
12,25,mh_fast,mh_ffn_fused_c128_project_mapped_g128_qkv_bytein_fb,block14,2356,256,4825088,6.051320076,6.201680183,0.150360003,27.918100357,_;_;_;_;_;37696;240;144;248;4;4
12,26,mh_fused,c128_attention_project_fb_diag,block14,589,512,589,6.315919876,6.316359997,0.000440000,27.918100357,_;_;_;_;248;152;3;240;144;4;4
12,27,mh_fast,mh_pool_project_group_c128,block15,540,128,2211840,6.317840099,6.385839939,0.068000004,27.918100357,_;_;_;120;72;240;0;0
12,28,mh_fast,mh_ffn_fused_c256_frag_project_g128_qkv_fb,block15,540,512,2211840,6.388559818,6.505360126,0.116800003,27.918100357,_;_;_;_;_;8640;120;72;120;0;0
12,29,mh_fused,c256_attention_project_fb_bout_diag,block15,135,512,135,6.506840229,6.592080116,0.085239999,27.918100357,_;_;_;_;120;72;4;0;0;0;0
12,30,mh_fast,mh_ffn_fused_c256_frag_project_mapped_g128_qkv_bytein_fb,block16,640,512,2621440,6.593800068,6.721920013,0.128120005,27.918100357,_;_;_;_;_;10240;120;72;128;4;4
12,31,mh_fused,c256_attention_project_fb_bout_diag,block16,160,512,160,6.723279953,6.816120148,0.092840001,27.918100357,_;_;_;_;128;80;4;120;72;4;4
12,32,mh_fast,mh_ffn_fused_c256_frag_project_mapped_g128_qkv_bytein_fb,block17,576,512,2359296,6.817840099,6.948239803,0.130400002,27.918100357,_;_;_;_;_;9216;120;72;128;4;0
12,33,mh_fused,c256_attention_project_fb_bout_diag,block17,144,512,144,6.949719906,7.040880203,0.091159999,27.918100357,_;_;_;_;128;72;4;120;72;4;0
12,34,mh_fast,mh_ffn_fused_c256_frag_project_mapped_g128_qkv_bytein_fb,block18,600,512,2457600,7.042640209,7.166880131,0.124240004,27.918100357,_;_;_;_;_;9600;120;72;120;0;4
12,35,mh_fused,c256_attention_project_fb_bout_diag,block18,150,512,150,7.168240070,7.260879993,0.092639998,27.918100357,_;_;_;_;120;80;4;120;72;0;4
12,36,mh_fast,mh_ffn_fused_c256_frag_project_g128_qkv_bytein_fb,block19,540,512,2211840,7.262680054,7.386519909,0.123839997,27.918100357,_;_;_;_;_;8640;120;72;120;0;0
12,37,mh_fused,c256_attention_project_fb_bout_diag,block19,135,512,135,7.387919903,7.474199772,0.086280003,27.918100357,_;_;_;_;120;72;4;0;0;0;0
12,38,mh_fast,mh_ffn_fused_c256_frag_project_mapped_g128_qkv_bytein_fb,block20,640,512,2621440,7.475679874,7.605959892,0.130280003,27.918100357,_;_;_;_;_;10240;120;72;128;4;4
12,39,mh_fused,c256_attention_project_fb_bout_diag,block20,160,512,160,7.607359886,7.700839996,0.093479998,27.918100357,_;_;_;_;128;80;4;120;72;4;4
12,40,mh_fast,mh_ffn_fused_c256_frag_project_mapped_g128_qkv_bytein_fb,block21,576,512,2359296,7.702680111,7.834720135,0.132039994,27.918100357,_;_;_;_;_;9216;120;72;128;4;0
12,41,mh_fused,c256_attention_project_fb_bout_diag,block21,144,512,144,7.836239815,7.926839828,0.090599999,27.918100357,_;_;_;_;128;72;4;120;72;4;0
12,42,mh_fast,mh_ffn_fused_c256_frag_project_mapped_g128_qkv_bytein_fb,block22,600,512,2457600,7.928639889,8.054439545,0.125799999,27.918100357,_;_;_;_;_;9600;120;72;120;0;4
12,43,mh_fused,c256_attention_project_fb_diag,block22,150,512,150,8.055800438,8.152959824,0.097159997,27.918100357,_;_;_;_;120;80;3;120;72;0;4
12,44,mh_fast,mh_pool_project_group_c256,block23,135,256,1105920,8.154999733,8.215680122,0.060679998,27.918100357,_;_;_;60;36;120;0;0
12,45,mh,mh_shift_pack,block23,5120,256,1310720,8.219320297,8.286919594,0.067599997,27.918100357,_;_;60;36;64;40;0;0;512;0
12,46,deep_fast,split_mix_blocked_h16w,block23,1280,32,1310720,8.293120384,8.367480278,0.074359998,27.918100357,_;_;_;2560
12,47,deep_fast,split_ffn_fused_fp8_t8,block23,1280,128,1310720,8.436320305,8.436800003,0.000480000,27.918100357,_;_;_;_;2560
12,48,deep_fast,split_projection_frag,block23,1280,32,1310720,8.472640038,8.473119736,0.000480000,27.918100357,_;_;_;_;_;2560
12,49,mh_fast,mh_qkv_normalize_frag_c512,block23,3840,32,3932160,8.477479935,8.560480118,0.082999997,27.918100357,_;_;_;2560
12,50,mh_fused,mh_attention_fused_fp8_out,block23,640,128,640,8.561920166,8.618840218,0.056919999,27.918100357,_;_;_;64;40;512
12,51,mh_fast,mh_attention_project_frag_c512,block23,1280,32,1310720,8.697719574,8.698320389,0.000600000,27.918100357,_;_;_;_;2560;0;60;36;64;0;0
12,52,mh,mh_shift_pack,block24,5120,256,1310720,8.755800247,8.756159782,0.000360000,27.918100357,_;_;60;36;64;40;4;4;512;0
12,53,deep_fast,split_mix_blocked_h16w,block24,1280,32,1310720,8.763520241,8.812080383,0.048560001,27.918100357,_;_;_;2560
12,54,deep_fast,split_ffn_fused_fp8_t8,block24,1280,128,1310720,8.815839767,8.877880096,0.062040001,27.918100357,_;_;_;_;2560
12,55,deep_fast,split_projection_frag,block24,1280,32,1310720,8.936240196,8.936800003,0.000560000,27.918100357,_;_;_;_;_;2560
12,56,mh_fast,mh_qkv_normalize_frag_c512,block24,3840,32,3932160,9.018639565,9.019000053,0.000360000,27.918100357,_;_;_;2560
12,57,mh_fused,mh_attention_fused_fp8_out,block24,640,128,640,9.023119926,9.058400154,0.035280000,27.918100357,_;_;_;64;40;512
12,58,mh_fast,mh_attention_project_frag_c512,block24,1280,32,1310720,9.059880257,9.125840187,0.065959997,27.918100357,_;_;_;_;2560;0;60;36;64;4;4
12,59,mh,mh_shift_pack,block25,5120,256,1310720,9.129599571,9.192799568,0.063199997,27.918100357,_;_;60;36;64;40;4;0;512;0
12,60,deep_fast,split_mix_blocked_h16w,block25,1280,32,1310720,9.201999664,9.248519897,0.046519998,27.918100357,_;_;_;2560
12,61,deep_fast,split_ffn_fused_fp8_t8,block25,1280,128,1310720,9.312080383,9.312520027,0.000440000,27.918100357,_;_;_;_;2560
12,62,deep_fast,split_projection_frag,block25,1280,32,1310720,9.344200134,9.344679832,0.000480000,27.918100357,_;_;_;_;_;2560
12,63,mh_fast,mh_qkv_normalize_frag_c512,block25,3840,32,3932160,9.348999977,9.431799889,0.082800001,27.918100357,_;_;_;2560
12,64,mh_fused,mh_attention_fused_fp8_out,block25,640,128,640,9.433159828,9.490280151,0.057119999,27.918100357,_;_;_;64;40;512
12,65,mh_fast,mh_attention_project_frag_c512,block25,1280,32,1310720,9.564479828,9.565079689,0.000600000,27.918100357,_;_;_;_;2560;0;60;36;64;4;0
12,66,mh,mh_shift_pack,block26,5120,256,1310720,9.623519897,9.624039650,0.000520000,27.918100357,_;_;60;36;64;40;0;4;512;0
12,67,deep_fast,split_mix_blocked_h16w,block26,1280,32,1310720,9.631679535,9.702960014,0.071280003,27.918100357,_;_;_;2560
12,68,deep_fast,split_ffn_fused_fp8_t8,block26,1280,128,1310720,9.772319794,9.772680283,0.000360000,27.918100357,_;_;_;_;2560
12,69,deep_fast,split_projection_frag,block26,1280,32,1310720,9.806839943,9.807399750,0.000560000,27.918100357,_;_;_;_;_;2560
12,70,mh_fast,mh_qkv_normalize_frag_c512,block26,3840,32,3932160,9.811759949,9.894920349,0.083159998,27.918100357,_;_;_;2560
12,71,mh_fused,mh_attention_fused_fp8_out,block26,640,128,640,9.896320343,9.952520370,0.056200001,27.918100357,_;_;_;64;40;512
12,72,mh_fast,mh_attention_project_frag_c512,block26,1280,32,1310720,10.019920349,10.020440102,0.000520000,27.918100357,_;_;_;_;2560;0;60;36;64;0;4
12,73,mh,mh_shift_pack,block27,5120,256,1310720,10.024120331,10.078800201,0.054680001,27.918100357,_;_;60;36;64;40;0;0;512;0
12,74,deep_fast,split_mix_blocked_h16w,block27,1280,32,1310720,10.085280418,10.134920120,0.049640000,27.918100357,_;_;_;2560
12,75,deep_fast,split_ffn_fused_fp8_t8,block27,1280,128,1310720,10.138680458,10.204199791,0.065520003,27.918100357,_;_;_;_;2560
12,76,deep_fast,split_projection_frag,block27,1280,32,1310720,10.205639839,10.264840126,0.059200000,27.918100357,_;_;_;_;_;2560
12,77,mh_fast,mh_qkv_normalize_frag_c512,block27,3840,32,3932160,10.269240379,10.348640442,0.079400003,27.918100357,_;_;_;2560
12,78,mh_fused,mh_attention_fused_fp8_out,block27,640,128,640,10.351280212,10.387080193,0.035799999,27.918100357,_;_;_;64;40;512
12,79,mh_fast,mh_attention_project_frag_c512,block27,1280,32,1310720,10.388520241,10.454560280,0.066040002,27.918100357,_;_;_;_;2560;0;60;36;64;0;0
12,80,mh,mh_shift_pack,block28,5120,256,1310720,10.458319664,10.515040398,0.056720000,27.918100357,_;_;60;36;64;40;4;4;512;0
12,81,deep_fast,split_mix_blocked_h16w,block28,1280,32,1310720,10.522680283,10.593199730,0.070519999,27.918100357,_;_;_;2560
12,82,deep_fast,split_ffn_fused_fp8_t8,block28,1280,128,1310720,10.596960068,10.664679527,0.067720003,27.918100357,_;_;_;_;2560
12,83,deep_fast,split_projection_frag,block28,1280,32,1310720,10.666080475,10.723799706,0.057720002,27.918100357,_;_;_;_;_;2560
12,84,mh_fast,mh_qkv_normalize_frag_c512,block28,3840,32,3932160,10.728119850,10.808079720,0.079960003,27.918100357,_;_;_;2560
12,85,mh_fused,mh_attention_fused_fp8_out,block28,640,128,640,10.810759544,10.849200249,0.038440000,27.918100357,_;_;_;64;40;512
12,86,mh_fast,mh_attention_project_frag_c512,block28,1280,32,1310720,10.850680351,10.917480469,0.066799998,27.918100357,_;_;_;_;2560;0;60;36;64;4;4
12,87,mh,mh_shift_pack,block29,5120,256,1310720,10.921239853,10.977319717,0.056079999,27.918100357,_;_;60;36;64;40;4;0;512;0
12,88,deep_fast,split_mix_blocked_h16w,block29,1280,32,1310720,10.983799934,11.035200119,0.051399998,27.918100357,_;_;_;2560
12,89,deep_fast,split_ffn_fused_fp8_t8,block29,1280,128,1310720,11.038920403,11.106559753,0.067639999,27.918100357,_;_;_;_;2560
12,90,deep_fast,split_projection_frag,block29,1280,32,1310720,11.108079910,11.166319847,0.058240000,27.918100357,_;_;_;_;_;2560
12,91,mh_fast,mh_qkv_normalize_frag_c512,block29,3840,32,3932160,11.170720100,11.250120163,0.079400003,27.918100357,_;_;_;2560
12,92,mh_fused,mh_attention_fused_fp8_out,block29,640,128,640,11.252880096,11.288920403,0.036040001,27.918100357,_;_;_;64;40;512
12,93,mh_fast,mh_attention_project_frag_c512,block29,1280,32,1310720,11.290360451,11.356679916,0.066320002,27.918100357,_;_;_;_;2560;0;60;36;64;4;0
12,94,mh,mh_shift_pack,block30,5120,256,1310720,11.360440254,11.416839600,0.056400001,27.918100357,_;_;60;36;64;40;0;4;512;0
12,95,deep_fast,split_mix_blocked_h16w,block30,1280,32,1310720,11.424559593,11.496959686,0.072400004,27.918100357,_;_;_;2560
12,96,deep_fast,split_ffn_fused_fp8_t8,block30,1280,128,1310720,11.500679970,11.568280220,0.067599997,27.918100357,_;_;_;_;2560
12,97,deep_fast,split_projection_frag,block30,1280,32,1310720,11.569840431,11.627799988,0.057960000,27.918100357,_;_;_;_;_;2560
12,98,mh_fast,mh_qkv_normalize_frag_c512,block30,3840,32,3932160,11.632200241,11.713680267,0.081479996,27.918100357,_;_;_;2560
12,99,mh_fused,mh_attention_fused_fp8_out,block30,640,128,640,11.715040207,11.785479546,0.070440002,27.918100357,_;_;_;64;40;512
12,100,mh_fast,mh_attention_project_frag_c512,block30,1280,32,1310720,11.786919594,11.862199783,0.075280003,27.918100357,_;_;_;_;2560;3;60;36;64;0;4
12,101,mh,mh_pool,head,1280,256,327680,11.865920067,11.916640282,0.050719999,27.918100357,_;_;32;20;60;30;18;512
12,102,mh_fast,mh_pool_project_production_h16w,head,2560,32,655360,11.921879768,12.058959961,0.137079999,27.918100357,_;_;_;32;20;30;18;512
12,103,deep,vit_gather,block31,2560,256,655360,12.060799599,12.095199585,0.034400001,27.918100357,_;_;_;655360
12,104,deep_fast,vit_pack_input,block31,640,256,163840,12.100480080,12.126919746,0.026440000,27.918100357,_;_;655360
12,105,deep_fast,vit_expand_blocked_fp8_frag_bytein,block31,2560,32,2621440,12.133040428,12.212559700,0.079520002,27.918100357,_;_;_;640;1024;4096
12,106,deep_fast,vit_contract_blocked_fp8_frag,block31,640,32,655360,12.214240074,12.308799744,0.094559997,27.918100357,_;_;_;_;640;4096;1024
12,107,deep_fast,vit_qkv_project_normalize_fused_f16compact_fp8_frag,block31,3840,32,1966080,12.311599731,12.425559998,0.113959998,27.918100357,_;_;_;640
12,108,deep_fast,vit_attention_fused_640_bytein,block31,1280,32,327680,12.427280426,12.525839806,0.098559998,27.918100357,_;_;640
12,109,deep_fast,vit_project_frag,block31,2560,32,655360,12.528599739,12.640520096,0.111919999,27.918100357,_;_;_;_;640;1024;1024
12,110,deep_fast,vit_pack_input,block32,640,256,163840,12.642519951,12.689359665,0.046840001,27.918100357,_;_;655360
12,111,deep_fast,vit_expand_blocked_fp8_frag_bytein,block32,2560,32,2621440,12.694199562,12.772959709,0.078759998,27.918100357,_;_;_;640;1024;4096
12,112,deep_fast,vit_contract_blocked_fp8_frag,block32,640,32,655360,12.774680138,12.860520363,0.085840002,27.918100357,_;_;_;_;640;4096;1024
12,113,deep_fast,vit_qkv_project_normalize_fused_f16compact_fp8_frag,block32,3840,32,1966080,12.863240242,12.977840424,0.114600003,27.918100357,_;_;_;640
12,114,deep_fast,vit_attention_fused_640_bytein,block32,1280,32,327680,12.979559898,13.078280449,0.098719999,27.918100357,_;_;640
12,115,deep_fast,vit_project_frag,block32,2560,32,655360,13.081040382,13.194600105,0.113559999,27.918100357,_;_;_;_;640;1024;1024
12,116,deep_fast,vit_pack_input,block33,640,256,163840,13.196599960,13.244959831,0.048360001,27.918100357,_;_;655360
12,117,deep_fast,vit_expand_blocked_fp8_frag_bytein,block33,2560,32,2621440,13.250920296,13.355079651,0.104160003,27.918100357,_;_;_;640;1024;4096
12,118,deep_fast,vit_contract_blocked_fp8_frag,block33,640,32,655360,13.356800079,13.436479568,0.079680003,27.918100357,_;_;_;_;640;4096;1024
12,119,deep_fast,vit_qkv_project_normalize_fused_f16compact_fp8_frag,block33,3840,32,1966080,13.439240456,13.557720184,0.118479997,27.918100357,_;_;_;640
12,120,deep_fast,vit_attention_fused_640_bytein,block33,1280,32,327680,13.559439659,13.657119751,0.097680002,27.918100357,_;_;640
12,121,deep_fast,vit_project_frag,block33,2560,32,655360,13.659839630,13.772040367,0.112199999,27.918100357,_;_;_;_;640;1024;1024
12,122,deep_fast,vit_pack_input,block34,640,256,163840,13.774120331,13.821760178,0.047640000,27.918100357,_;_;655360
12,123,deep_fast,vit_expand_blocked_fp8_frag_bytein,block34,2560,32,2621440,13.827839851,13.909319878,0.081479996,27.918100357,_;_;_;640;1024;4096
12,124,deep_fast,vit_contract_blocked_fp8_frag,block34,640,32,655360,13.911040306,13.996439934,0.085400000,27.918100357,_;_;_;_;640;4096;1024
12,125,deep_fast,vit_qkv_project_normalize_fused_f16compact_fp8_frag,block34,3840,32,1966080,13.999199867,14.112600327,0.113399997,27.918100357,_;_;_;640
12,126,deep_fast,vit_attention_fused_640_bytein,block34,1280,32,327680,14.114279747,14.212920189,0.098640002,27.918100357,_;_;640
12,127,deep_fast,vit_project_frag,block34,2560,32,655360,14.215680122,14.330599785,0.114919998,27.918100357,_;_;_;_;640;1024;1024
12,128,deep_fast,vit_pack_input,block35,640,256,163840,14.332719803,14.380800247,0.048080001,27.918100357,_;_;655360
12,129,deep_fast,vit_expand_blocked_fp8_frag_bytein,block35,2560,32,2621440,14.385600090,14.461239815,0.075640000,27.918100357,_;_;_;640;1024;4096
12,130,deep_fast,vit_contract_blocked_fp8_frag,block35,640,32,655360,14.462920189,14.548000336,0.085079998,27.918100357,_;_;_;_;640;4096;1024
12,131,deep_fast,vit_qkv_project_normalize_fused_f16compact_fp8_frag,block35,3840,32,1966080,14.550760269,14.667440414,0.116680004,27.918100357,_;_;_;640
12,132,deep_fast,vit_attention_fused_640_bytein,block35,1280,32,327680,14.669119835,14.768560410,0.099440001,27.918100357,_;_;640
12,133,deep_fast,vit_project_frag,block35,2560,32,655360,14.771320343,14.908880234,0.137559995,27.918100357,_;_;_;_;640;1024;1024
12,134,deep_fast,vit_pack_input,block36,640,256,163840,14.910920143,14.958880424,0.047959998,27.918100357,_;_;655360
12,135,deep_fast,vit_expand_blocked_fp8_frag_bytein,block36,2560,32,2621440,14.964960098,15.044440269,0.079480000,27.918100357,_;_;_;640;1024;4096
12,136,deep_fast,vit_contract_blocked_fp8_frag,block36,640,32,655360,15.046199799,15.132040024,0.085840002,27.918100357,_;_;_;_;640;4096;1024
12,137,deep_fast,vit_qkv_project_normalize_fused_f16compact_fp8_frag,block36,3840,32,1966080,15.134799957,15.248680115,0.113880001,27.918100357,_;_;_;640
12,138,deep_fast,vit_attention_fused_640_bytein,block36,1280,32,327680,15.250359535,15.348879814,0.098520003,27.918100357,_;_;640
12,139,deep_fast,vit_project_frag,block36,2560,32,655360,15.351599693,15.463080406,0.111479998,27.918100357,_;_;_;_;640;1024;1024
12,140,deep_fast,vit_pack_input,block37,640,256,163840,15.465080261,15.512559891,0.047479998,27.918100357,_;_;655360
12,141,deep_fast,vit_expand_blocked_fp8_frag_bytein,block37,2560,32,2621440,15.518679619,15.592080116,0.073399998,27.918100357,_;_;_;640;1024;4096
12,142,deep_fast,vit_contract_blocked_fp8_frag,block37,640,32,655360,15.593839645,15.679160118,0.085320003,27.918100357,_;_;_;_;640;4096;1024
12,143,deep_fast,vit_qkv_project_normalize_fused_f16compact_fp8_frag,block37,3840,32,1966080,15.681920052,15.796360016,0.114440002,27.918100357,_;_;_;640
12,144,deep_fast,vit_attention_fused_640_bytein,block37,1280,32,327680,15.798080444,15.897000313,0.098920003,27.918100357,_;_;640
12,145,deep_fast,vit_project_frag,block37,2560,32,655360,15.899720192,16.011199951,0.111479998,27.918100357,_;_;_;_;640;1024;1024
12,146,deep_fast,vit_pack_input,block38,640,256,163840,16.013280869,16.060840607,0.047559999,27.918100357,_;_;655360
12,147,deep_fast,vit_expand_blocked_fp8_frag_bytein,block38,2560,32,2621440,16.066959381,16.145879745,0.078919999,27.918100357,_;_;_;640;1024;4096
12,148,deep_fast,vit_contract_blocked_fp8_frag,block38,640,32,655360,16.147640228,16.232639313,0.085000001,27.918100357,_;_;_;_;640;4096;1024
12,149,deep_fast,vit_qkv_project_normalize_fused_f16compact_fp8_frag,block38,3840,32,1966080,16.235439301,16.349399567,0.113959998,27.918100357,_;_;_;640
12,150,deep_fast,vit_attention_fused_640_bytein,block38,1280,32,327680,16.351079941,16.452400208,0.101319999,27.918100357,_;_;640
12,151,deep_fast,vit_project_frag,block38,2560,32,655360,16.455160141,16.567520142,0.112360001,27.918100357,_;_;_;_;640;1024;1024
12,152,deep,vit_gather,block39,2560,256,655360,16.569639206,16.623199463,0.053560000,27.918100357,_;_;_;655360
12,153,deep_fast,decoder_project2x_h16w,block39,1280,32,327680,16.629919052,16.711160660,0.081239998,27.918100357,_;_;_;_;32;20;60;36;1024;512
12,154,mh,mh_shift_pack,block40,5120,256,1310720,16.714160919,16.770559311,0.056400001,27.918100357,_;_;60;36;64;40;0;0;512;0
12,155,deep_fast,split_mix_blocked_h16w,block40,1280,32,1310720,16.777160645,16.829320908,0.052159999,27.918100357,_;_;_;2560
12,156,deep_fast,split_ffn_fused_fp8_t8,block40,1280,128,1310720,16.833000183,16.901039124,0.068039998,27.918100357,_;_;_;_;2560
12,157,deep_fast,split_projection_frag,block40,1280,32,1310720,16.902479172,16.961080551,0.058600001,27.918100357,_;_;_;_;_;2560
12,158,mh_fast,mh_qkv_normalize_frag_c512,block40,3840,32,3932160,16.965440750,17.049560547,0.084119998,27.918100357,_;_;_;2560
12,159,mh_fused,mh_attention_fused_fp8_out,block40,640,128,640,17.050920486,17.113800049,0.062880002,27.918100357,_;_;_;64;40;512
12,160,mh_fast,mh_attention_project_frag_c512,block40,1280,32,1310720,17.115240097,17.190639496,0.075400002,27.918100357,_;_;_;_;2560;0;60;36;64;0;0
12,161,mh,mh_shift_pack,block41,5120,256,1310720,17.194360733,17.250719070,0.056359999,27.918100357,_;_;60;36;64;40;4;4;512;0
12,162,deep_fast,split_mix_blocked_h16w,block41,1280,32,1310720,17.257080078,17.329280853,0.072200000,27.918100357,_;_;_;2560
12,163,deep_fast,split_ffn_fused_fp8_t8,block41,1280,128,1310720,17.333000183,17.399919510,0.066919997,27.918100357,_;_;_;_;2560
12,164,deep_fast,split_projection_frag,block41,1280,32,1310720,17.401359558,17.459600449,0.058240000,27.918100357,_;_;_;_;_;2560
12,165,mh_fast,mh_qkv_normalize_frag_c512,block41,3840,32,3932160,17.463960648,17.543079376,0.079120003,27.918100357,_;_;_;2560
12,166,mh_fused,mh_attention_fused_fp8_out,block41,640,128,640,17.545759201,17.605880737,0.060120001,27.918100357,_;_;_;64;40;512
12,167,mh_fast,mh_attention_project_frag_c512,block41,1280,32,1310720,17.607280731,17.682319641,0.075039998,27.918100357,_;_;_;_;2560;0;60;36;64;4;4
12,168,mh,mh_shift_pack,block44,5120,256,1310720,17.686080933,17.741159439,0.055080000,27.918100357,_;_;60;36;64;40;0;0;512;0
12,169,deep_fast,split_mix_blocked_h16w,block44,1280,32,1310720,17.749000549,17.820600510,0.071599998,27.918100357,_;_;_;2560
12,170,deep_fast,split_ffn_fused_fp8_t8,block44,1280,128,1310720,17.824359894,17.892400742,0.068039998,27.918100357,_;_;_;_;2560
12,171,deep_fast,split_projection_frag,block44,1280,32,1310720,17.893880844,17.952440262,0.058559999,27.918100357,_;_;_;_;_;2560
12,172,mh_fast,mh_qkv_normalize_frag_c512,block44,3840,32,3932160,17.956760406,18.035720825,0.078960001,27.918100357,_;_;_;2560
12,173,mh_fused,mh_attention_fused_fp8_out,block44,640,128,640,18.038360596,18.074480057,0.036120001,27.918100357,_;_;_;64;40;512
12,174,mh_fast,mh_attention_project_frag_c512,block44,1280,32,1310720,18.075920105,18.144319534,0.068400003,27.918100357,_;_;_;_;2560;0;60;36;64;0;0
12,175,mh,mh_shift_pack,block45,5120,256,1310720,18.148040771,18.204399109,0.056359999,27.918100357,_;_;60;36;64;40;4;4;512;0
12,176,deep_fast,split_mix_blocked_h16w,block45,1280,32,1310720,18.212039948,18.284439087,0.072400004,27.918100357,_;_;_;2560
12,177,deep_fast,split_ffn_fused_fp8_t8,block45,1280,128,1310720,18.288120270,18.355400085,0.067280002,27.918100357,_;_;_;_;2560
12,178,deep_fast,split_projection_frag,block45,1280,32,1310720,18.356880188,18.408800125,0.051920000,27.918100357,_;_;_;_;_;2560
12,179,mh_fast,mh_qkv_normalize_frag_c512,block45,3840,32,3932160,18.413160324,18.493480682,0.080320001,27.918100357,_;_;_;2560
12,180,mh_fused,mh_attention_fused_fp8_out,block45,640,128,640,18.496080399,18.561080933,0.064999998,27.918100357,_;_;_;64;40;512
12,181,mh_fast,mh_attention_project_frag_c512,block45,1280,32,1310720,18.562480927,18.636920929,0.074440002,27.918100357,_;_;_;_;2560;0;60;36;64;4;4
12,182,mh,mh_shift_pack,block47,5120,256,1310720,18.640680313,18.699279785,0.058600001,27.918100357,_;_;60;36;64;40;0;4;512;0
12,183,deep_fast,split_mix_blocked_h16w,block47,1280,32,1310720,18.706640244,18.778799057,0.072159998,27.918100357,_;_;_;2560
12,184,deep_fast,split_ffn_fused_fp8_t8,block47,1280,128,1310720,18.782520294,18.850639343,0.068120003,27.918100357,_;_;_;_;2560
12,185,deep_fast,split_projection_frag,block47,1280,32,1310720,18.852119446,18.910600662,0.058479998,27.918100357,_;_;_;_;_;2560
12,186,mh_fast,mh_qkv_normalize_frag_c512,block47,3840,32,3932160,18.915000916,18.994159698,0.079159997,27.918100357,_;_;_;2560
12,187,mh_fused,mh_attention_fused_fp8_out,block47,640,128,640,18.995559692,19.059719086,0.064159997,27.918100357,_;_;_;64;40;512
12,188,mh_fast,mh_attention_project_frag_c512,block47,1280,32,1310720,19.061119080,19.136480331,0.075360000,27.918100357,_;_;_;_;2560;0;60;36;64;0;4
12,189,deep_fast,decoder_project2x_h16w_byteout,block48,2160,32,552960,19.140239716,19.235200882,0.094959997,27.918100357,_;_;_;_;60;36;120;72;512;256
12,190,mh_fast,mh_ffn_fused_c256_frag_project_g128_qkv_bytein_fb,block48,540,512,2211840,19.236799240,19.357200623,0.120399997,27.918100357,_;_;_;_;_;8640;120;72;120;0;0
12,191,mh_fused,c256_attention_project_fb_bout_diag,block48,135,512,135,19.358640671,19.447320938,0.088679999,27.918100357,_;_;_;_;120;72;0;0;0;0;0
12,192,mh_fast,mh_ffn_fused_c256_frag_project_mapped_g128_qkv_bytein_fb,block49,640,512,2621440,19.448879242,19.574039459,0.125159994,27.918100357,_;_;_;_;_;10240;120;72;128;4;4
12,193,mh_fused,c256_attention_project_fb_bout_diag,block49,160,512,160,19.576799393,19.672040939,0.095239997,27.918100357,_;_;_;_;128;80;4;120;72;4;4
12,194,mh_fast,mh_ffn_fused_c256_frag_project_mapped_g128_qkv_bytein_fb,block50,576,512,2359296,19.673759460,19.803880692,0.130119994,27.918100357,_;_;_;_;_;9216;120;72;128;4;0
12,195,mh_fused,c256_attention_project_fb_bout_diag,block50,144,512,144,19.805440903,19.897680283,0.092239998,27.918100357,_;_;_;_;128;72;4;120;72;4;0
12,196,mh_fast,mh_ffn_fused_c256_frag_project_mapped_g128_qkv_bytein_fb,block51,600,512,2457600,19.899360657,20.020080566,0.120719999,27.918100357,_;_;_;_;_;9600;120;72;120;0;4
12,197,mh_fused,c256_attention_project_fb_bout_diag,block51,150,512,150,20.022720337,20.118360519,0.095640004,27.918100357,_;_;_;_;120;80;4;120;72;0;4
12,198,mh_fast,mh_ffn_fused_c256_frag_project_g128_qkv_bytein_fb,block52,540,512,2211840,20.120040894,20.239400864,0.119360000,27.918100357,_;_;_;_;_;8640;120;72;120;0;0
12,199,mh_fused,c256_attention_project_fb_bout_diag,block52,135,512,135,20.240840912,20.327320099,0.086479999,27.918100357,_;_;_;_;120;72;4;0;0;0;0
12,200,mh_fast,mh_ffn_fused_c256_frag_project_mapped_g128_qkv_bytein_fb,block53,640,512,2621440,20.328840256,20.457639694,0.128800005,27.918100357,_;_;_;_;_;10240;120;72;128;4;4
12,201,mh_fused,c256_attention_project_fb_bout_diag,block53,160,512,160,20.459039688,20.553600311,0.094559997,27.918100357,_;_;_;_;128;80;4;120;72;4;4
12,202,mh_fast,mh_ffn_fused_c256_frag_project_mapped_g128_qkv_bytein_fb,block54,576,512,2359296,20.555400848,20.685560226,0.130160004,27.918100357,_;_;_;_;_;9216;120;72;128;4;0
12,203,mh_fused,c256_attention_project_fb_bout_diag,block54,144,512,144,20.687160492,20.778760910,0.091600001,27.918100357,_;_;_;_;128;72;4;120;72;4;0
12,204,mh_fast,mh_ffn_fused_c256_frag_project_mapped_g128_qkv_bytein_fb,block55,600,512,2457600,20.780479431,20.903320312,0.122840002,27.918100357,_;_;_;_;_;9600;120;72;120;0;4
12,205,mh_fused,c256_attention_project_fb_diag,block55,150,512,150,20.905920029,21.005039215,0.099119999,27.918100357,_;_;_;_;120;80;0;120;72;0;4
12,206,deep_fast,decoder_project2x_h16w_byteout,block56,4320,32,1105920,21.007200241,21.121959686,0.114759997,27.918100357,_;_;_;_;120;72;240;144;256;128
12,207,mh_fast,mh_ffn_fused_c128_project_mapped_g128_qkv_bytein_fb,block56,2232,256,4571136,21.123600006,21.277559280,0.153960004,27.918100357,_;_;_;_;_;35712;240;144;248;4;0
12,208,mh_fused,c128_attention_project_fb_bout_diag,block56,558,512,558,21.278959274,21.387639999,0.108680002,27.918100357,_;_;_;_;248;144;4;240;144;4;0
12,209,mh_fast,mh_ffn_fused_c128_project_mapped_g128_qkv_bytein_fb,block57,2280,256,4669440,21.389240265,21.536079407,0.146840006,27.918100357,_;_;_;_;_;36480;240;144;240;0;4
12,210,mh_fused,c128_attention_project_fb_bout_diag,block57,570,512,570,21.544279099,21.649919510,0.105640002,27.918100357,_;_;_;_;240;152;4;240;144;0;4
12,211,mh_fast,mh_ffn_fused_c128_project_g128_qkv_bytein_fb,block58,2160,256,4423680,21.651399612,21.795759201,0.144360006,27.918100357,_;_;_;_;_;34560;240;144;240;0;0
12,212,mh_fused,c128_attention_project_fb_bout_diag,block58,540,512,540,21.797079086,21.897640228,0.100560002,27.918100357,_;_;_;_;240;144;4;0;0;0;0
12,213,mh_fast,mh_ffn_fused_c128_project_mapped_g128_qkv_bytein_fb,block59,2356,256,4825088,21.899120331,22.050800323,0.151679993,27.918100357,_;_;_;_;_;37696;240;144;248;4;4
12,214,mh_fused,c128_attention_project_fb_bout_diag,block59,589,512,589,22.059000015,22.167480469,0.108479999,27.918100357,_;_;_;_;248;152;4;240;144;4;4
12,215,mh_fast,mh_ffn_fused_c128_project_mapped_g128_qkv_bytein_fb,block60,2232,256,4571136,22.168920517,22.323520660,0.154599994,27.918100357,_;_;_;_;_;35712;240;144;248;4;0
12,216,mh_fused,c128_attention_project_fb_bout_diag,block60,558,512,558,22.324920654,22.434520721,0.109600000,27.918100357,_;_;_;_;248;144;4;240;144;4;0
12,217,mh_fast,mh_ffn_fused_c128_project_mapped_g128_qkv_bytein_fb,block61,2280,256,4669440,22.436040878,22.585840225,0.149800003,27.918100357,_;_;_;_;_;36480;240;144;240;0;4
12,218,mh_fused,c128_attention_project_fb_diag,block61,570,512,570,22.593080521,22.705520630,0.112439997,27.918100357,_;_;_;_;240;152;0;240;144;0;4
12,219,deep_fast,decoder_project2x_h16w_byteout,block62,8640,32,2211840,22.707199097,22.862640381,0.155440003,27.918100357,_;_;_;_;240;144;480;288;128;64
12,220,mh_fast,mh_ffn_fused_c64_project_g128_qkv_bytein_fb,block62,8640,128,8847360,22.864280701,23.047760010,0.183479995,27.918100357,_;_;_;_;_;138240;480;288;480;0;0
12,221,mh_fused,c64_attention_project_fb_bout_diag,block62,2160,256,2160,23.049160004,23.182239532,0.133080006,27.918100357,_;_;_;_;480;288;4;0;0;0;0
12,222,mh_fast,mh_ffn_fused_c64_project_mapped_g128_qkv_bytein_fb,block63,9028,128,9244672,23.183639526,23.400239944,0.216600001,27.918100357,_;_;_;_;_;144448;480;288;488;4;4
12,223,mh_fused,c64_attention_project_fb_bout_diag,block63,2257,256,2257,23.401679993,23.562160492,0.160479993,27.918100357,_;_;_;_;488;296;4;480;288;4;4
12,224,mh_fast,mh_ffn_fused_c64_project_mapped_g128_qkv_bytein_fb,block64,8784,128,8994816,23.563640594,23.774560928,0.210920006,27.918100357,_;_;_;_;_;140544;480;288;488;4;0
12,225,mh_fused,c64_attention_project_fb_bout_diag,block64,2196,256,2196,23.775960922,23.932920456,0.156959996,27.918100357,_;_;_;_;488;288;4;480;288;4;0
12,226,mh_fast,mh_ffn_fused_c64_project_mapped_g128_qkv_bytein_fb,block65,8880,128,9093120,23.934400558,24.144960403,0.210559994,27.918100357,_;_;_;_;_;142080;480;288;480;0;4
12,227,mh_fused,c64_attention_project_fb_diag,block65,2220,256,2220,24.146360397,24.312799454,0.166439995,27.918100357,_;_;_;_;480;296;0;480;288;0;4
12,228,deep_fast,decoder_project2x_h16w,block69,17280,32,4423680,24.314439774,24.653879166,0.339439988,27.918100357,_;_;_;_;480;288;960;576;64;32
12,229,c32_fused_ffn,c32_fast_ffn_attention_fused_half_mapped,block69,8640,128,8640,24.656799316,25.059400558,0.402599990,27.918100357,_;_;_;_;8640;0;1;960;576;0;0
12,230,c32_fused_ffn,c32_fast_ffn_attention_fused_half_chain,block69,8833,128,8833,25.060840607,25.452600479,0.391759992,27.918100357,_;_;_;_;8833;3;1;960;576;4;4;960;0;0
12,231,c32_fused_ffn,c32_fast_ffn_attention_fused_half_chain,block69,8712,128,8712,25.454160690,25.844699860,0.390540004,27.918100357,_;_;_;_;8712;3;1;960;576;4;0;968;4;4
12,232,c32_fused_ffn,c32_fast_ffn_attention_fused_half_chain_finish,block69,8760,128,8760,25.846260071,26.277900696,0.431639999,27.918100357,_;_;_;_;_;8760;3;1;960;576;0;4;968;4;0
12,233,c32_fused_ffn,c32_post_merge_head_half,block70,34945,128,34945,26.279460907,27.851100922,1.571640015,27.918100357,_;_;_;_;_;_;_;_;34945;1920;1152;4;4;_
13,0,c32_fused_ffn,c32_fast_ffn_attention_fused_half_prefix_finish_main8,pre-down,34560,128,34560,0.006040000,1.574640036,1.568600059,28.306959152,_;_;_;_;_;_;34560;0;1;1920;1152;0;0
13,1,c32_fused_ffn,c32_fast_ffn_attention_fused_half_mapped,block4,8640,128,8640,1.583680034,2.006560087,0.422879994,28.306959152,_;_;_;_;8640;0;1;960;576;0;0
13,2,c32_fused_ffn,c32_fast_ffn_attention_fused_half_chain,block4,8833,128,8833,2.007999897,2.405600071,0.397599995,28.306959152,_;_;_;_;8833;3;1;960;576;4;4;960;0;0
13,3,c32_fused_ffn,c32_fast_ffn_attention_fused_half_chain,block4,8712,128,8712,2.407160044,2.797760010,0.390599996,28.306959152,_;_;_;_;8712;3;1;960;576;4;0;968;4;4
13,4,c32_fused_ffn,c32_fast_ffn_attention_fused_half_chain_finish_dcrop,block4,8760,128,8760,2.799360037,3.239759922,0.440400004,28.306959152,_;_;_;_;_;8760;3;1;960;576;0;4;968;4;0
13,5,mh_fast,mh_pool_project_production_h16w,block5,34560,32,8847360,3.241400003,3.361479998,0.120080002,28.306959152,_;_;_;480;288;0;0;32
13,6,mh_fast,mh_ffn_fused_c64_project_g128_qkv_fb,block5,8640,128,8847360,3.369440079,3.554640055,0.185200006,28.306959152,_;_;_;_;_;138240;480;288;480;0;0
13,7,mh_fused,c64_attention_project_fb_bout_diag,block5,2160,256,2160,3.555999994,3.694560051,0.138559997,28.306959152,_;_;_;_;480;288;4;0;0;0;0
13,8,mh_fast,mh_ffn_fused_c64_project_mapped_g128_qkv_bytein_fb,block6,9028,128,9244672,3.695919991,3.908639908,0.212720007,28.306959152,_;_;_;_;_;144448;480;288;488;4;4
13,9,mh_fused,c64_attention_project_fb_bout_diag,block6,2257,256,2257,3.910000086,4.067639828,0.157639995,28.306959152,_;_;_;_;488;296;4;480;288;4;4
13,10,mh_fast,mh_ffn_fused_c64_project_mapped_g128_qkv_bytein_fb,block7,8784,128,8994816,4.069039822,4.277239799,0.208199993,28.306959152,_;_;_;_;_;140544;480;288;488;4;0
13,11,mh_fused,c64_attention_project_fb_bout_diag,block7,2196,256,2196,4.278560162,4.433919907,0.155359998,28.306959152,_;_;_;_;488;288;4;480;288;4;0
13,12,mh_fast,mh_ffn_fused_c64_project_mapped_g128_qkv_bytein_fb,block8,8880,128,9093120,4.435400009,4.646639824,0.211239994,28.306959152,_;_;_;_;_;142080;480;288;480;0;4
13,13,mh_fused,c64_attention_project_fb_diag,block8,2220,256,2220,4.647960186,4.804800034,0.156839997,28.306959152,_;_;_;_;480;296;3;480;288;0;4
13,14,mh_fast,mh_pool_project_group_c64,block9,2160,64,4423680,4.806399822,4.906799793,0.100400001,28.306959152,_;_;_;240;144;480;0;0
13,15,mh_fast,mh_ffn_fused_c128_project_g128_qkv_fb,block9,2160,256,4423680,4.910840034,5.060239792,0.149399996,28.306959152,_;_;_;_;_;34560;240;144;240;0;0
13,16,mh_fused,c128_attention_project_fb_bout_diag,block9,540,512,540,5.061639786,5.158400059,0.096759997,28.306959152,_;_;_;_;240;144;4;0;0;0;0
13,17,mh_fast,mh_ffn_fused_c128_project_mapped_g128_qkv_bytein_fb,block10,2356,256,4825088,5.159920216,5.320479870,0.160559997,28.306959152,_;_;_;_;_;37696;240;144;248;4;4
13,18,mh_fused,c128_attention_project_fb_bout_diag,block10,589,512,589,5.328720093,5.415319920,0.086599998,28.306959152,_;_;_;_;248;152;4;240;144;4;4
13,19,mh_fast,mh_ffn_fused_c128_project_mapped_g128_qkv_bytein_fb,block11,2232,256,4571136,5.416719913,5.575719833,0.158999994,28.306959152,_;_;_;_;_;35712;240;144;248;4;0
13,20,mh_fused,c128_attention_project_fb_bout_diag,block11,558,512,558,5.577119827,5.684840202,0.107720003,28.306959152,_;_;_;_;248;144;4;240;144;4;0
13,21,mh_fast,mh_ffn_fused_c128_project_mapped_g128_qkv_bytein_fb,block12,2280,256,4669440,5.686319828,5.842080116,0.155760005,28.306959152,_;_;_;_;_;36480;240;144;240;0;4
13,22,mh_fused,c128_attention_project_fb_bout_diag,block12,570,512,570,5.850319862,5.953720093,0.103399999,28.306959152,_;_;_;_;240;152;4;240;144;0;4
13,23,mh_fast,mh_ffn_fused_c128_project_g128_qkv_bytein_fb,block13,2160,256,4423680,5.955200195,6.100480080,0.145280004,28.306959152,_;_;_;_;_;34560;240;144;240;0;0
13,24,mh_fused,c128_attention_project_fb_bout_diag,block13,540,512,540,6.103159904,6.200880051,0.097719997,28.306959152,_;_;_;_;240;144;4;0;0;0;0
13,25,mh_fast,mh_ffn_fused_c128_project_mapped_g128_qkv_bytein_fb,block14,2356,256,4825088,6.202360153,6.361000061,0.158639997,28.306959152,_;_;_;_;_;37696;240;144;248;4;4
13,26,mh_fused,c128_attention_project_fb_diag,block14,589,512,589,6.369239807,6.507480145,0.138239995,28.306959152,_;_;_;_;248;152;3;240;144;4;4
13,27,mh_fast,mh_pool_project_group_c128,block15,540,128,2211840,6.508959770,6.578360081,0.069399998,28.306959152,_;_;_;120;72;240;0;0
13,28,mh_fast,mh_ffn_fused_c256_frag_project_g128_qkv_fb,block15,540,512,2211840,6.581120014,6.705920219,0.124799997,28.306959152,_;_;_;_;_;8640;120;72;120;0;0
13,29,mh_fused,c256_attention_project_fb_bout_diag,block15,135,512,135,6.707439899,6.793280125,0.085840002,28.306959152,_;_;_;_;120;72;4;0;0;0;0
13,30,mh_fast,mh_ffn_fused_c256_frag_project_mapped_g128_qkv_bytein_fb,block16,640,512,2621440,6.795000076,6.926280022,0.131280005,28.306959152,_;_;_;_;_;10240;120;72;128;4;4
13,31,mh_fused,c256_attention_project_fb_bout_diag,block16,160,512,160,6.927639961,7.020679951,0.093039997,28.306959152,_;_;_;_;128;80;4;120;72;4;4
13,32,mh_fast,mh_ffn_fused_c256_frag_project_mapped_g128_qkv_bytein_fb,block17,576,512,2359296,7.022560120,7.154359818,0.131799996,28.306959152,_;_;_;_;_;9216;120;72;128;4;0
13,33,mh_fused,c256_attention_project_fb_bout_diag,block17,144,512,144,7.155839920,7.249879837,0.094039999,28.306959152,_;_;_;_;128;72;4;120;72;4;0
13,34,mh_fast,mh_ffn_fused_c256_frag_project_mapped_g128_qkv_bytein_fb,block18,600,512,2457600,7.251639843,7.376920223,0.125279993,28.306959152,_;_;_;_;_;9600;120;72;120;0;4
13,35,mh_fused,c256_attention_project_fb_bout_diag,block18,150,512,150,7.378280163,7.472320080,0.094039999,28.306959152,_;_;_;_;120;80;4;120;72;0;4
13,36,mh_fast,mh_ffn_fused_c256_frag_project_g128_qkv_bytein_fb,block19,540,512,2211840,7.474040031,7.594120026,0.120080002,28.306959152,_;_;_;_;_;8640;120;72;120;0;0
13,37,mh_fused,c256_attention_project_fb_bout_diag,block19,135,512,135,7.595560074,7.682280064,0.086719997,28.306959152,_;_;_;_;120;72;4;0;0;0;0
13,38,mh_fast,mh_ffn_fused_c256_frag_project_mapped_g128_qkv_bytein_fb,block20,640,512,2621440,7.683760166,7.812079906,0.128319994,28.306959152,_;_;_;_;_;10240;120;72;128;4;4
13,39,mh_fused,c256_attention_project_fb_bout_diag,block20,160,512,160,7.813439846,7.907360077,0.093920000,28.306959152,_;_;_;_;128;80;4;120;72;4;4
13,40,mh_fast,mh_ffn_fused_c256_frag_project_mapped_g128_qkv_bytein_fb,block21,576,512,2359296,7.909160137,8.039679527,0.130520001,28.306959152,_;_;_;_;_;9216;120;72;128;4;0
13,41,mh_fused,c256_attention_project_fb_bout_diag,block21,144,512,144,8.041159630,8.132639885,0.091480002,28.306959152,_;_;_;_;128;72;4;120;72;4;0
13,42,mh_fast,mh_ffn_fused_c256_frag_project_mapped_g128_qkv_bytein_fb,block22,600,512,2457600,8.134400368,8.257479668,0.123080000,28.306959152,_;_;_;_;_;9600;120;72;120;0;4
13,43,mh_fused,c256_attention_project_fb_diag,block22,150,512,150,8.258799553,8.354120255,0.095320001,28.306959152,_;_;_;_;120;80;3;120;72;0;4
13,44,mh_fast,mh_pool_project_group_c256,block23,135,256,1105920,8.356240273,8.416119576,0.059880000,28.306959152,_;_;_;60;36;120;0;0
13,45,mh,mh_shift_pack,block23,5120,256,1310720,8.419799805,8.477120399,0.057319999,28.306959152,_;_;60;36;64;40;0;0;512;0
13,46,deep_fast,split_mix_blocked_h16w,block23,1280,32,1310720,8.484999657,8.556639671,0.071640000,28.306959152,_;_;_;2560
13,47,deep_fast,split_ffn_fused_fp8_t8,block23,1280,128,1310720,8.560359955,8.628439903,0.068080001,28.306959152,_;_;_;_;2560
13,48,deep_fast,split_projection_frag,block23,1280,32,1310720,8.629879951,8.690239906,0.060360000,28.306959152,_;_;_;_;_;2560
13,49,mh_fast,mh_qkv_normalize_frag_c512,block23,3840,32,3932160,8.694640160,8.776200294,0.081560001,28.306959152,_;_;_;2560
13,50,mh_fused,mh_attention_fused_fp8_out,block23,640,128,640,8.777560234,8.841079712,0.063519999,28.306959152,_;_;_;64;40;512
13,51,mh_fast,mh_attention_project_frag_c512,block23,1280,32,1310720,8.842519760,8.911680222,0.069159999,28.306959152,_;_;_;_;2560;0;60;36;64;0;0
13,52,mh,mh_shift_pack,block24,5120,256,1310720,8.915439606,8.971559525,0.056120001,28.306959152,_;_;60;36;64;40;4;4;512;0
13,53,deep_fast,split_mix_blocked_h16w,block24,1280,32,1310720,8.977760315,9.050720215,0.072959997,28.306959152,_;_;_;2560
13,54,deep_fast,split_ffn_fused_fp8_t8,block24,1280,128,1310720,9.054439545,9.121319771,0.066880003,28.306959152,_;_;_;_;2560
13,55,deep_fast,split_projection_frag,block24,1280,32,1310720,9.122839928,9.180159569,0.057319999,28.306959152,_;_;_;_;_;2560
13,56,mh_fast,mh_qkv_normalize_frag_c512,block24,3840,32,3932160,9.184639931,9.263199806,0.078560002,28.306959152,_;_;_;2560
13,57,mh_fused,mh_attention_fused_fp8_out,block24,640,128,640,9.265760422,9.330760002,0.064999998,28.306959152,_;_;_;64;40;512
13,58,mh_fast,mh_attention_project_frag_c512,block24,1280,32,1310720,9.332159996,9.401920319,0.069760002,28.306959152,_;_;_;_;2560;0;60;36;64;4;4
13,59,mh,mh_shift_pack,block25,5120,256,1310720,9.405639648,9.462200165,0.056559999,28.306959152,_;_;60;36;64;40;4;0;512;0
13,60,deep_fast,split_mix_blocked_h16w,block25,1280,32,1310720,9.470040321,9.541239738,0.071199998,28.306959152,_;_;_;2560
13,61,deep_fast,split_ffn_fused_fp8_t8,block25,1280,128,1310720,9.544960022,9.612239838,0.067280002,28.306959152,_;_;_;_;2560
13,62,deep_fast,split_projection_frag,block25,1280,32,1310720,9.613759995,9.671560287,0.057799999,28.306959152,_;_;_;_;_;2560
13,63,mh_fast,mh_qkv_normalize_frag_c512,block25,3840,32,3932160,9.675919533,9.758919716,0.082999997,28.306959152,_;_;_;2560
13,64,mh_fused,mh_attention_fused_fp8_out,block25,640,128,640,9.761639595,9.821399689,0.059760001,28.306959152,_;_;_;64;40;512
13,65,mh_fast,mh_attention_project_frag_c512,block25,1280,32,1310720,9.822839737,9.893440247,0.070600003,28.306959152,_;_;_;_;2560;0;60;36;64;4;0
13,66,mh,mh_shift_pack,block26,5120,256,1310720,9.897199631,9.953280449,0.056079999,28.306959152,_;_;60;36;64;40;0;4;512;0
13,67,deep_fast,split_mix_blocked_h16w,block26,1280,32,1310720,9.959560394,10.011280060,0.051720001,28.306959152,_;_;_;2560
13,68,deep_fast,split_ffn_fused_fp8_t8,block26,1280,128,1310720,10.015040398,10.083519936,0.068480000,28.306959152,_;_;_;_;2560
13,69,deep_fast,split_projection_frag,block26,1280,32,1310720,10.085000038,10.143919945,0.058920000,28.306959152,_;_;_;_;_;2560
13,70,mh_fast,mh_qkv_normalize_frag_c512,block26,3840,32,3932160,10.148240089,10.229960442,0.081720002,28.306959152,_;_;_;2560
13,71,mh_fused,mh_attention_fused_fp8_out,block26,640,128,640,10.231280327,10.295800209,0.064520001,28.306959152,_;_;_;64;40;512
13,72,mh_fast,mh_attention_project_frag_c512,block26,1280,32,1310720,10.297160149,10.372159958,0.075000003,28.306959152,_;_;_;_;2560;0;60;36;64;0;4
13,73,mh,mh_shift_pack,block27,5120,256,1310720,10.375880241,10.433600426,0.057720002,28.306959152,_;_;60;36;64;40;0;0;512;0
13,74,deep_fast,split_mix_blocked_h16w,block27,1280,32,1310720,10.440199852,10.513119698,0.072920002,28.306959152,_;_;_;2560
13,75,deep_fast,split_ffn_fused_fp8_t8,block27,1280,128,1310720,10.516839981,10.584320068,0.067479998,28.306959152,_;_;_;_;2560
13,76,deep_fast,split_projection_frag,block27,1280,32,1310720,10.585840225,10.643679619,0.057840001,28.306959152,_;_;_;_;_;2560
13,77,mh_fast,mh_qkv_normalize_frag_c512,block27,3840,32,3932160,10.648039818,10.727640152,0.079599999,28.306959152,_;_;_;2560
13,78,mh_fused,mh_attention_fused_fp8_out,block27,640,128,640,10.730279922,10.791799545,0.061519999,28.306959152,_;_;_;64;40;512
13,79,mh_fast,mh_attention_project_frag_c512,block27,1280,32,1310720,10.793279648,10.863519669,0.070239998,28.306959152,_;_;_;_;2560;0;60;36;64;0;0
13,80,mh,mh_shift_pack,block28,5120,256,1310720,10.867280006,10.923000336,0.055720001,28.306959152,_;_;60;36;64;40;4;4;512;0
13,81,deep_fast,split_mix_blocked_h16w,block28,1280,32,1310720,10.930319786,11.002519608,0.072200000,28.306959152,_;_;_;2560
13,82,deep_fast,split_ffn_fused_fp8_t8,block28,1280,128,1310720,11.006279945,11.073479652,0.067199998,28.306959152,_;_;_;_;2560
13,83,deep_fast,split_projection_frag,block28,1280,32,1310720,11.074959755,11.132960320,0.057999998,28.306959152,_;_;_;_;_;2560
13,84,mh_fast,mh_qkv_normalize_frag_c512,block28,3840,32,3932160,11.137280464,11.216320038,0.079039998,28.306959152,_;_;_;2560
13,85,mh_fused,mh_attention_fused_fp8_out,block28,640,128,640,11.217679977,11.283399582,0.065719999,28.306959152,_;_;_;64;40;512
13,86,mh_fast,mh_attention_project_frag_c512,block28,1280,32,1310720,11.284799576,11.354399681,0.069600001,28.306959152,_;_;_;_;2560;0;60;36;64;4;4
13,87,mh,mh_shift_pack,block29,5120,256,1310720,11.358119965,11.414480209,0.056359999,28.306959152,_;_;60;36;64;40;4;0;512;0
13,88,deep_fast,split_mix_blocked_h16w,block29,1280,32,1310720,11.422120094,11.494799614,0.072679996,28.306959152,_;_;_;2560
13,89,deep_fast,split_ffn_fused_fp8_t8,block29,1280,128,1310720,11.498479843,11.566360474,0.067879997,28.306959152,_;_;_;_;2560
13,90,deep_fast,split_projection_frag,block29,1280,32,1310720,11.567839622,11.625800133,0.057960000,28.306959152,_;_;_;_;_;2560
13,91,mh_fast,mh_qkv_normalize_frag_c512,block29,3840,32,3932160,11.630160332,11.710240364,0.080080003,28.306959152,_;_;_;2560
13,92,mh_fused,mh_attention_fused_fp8_out,block29,640,128,640,11.711640358,11.776120186,0.064479999,28.306959152,_;_;_;64;40;512
13,93,mh_fast,mh_attention_project_frag_c512,block29,1280,32,1310720,11.777560234,11.853320122,0.075759999,28.306959152,_;_;_;_;2560;0;60;36;64;4;0
13,94,mh,mh_shift_pack,block30,5120,256,1310720,11.857080460,11.908160210,0.051080000,28.306959152,_;_;60;36;64;40;0;4;512;0
13,95,deep_fast,split_mix_blocked_h16w,block30,1280,32,1310720,11.914360046,11.964039803,0.049679998,28.306959152,_;_;_;2560
13,96,deep_fast,split_ffn_fused_fp8_t8,block30,1280,128,1310720,11.967760086,12.030200005,0.062440000,28.306959152,_;_;_;_;2560
13,97,deep_fast,split_projection_frag,block30,1280,32,1310720,12.031680107,12.090359688,0.058680002,28.306959152,_;_;_;_;_;2560
13,98,mh_fast,mh_qkv_normalize_frag_c512,block30,3840,32,3932160,12.094719887,12.176199913,0.081479996,28.306959152,_;_;_;2560
13,99,mh_fused,mh_attention_fused_fp8_out,block30,640,128,640,12.177559853,12.241040230,0.063479997,28.306959152,_;_;_;64;40;512
13,100,mh_fast,mh_attention_project_frag_c512,block30,1280,32,1310720,12.242480278,12.307559967,0.065080002,28.306959152,_;_;_;_;2560;3;60;36;64;0;4
13,101,mh,mh_pool,head,1280,256,327680,12.311320305,12.361599922,0.050280001,28.306959152,_;_;32;20;60;30;18;512
13,102,mh_fast,mh_pool_project_production_h16w,head,2560,32,655360,12.367879868,12.505640030,0.137759998,28.306959152,_;_;_;32;20;30;18;512
13,103,deep,vit_gather,block31,2560,256,655360,12.507399559,12.560520172,0.053119998,28.306959152,_;_;_;655360
13,104,deep_fast,vit_pack_input,block31,640,256,163840,12.567319870,12.613320351,0.046000000,28.306959152,_;_;655360
13,105,deep_fast,vit_expand_blocked_fp8_frag_bytein,block31,2560,32,2621440,12.618280411,12.692799568,0.074519999,28.306959152,_;_;_;640;1024;4096
13,106,deep_fast,vit_contract_blocked_fp8_frag,block31,640,32,655360,12.694479942,12.779720306,0.085239999,28.306959152,_;_;_;_;640;4096;1024
13,107,deep_fast,vit_qkv_project_normalize_fused_f16compact_fp8_frag,block31,3840,32,1966080,12.782520294,12.898599625,0.116080001,28.306959152,_;_;_;640
13,108,deep_fast,vit_attention_fused_640_bytein,block31,1280,32,327680,12.900279999,12.999719620,0.099440001,28.306959152,_;_;640
13,109,deep_fast,vit_project_frag,block31,2560,32,655360,13.002440453,13.115400314,0.112960003,28.306959152,_;_;_;_;640;1024;1024
13,110,deep_fast,vit_pack_input,block32,640,256,163840,13.117440224,13.165080070,0.047640000,28.306959152,_;_;655360
13,111,deep_fast,vit_expand_blocked_fp8_frag_bytein,block32,2560,32,2621440,13.170080185,13.248800278,0.078720003,28.306959152,_;_;_;640;1024;4096
13,112,deep_fast,vit_contract_blocked_fp8_frag,block32,640,32,655360,13.250519753,13.335160255,0.084639996,28.306959152,_;_;_;_;640;4096;1024
13,113,deep_fast,vit_qkv_project_normalize_fused_f16compact_fp8_frag,block32,3840,32,1966080,13.337920189,13.453439713,0.115520000,28.306959152,_;_;_;640
13,114,deep_fast,vit_attention_fused_640_bytein,block32,1280,32,327680,13.455120087,13.570960045,0.115840003,28.306959152,_;_;640
13,115,deep_fast,vit_project_frag,block32,2560,32,655360,13.573719978,13.687520027,0.113799997,28.306959152,_;_;_;_;640;1024;1024
13,116,deep_fast,vit_pack_input,block33,640,256,163840,13.738360405,13.738800049,0.000440000,28.306959152,_;_;655360
13,117,deep_fast,vit_expand_blocked_fp8_frag_bytein,block33,2560,32,2621440,13.743840218,13.823280334,0.079439998,28.306959152,_;_;_;640;1024;4096
13,118,deep_fast,vit_contract_blocked_fp8_frag,block33,640,32,655360,13.824919701,13.903920174,0.079000004,28.306959152,_;_;_;_;640;4096;1024
13,119,deep_fast,vit_qkv_project_normalize_fused_f16compact_fp8_frag,block33,3840,32,1966080,13.906640053,14.022080421,0.115440004,28.306959152,_;_;_;640
13,120,deep_fast,vit_attention_fused_640_bytein,block33,1280,32,327680,14.023759842,14.121239662,0.097479999,28.306959152,_;_;640
13,121,deep_fast,vit_project_frag,block33,2560,32,655360,14.123999596,14.236080170,0.112080000,28.306959152,_;_;_;_;640;1024;1024
13,122,deep_fast,vit_pack_input,block34,640,256,163840,14.238120079,14.285679817,0.047559999,28.306959152,_;_;655360
13,123,deep_fast,vit_expand_blocked_fp8_frag_bytein,block34,2560,32,2621440,14.290639877,14.369079590,0.078440003,28.306959152,_;_;_;640;1024;4096
13,124,deep_fast,vit_contract_blocked_fp8_frag,block34,640,32,655360,14.370719910,14.459280014,0.088560000,28.306959152,_;_;_;_;640;4096;1024
13,125,deep_fast,vit_qkv_project_normalize_fused_f16compact_fp8_frag,block34,3840,32,1966080,14.462039948,14.576959610,0.114919998,28.306959152,_;_;_;640
13,126,deep_fast,vit_attention_fused_640_bytein,block34,1280,32,327680,14.578599930,14.677720070,0.099119999,28.306959152,_;_;640
13,127,deep_fast,vit_project_frag,block34,2560,32,655360,14.680439949,14.793880463,0.113440000,28.306959152,_;_;_;_;640;1024;1024
13,128,deep_fast,vit_pack_input,block35,640,256,163840,14.795920372,14.849120140,0.053199999,28.306959152,_;_;655360
13,129,deep_fast,vit_expand_blocked_fp8_frag_bytein,block35,2560,32,2621440,14.854120255,14.932160378,0.078039996,28.306959152,_;_;_;640;1024;4096
13,130,deep_fast,vit_contract_blocked_fp8_frag,block35,640,32,655360,14.933839798,15.019000053,0.085160002,28.306959152,_;_;_;_;640;4096;1024
13,131,deep_fast,vit_qkv_project_normalize_fused_f16compact_fp8_frag,block35,3840,32,1966080,15.021759987,15.135120392,0.113360003,28.306959152,_;_;_;640
13,132,deep_fast,vit_attention_fused_640_bytein,block35,1280,32,327680,15.136799812,15.235679626,0.098880000,28.306959152,_;_;640
13,133,deep_fast,vit_project_frag,block35,2560,32,655360,15.238439560,15.352120399,0.113679998,28.306959152,_;_;_;_;640;1024;1024
13,134,deep_fast,vit_pack_input,block36,640,256,163840,15.354160309,15.382280350,0.028120000,28.306959152,_;_;655360
13,135,deep_fast,vit_expand_blocked_fp8_frag_bytein,block36,2560,32,2621440,15.387280464,15.461680412,0.074400000,28.306959152,_;_;_;640;1024;4096
13,136,deep_fast,vit_contract_blocked_fp8_frag,block36,640,32,655360,15.463359833,15.548680305,0.085320003,28.306959152,_;_;_;_;640;4096;1024
13,137,deep_fast,vit_qkv_project_normalize_fused_f16compact_fp8_frag,block36,3840,32,1966080,15.551440239,15.666040421,0.114600003,28.306959152,_;_;_;640
13,138,deep_fast,vit_attention_fused_640_bytein,block36,1280,32,327680,15.667759895,15.766519547,0.098760001,28.306959152,_;_;640
13,139,deep_fast,vit_project_frag,block36,2560,32,655360,15.769280434,15.881919861,0.112640001,28.306959152,_;_;_;_;640;1024;1024
13,140,deep_fast,vit_pack_input,block37,640,256,163840,15.883999825,15.931639671,0.047640000,28.306959152,_;_;655360
13,141,deep_fast,vit_expand_blocked_fp8_frag_bytein,block37,2560,32,2621440,15.936719894,16.017200470,0.080480002,28.306959152,_;_;_;640;1024;4096
13,142,deep_fast,vit_contract_blocked_fp8_frag,block37,640,32,655360,16.018880844,16.104999542,0.086120002,28.306959152,_;_;_;_;640;4096;1024
13,143,deep_fast,vit_qkv_project_normalize_fused_f16compact_fp8_frag,block37,3840,32,1966080,16.107719421,16.225200653,0.117480002,28.306959152,_;_;_;640
13,144,deep_fast,vit_attention_fused_640_bytein,block37,1280,32,327680,16.226919174,16.323080063,0.096160002,28.306959152,_;_;640
13,145,deep_fast,vit_project_frag,block37,2560,32,655360,16.325839996,16.438360214,0.112520002,28.306959152,_;_;_;_;640;1024;1024
13,146,deep_fast,vit_pack_input,block38,640,256,163840,16.440439224,16.487920761,0.047479998,28.306959152,_;_;655360
13,147,deep_fast,vit_expand_blocked_fp8_frag_bytein,block38,2560,32,2621440,16.494199753,16.573560715,0.079360001,28.306959152,_;_;_;640;1024;4096
13,148,deep_fast,vit_contract_blocked_fp8_frag,block38,640,32,655360,16.575279236,16.660039902,0.084760003,28.306959152,_;_;_;_;640;4096;1024
13,149,deep_fast,vit_qkv_project_normalize_fused_f16compact_fp8_frag,block38,3840,32,1966080,16.662799835,16.775640488,0.112839997,28.306959152,_;_;_;640
13,150,deep_fast,vit_attention_fused_640_bytein,block38,1280,32,327680,16.777320862,16.876039505,0.098719999,28.306959152,_;_;640
13,151,deep_fast,vit_project_frag,block38,2560,32,655360,16.878759384,16.991399765,0.112640001,28.306959152,_;_;_;_;640;1024;1024
13,152,deep,vit_gather,block39,2560,256,655360,16.993440628,17.047279358,0.053840000,28.306959152,_;_;_;655360
13,153,deep_fast,decoder_project2x_h16w,block39,1280,32,327680,17.052600861,17.136480331,0.083880000,28.306959152,_;_;_;_;32;20;60;36;1024;512
13,154,mh,mh_shift_pack,block40,5120,256,1310720,17.139520645,17.196119308,0.056600001,28.306959152,_;_;60;36;64;40;0;0;512;0
13,155,deep_fast,split_mix_blocked_h16w,block40,1280,32,1310720,17.202360153,17.277599335,0.075240001,28.306959152,_;_;_;2560
13,156,deep_fast,split_ffn_fused_fp8_t8,block40,1280,128,1310720,17.281320572,17.348800659,0.067479998,28.306959152,_;_;_;_;2560
13,157,deep_fast,split_projection_frag,block40,1280,32,1310720,17.350320816,17.407320023,0.057000000,28.306959152,_;_;_;_;_;2560
13,158,mh_fast,mh_qkv_normalize_frag_c512,block40,3840,32,3932160,17.411720276,17.492040634,0.080320001,28.306959152,_;_;_;2560
13,159,mh_fused,mh_attention_fused_fp8_out,block40,640,128,640,17.493360519,17.558399200,0.065040000,28.306959152,_;_;_;64;40;512
13,160,mh_fast,mh_attention_project_frag_c512,block40,1280,32,1310720,17.559759140,17.633880615,0.074120000,28.306959152,_;_;_;_;2560;0;60;36;64;0;0
13,161,mh,mh_shift_pack,block41,5120,256,1310720,17.637639999,17.694200516,0.056559999,28.306959152,_;_;60;36;64;40;4;4;512;0
13,162,deep_fast,split_mix_blocked_h16w,block41,1280,32,1310720,17.701559067,17.773719788,0.072159998,28.306959152,_;_;_;2560
13,163,deep_fast,split_ffn_fused_fp8_t8,block41,1280,128,1310720,17.777439117,17.845399857,0.067960002,28.306959152,_;_;_;_;2560
13,164,deep_fast,split_projection_frag,block41,1280,32,1310720,17.846879959,17.904600143,0.057720002,28.306959152,_;_;_;_;_;2560
13,165,mh_fast,mh_qkv_normalize_frag_c512,block41,3840,32,3932160,17.908960342,17.989599228,0.080640003,28.306959152,_;_;_;2560
13,166,mh_fused,mh_attention_fused_fp8_out,block41,640,128,640,17.990999222,18.053680420,0.062679999,28.306959152,_;_;_;64;40;512
13,167,mh_fast,mh_attention_project_frag_c512,block41,1280,32,1310720,18.055120468,18.130519867,0.075400002,28.306959152,_;_;_;_;2560;0;60;36;64;4;4
13,168,mh,mh_shift_pack,block44,5120,256,1310720,18.134279251,18.191040039,0.056759998,28.306959152,_;_;60;36;64;40;0;0;512;0
13,169,deep_fast,split_mix_blocked_h16w,block44,1280,32,1310720,18.197639465,18.247840881,0.050200000,28.306959152,_;_;_;2560
13,170,deep_fast,split_ffn_fused_fp8_t8,block44,1280,128,1310720,18.251560211,18.318799973,0.067240000,28.306959152,_;_;_;_;2560
13,171,deep_fast,split_projection_frag,block44,1280,32,1310720,18.320320129,18.378879547,0.058559999,28.306959152,_;_;_;_;_;2560
13,172,mh_fast,mh_qkv_normalize_frag_c512,block44,3840,32,3932160,18.383239746,18.465679169,0.082439996,28.306959152,_;_;_;2560
13,173,mh_fused,mh_attention_fused_fp8_out,block44,640,128,640,18.466999054,18.530719757,0.063720003,28.306959152,_;_;_;64;40;512
13,174,mh_fast,mh_attention_project_frag_c512,block44,1280,32,1310720,18.532079697,18.605720520,0.073639996,28.306959152,_;_;_;_;2560;0;60;36;64;0;0
13,175,mh,mh_shift_pack,block45,5120,256,1310720,18.609479904,18.666479111,0.057000000,28.306959152,_;_;60;36;64;40;4;4;512;0
13,176,deep_fast,split_mix_blocked_h16w,block45,1280,32,1310720,18.672599792,18.746839523,0.074239999,28.306959152,_;_;_;2560
13,177,deep_fast,split_ffn_fused_fp8_t8,block45,1280,128,1310720,18.750560760,18.818279266,0.067720003,28.306959152,_;_;_;_;2560
13,178,deep_fast,split_projection_frag,block45,1280,32,1310720,18.819759369,18.877880096,0.058120001,28.306959152,_;_;_;_;_;2560
13,179,mh_fast,mh_qkv_normalize_frag_c512,block45,3840,32,3932160,18.882200241,18.961799622,0.079599999,28.306959152,_;_;_;2560
13,180,mh_fused,mh_attention_fused_fp8_out,block45,640,128,640,18.964399338,19.000320435,0.035920002,28.306959152,_;_;_;64;40;512
13,181,mh_fast,mh_attention_project_frag_c512,block45,1280,32,1310720,19.001760483,19.069480896,0.067720003,28.306959152,_;_;_;_;2560;0;60;36;64;4;4
13,182,mh,mh_shift_pack,block47,5120,256,1310720,19.073200226,19.126880646,0.053679999,28.306959152,_;_;60;36;64;40;0;4;512;0
13,183,deep_fast,split_mix_blocked_h16w,block47,1280,32,1310720,19.133119583,19.207839966,0.074720003,28.306959152,_;_;_;2560
13,184,deep_fast,split_ffn_fused_fp8_t8,block47,1280,128,1310720,19.211559296,19.278879166,0.067319997,28.306959152,_;_;_;_;2560
13,185,deep_fast,split_projection_frag,block47,1280,32,1310720,19.280359268,19.338560104,0.058200002,28.306959152,_;_;_;_;_;2560
13,186,mh_fast,mh_qkv_normalize_frag_c512,block47,3840,32,3932160,19.342880249,19.421720505,0.078840002,28.306959152,_;_;_;2560
13,187,mh_fused,mh_attention_fused_fp8_out,block47,640,128,640,19.423120499,19.488399506,0.065279998,28.306959152,_;_;_;64;40;512
13,188,mh_fast,mh_attention_project_frag_c512,block47,1280,32,1310720,19.489799500,19.564239502,0.074440002,28.306959152,_;_;_;_;2560;0;60;36;64;0;4
13,189,deep_fast,decoder_project2x_h16w_byteout,block48,2160,32,552960,19.568000793,19.663560867,0.095559999,28.306959152,_;_;_;_;60;36;120;72;512;256
13,190,mh_fast,mh_ffn_fused_c256_frag_project_g128_qkv_bytein_fb,block48,540,512,2211840,19.665119171,19.790279388,0.125159994,28.306959152,_;_;_;_;_;8640;120;72;120;0;0
13,191,mh_fused,c256_attention_project_fb_bout_diag,block48,135,512,135,19.791679382,19.880199432,0.088519998,28.306959152,_;_;_;_;120;72;0;0;0;0;0
13,192,mh_fast,mh_ffn_fused_c256_frag_project_mapped_g128_qkv_bytein_fb,block49,640,512,2621440,19.881759644,20.010520935,0.128759995,28.306959152,_;_;_;_;_;10240;120;72;128;4;4
13,193,mh_fused,c256_attention_project_fb_bout_diag,block49,160,512,160,20.011880875,20.107799530,0.095919997,28.306959152,_;_;_;_;128;80;4;120;72;4;4
13,194,mh_fast,mh_ffn_fused_c256_frag_project_mapped_g128_qkv_bytein_fb,block50,576,512,2359296,20.109560013,20.240959167,0.131400004,28.306959152,_;_;_;_;_;9216;120;72;128;4;0
13,195,mh_fused,c256_attention_project_fb_bout_diag,block50,144,512,144,20.242519379,20.335119247,0.092600003,28.306959152,_;_;_;_;128;72;4;120;72;4;0
13,196,mh_fast,mh_ffn_fused_c256_frag_project_mapped_g128_qkv_bytein_fb,block51,600,512,2457600,20.336879730,20.458040237,0.121160001,28.306959152,_;_;_;_;_;9600;120;72;120;0;4
13,197,mh_fused,c256_attention_project_fb_bout_diag,block51,150,512,150,20.460760117,20.556240082,0.095480002,28.306959152,_;_;_;_;120;80;4;120;72;0;4
13,198,mh_fast,mh_ffn_fused_c256_frag_project_g128_qkv_bytein_fb,block52,540,512,2211840,20.558000565,20.683839798,0.125839993,28.306959152,_;_;_;_;_;8640;120;72;120;0;0
13,199,mh_fused,c256_attention_project_fb_bout_diag,block52,135,512,135,20.685279846,20.773719788,0.088440001,28.306959152,_;_;_;_;120;72;4;0;0;0;0
13,200,mh_fast,mh_ffn_fused_c256_frag_project_mapped_g128_qkv_bytein_fb,block53,640,512,2621440,20.775279999,20.907560349,0.132280007,28.306959152,_;_;_;_;_;10240;120;72;128;4;4
13,201,mh_fused,c256_attention_project_fb_bout_diag,block53,160,512,160,20.908960342,21.003480911,0.094520003,28.306959152,_;_;_;_;128;80;4;120;72;4;4
13,202,mh_fast,mh_ffn_fused_c256_frag_project_mapped_g128_qkv_bytein_fb,block54,576,512,2359296,21.005239487,21.138559341,0.133320004,28.306959152,_;_;_;_;_;9216;120;72;128;4;0
13,203,mh_fused,c256_attention_project_fb_bout_diag,block54,144,512,144,21.140079498,21.232400894,0.092320003,28.306959152,_;_;_;_;128;72;4;120;72;4;0
13,204,mh_fast,mh_ffn_fused_c256_frag_project_mapped_g128_qkv_bytein_fb,block55,600,512,2457600,21.234119415,21.361240387,0.127120003,28.306959152,_;_;_;_;_;9600;120;72;120;0;4
13,205,mh_fused,c256_attention_project_fb_diag,block55,150,512,150,21.362600327,21.464239120,0.101640001,28.306959152,_;_;_;_;120;80;0;120;72;0;4
13,206,deep_fast,decoder_project2x_h16w_byteout,block56,4320,32,1105920,21.466640472,21.579679489,0.113040000,28.306959152,_;_;_;_;120;72;240;144;256;128
13,207,mh_fast,mh_ffn_fused_c128_project_mapped_g128_qkv_bytein_fb,block56,2232,256,4571136,21.581279755,21.734399796,0.153119996,28.306959152,_;_;_;_;_;35712;240;144;248;4;0
13,208,mh_fused,c128_attention_project_fb_bout_diag,block56,558,512,558,21.735839844,21.843839645,0.108000003,28.306959152,_;_;_;_;248;144;4;240;144;4;0
13,209,mh_fast,mh_ffn_fused_c128_project_mapped_g128_qkv_bytein_fb,block57,2280,256,4669440,21.845319748,21.990640640,0.145319998,28.306959152,_;_;_;_;_;36480;240;144;240;0;4
13,210,mh_fused,c128_attention_project_fb_bout_diag,block57,570,512,570,21.998960495,22.103200912,0.104240000,28.306959152,_;_;_;_;240;152;4;240;144;0;4
13,211,mh_fast,mh_ffn_fused_c128_project_g128_qkv_bytein_fb,block58,2160,256,4423680,22.104679108,22.245679855,0.141000003,28.306959152,_;_;_;_;_;34560;240;144;240;0;0
13,212,mh_fused,c128_attention_project_fb_bout_diag,block58,540,512,540,22.246999741,22.345039368,0.098040000,28.306959152,_;_;_;_;240;144;4;0;0;0;0
13,213,mh_fast,mh_ffn_fused_c128_project_mapped_g128_qkv_bytein_fb,block59,2356,256,4825088,22.346479416,22.495479584,0.149000004,28.306959152,_;_;_;_;_;37696;240;144;248;4;4
13,214,mh_fused,c128_attention_project_fb_bout_diag,block59,589,512,589,22.502439499,22.610599518,0.108159997,28.306959152,_;_;_;_;248;152;4;240;144;4;4
13,215,mh_fast,mh_ffn_fused_c128_project_mapped_g128_qkv_bytein_fb,block60,2232,256,4571136,22.612079620,22.772480011,0.160400003,28.306959152,_;_;_;_;_;35712;240;144;248;4;0
13,216,mh_fused,c128_attention_project_fb_bout_diag,block60,558,512,558,22.773880005,22.881599426,0.107720003,28.306959152,_;_;_;_;248;144;4;240;144;4;0
13,217,mh_fast,mh_ffn_fused_c128_project_mapped_g128_qkv_bytein_fb,block61,2280,256,4669440,22.883119583,23.035039902,0.151920006,28.306959152,_;_;_;_;_;36480;240;144;240;0;4
13,218,mh_fused,c128_attention_project_fb_diag,block61,570,512,570,23.041999817,23.132240295,0.090240002,28.306959152,_;_;_;_;240;152;0;240;144;0;4
13,219,deep_fast,decoder_project2x_h16w_byteout,block62,8640,32,2211840,23.133960724,23.287479401,0.153520003,28.306959152,_;_;_;_;240;144;480;288;128;64
13,220,mh_fast,mh_ffn_fused_c64_project_g128_qkv_bytein_fb,block62,8640,128,8847360,23.289159775,23.466880798,0.177719995,28.306959152,_;_;_;_;_;138240;480;288;480;0;0
13,221,mh_fused,c64_attention_project_fb_bout_diag,block62,2160,256,2160,23.468280792,23.599559784,0.131280005,28.306959152,_;_;_;_;480;288;4;0;0;0;0
13,222,mh_fast,mh_ffn_fused_c64_project_mapped_g128_qkv_bytein_fb,block63,9028,128,9244672,23.600959778,23.814159393,0.213200003,28.306959152,_;_;_;_;_;144448;480;288;488;4;4
13,223,mh_fused,c64_attention_project_fb_bout_diag,block63,2257,256,2257,23.815559387,23.975799561,0.160239995,28.306959152,_;_;_;_;488;296;4;480;288;4;4
13,224,mh_fast,mh_ffn_fused_c64_project_mapped_g128_qkv_bytein_fb,block64,8784,128,8994816,23.977239609,24.186119080,0.208880007,28.306959152,_;_;_;_;_;140544;480;288;488;4;0
13,225,mh_fused,c64_attention_project_fb_bout_diag,block64,2196,256,2196,24.187519073,24.343160629,0.155640006,28.306959152,_;_;_;_;488;288;4;480;288;4;0
13,226,mh_fast,mh_ffn_fused_c64_project_mapped_g128_qkv_bytein_fb,block65,8880,128,9093120,24.344640732,24.553279877,0.208639994,28.306959152,_;_;_;_;_;142080;480;288;480;0;4
13,227,mh_fused,c64_attention_project_fb_diag,block65,2220,256,2220,24.554639816,24.719360352,0.164719999,28.306959152,_;_;_;_;480;296;0;480;288;0;4
13,228,deep_fast,decoder_project2x_h16w,block69,17280,32,4423680,24.721000671,25.061080933,0.340079993,28.306959152,_;_;_;_;480;288;960;576;64;32
13,229,c32_fused_ffn,c32_fast_ffn_attention_fused_half_mapped,block69,8640,128,8640,25.063999176,25.463460922,0.399459988,28.306959152,_;_;_;_;8640;0;1;960;576;0;0
13,230,c32_fused_ffn,c32_fast_ffn_attention_fused_half_chain,block69,8833,128,8833,25.464939117,25.849760056,0.384820014,28.306959152,_;_;_;_;8833;3;1;960;576;4;4;960;0;0
13,231,c32_fused_ffn,c32_fast_ffn_attention_fused_half_chain,block69,8712,128,8712,25.851360321,26.241260529,0.389899999,28.306959152,_;_;_;_;8712;3;1;960;576;4;0;968;4;4
13,232,c32_fused_ffn,c32_fast_ffn_attention_fused_half_chain_finish,block69,8760,128,8760,26.242860794,26.670959473,0.428099990,28.306959152,_;_;_;_;_;8760;3;1;960;576;0;4;968;4;0
13,233,c32_fused_ffn,c32_post_merge_head_half,block70,34945,128,34945,26.672519684,28.238359451,1.565840006,28.306959152,_;_;_;_;_;_;_;_;34945;1920;1152;4;4;_
14,0,c32_fused_ffn,c32_fast_ffn_attention_fused_half_prefix_finish_main8,pre-down,34560,128,34560,0.005720000,1.572360039,1.566640019,28.311939240,_;_;_;_;_;_;34560;0;1;1920;1152;0;0
14,1,c32_fused_ffn,c32_fast_ffn_attention_fused_half_mapped,block4,8640,128,8640,1.581279993,1.992159963,0.410879999,28.311939240,_;_;_;_;8640;0;1;960;576;0;0
14,2,c32_fused_ffn,c32_fast_ffn_attention_fused_half_chain,block4,8833,128,8833,1.993559957,2.390559912,0.397000015,28.311939240,_;_;_;_;8833;3;1;960;576;4;4;960;0;0
14,3,c32_fused_ffn,c32_fast_ffn_attention_fused_half_chain,block4,8712,128,8712,2.392159939,2.787800074,0.395639986,28.311939240,_;_;_;_;8712;3;1;960;576;4;0;968;4;4
14,4,c32_fused_ffn,c32_fast_ffn_attention_fused_half_chain_finish_dcrop,block4,8760,128,8760,2.789360046,3.228840113,0.439480007,28.311939240,_;_;_;_;_;8760;3;1;960;576;0;4;968;4;0
14,5,mh_fast,mh_pool_project_production_h16w,block5,34560,32,8847360,3.230479956,3.334719896,0.104240000,28.311939240,_;_;_;480;288;0;0;32
14,6,mh_fast,mh_ffn_fused_c64_project_g128_qkv_fb,block5,8640,128,8847360,3.341759920,3.526240110,0.184479997,28.311939240,_;_;_;_;_;138240;480;288;480;0;0
14,7,mh_fused,c64_attention_project_fb_bout_diag,block5,2160,256,2160,3.531960011,3.666879892,0.134920001,28.311939240,_;_;_;_;480;288;4;0;0;0;0
14,8,mh_fast,mh_ffn_fused_c64_project_mapped_g128_qkv_bytein_fb,block6,9028,128,9244672,3.668240070,3.880759954,0.212520003,28.311939240,_;_;_;_;_;144448;480;288;488;4;4
14,9,mh_fused,c64_attention_project_fb_bout_diag,block6,2257,256,2257,3.882159948,4.038159847,0.156000003,28.311939240,_;_;_;_;488;296;4;480;288;4;4
14,10,mh_fast,mh_ffn_fused_c64_project_mapped_g128_qkv_bytein_fb,block7,8784,128,8994816,4.039599895,4.249199867,0.209600002,28.311939240,_;_;_;_;_;140544;480;288;488;4;0
14,11,mh_fused,c64_attention_project_fb_bout_diag,block7,2196,256,2196,4.250559807,4.404600143,0.154039994,28.311939240,_;_;_;_;488;288;4;480;288;4;0
14,12,mh_fast,mh_ffn_fused_c64_project_mapped_g128_qkv_bytein_fb,block8,8880,128,9093120,4.406119823,4.616720200,0.210600004,28.311939240,_;_;_;_;_;142080;480;288;480;0;4
14,13,mh_fused,c64_attention_project_fb_diag,block8,2220,256,2220,4.618080139,4.773240089,0.155159995,28.311939240,_;_;_;_;480;296;3;480;288;0;4
14,14,mh_fast,mh_pool_project_group_c64,block9,2160,64,4423680,4.774839878,4.867479801,0.092639998,28.311939240,_;_;_;240;144;480;0;0
14,15,mh_fast,mh_ffn_fused_c128_project_g128_qkv_fb,block9,2160,256,4423680,4.871439934,5.023079872,0.151639998,28.311939240,_;_;_;_;_;34560;240;144;240;0;0
14,16,mh_fused,c128_attention_project_fb_bout_diag,block9,540,512,540,5.024400234,5.121920109,0.097520001,28.311939240,_;_;_;_;240;144;4;0;0;0;0
14,17,mh_fast,mh_ffn_fused_c128_project_mapped_g128_qkv_bytein_fb,block10,2356,256,4825088,5.123400211,5.279560089,0.156159997,28.311939240,_;_;_;_;_;37696;240;144;248;4;4
14,18,mh_fused,c128_attention_project_fb_bout_diag,block10,589,512,589,5.286839962,5.394040108,0.107199997,28.311939240,_;_;_;_;248;152;4;240;144;4;4
14,19,mh_fast,mh_ffn_fused_c128_project_mapped_g128_qkv_bytein_fb,block11,2232,256,4571136,5.395480156,5.555399895,0.159920007,28.311939240,_;_;_;_;_;35712;240;144;248;4;0
14,20,mh_fused,c128_attention_project_fb_bout_diag,block11,558,512,558,5.556759834,5.648600101,0.091839999,28.311939240,_;_;_;_;248;144;4;240;144;4;0
14,21,mh_fast,mh_ffn_fused_c128_project_mapped_g128_qkv_bytein_fb,block12,2280,256,4669440,5.650119781,5.783319950,0.133200005,28.311939240,_;_;_;_;_;36480;240;144;240;0;4
14,22,mh_fused,c128_attention_project_fb_bout_diag,block12,570,512,570,5.790160179,5.894919872,0.104759999,28.311939240,_;_;_;_;240;152;4;240;144;0;4
14,23,mh_fast,mh_ffn_fused_c128_project_g128_qkv_bytein_fb,block13,2160,256,4423680,5.896359921,6.040919781,0.144559994,28.311939240,_;_;_;_;_;34560;240;144;240;0;0
14,24,mh_fused,c128_attention_project_fb_bout_diag,block13,540,512,540,6.043560028,6.140240192,0.096680000,28.311939240,_;_;_;_;240;144;4;0;0;0;0
14,25,mh_fast,mh_ffn_fused_c128_project_mapped_g128_qkv_bytein_fb,block14,2356,256,4825088,6.141719818,6.300159931,0.158439994,28.311939240,_;_;_;_;_;37696;240;144;248;4;4
14,26,mh_fused,c128_attention_project_fb_diag,block14,589,512,589,6.307479858,6.414999962,0.107519999,28.311939240,_;_;_;_;248;152;3;240;144;4;4
14,27,mh_fast,mh_pool_project_group_c128,block15,540,128,2211840,6.416480064,6.487239838,0.070759997,28.311939240,_;_;_;120;72;240;0;0
14,28,mh_fast,mh_ffn_fused_c256_frag_project_g128_qkv_fb,block15,540,512,2211840,6.489920139,6.615159988,0.125239998,28.311939240,_;_;_;_;_;8640;120;72;120;0;0
14,29,mh_fused,c256_attention_project_fb_bout_diag,block15,135,512,135,6.616680145,6.703599930,0.086920001,28.311939240,_;_;_;_;120;72;4;0;0;0;0
14,30,mh_fast,mh_ffn_fused_c256_frag_project_mapped_g128_qkv_bytein_fb,block16,640,512,2621440,6.705359936,6.839119911,0.133760005,28.311939240,_;_;_;_;_;10240;120;72;128;4;4
14,31,mh_fused,c256_attention_project_fb_bout_diag,block16,160,512,160,6.841720104,6.937839985,0.096120000,28.311939240,_;_;_;_;128;80;4;120;72;4;4
14,32,mh_fast,mh_ffn_fused_c256_frag_project_mapped_g128_qkv_bytein_fb,block17,576,512,2359296,6.939559937,7.074920177,0.135360003,28.311939240,_;_;_;_;_;9216;120;72;128;4;0
14,33,mh_fused,c256_attention_project_fb_bout_diag,block17,144,512,144,7.076439857,7.169680119,0.093240000,28.311939240,_;_;_;_;128;72;4;120;72;4;0
14,34,mh_fast,mh_ffn_fused_c256_frag_project_mapped_g128_qkv_bytein_fb,block18,600,512,2457600,7.171440125,7.300519943,0.129079998,28.311939240,_;_;_;_;_;9600;120;72;120;0;4
14,35,mh_fused,c256_attention_project_fb_bout_diag,block18,150,512,150,7.301879883,7.397520065,0.095640004,28.311939240,_;_;_;_;120;80;4;120;72;0;4
14,36,mh_fast,mh_ffn_fused_c256_frag_project_g128_qkv_bytein_fb,block19,540,512,2211840,7.399240017,7.524119854,0.124880001,28.311939240,_;_;_;_;_;8640;120;72;120;0;0
14,37,mh_fused,c256_attention_project_fb_bout_diag,block19,135,512,135,7.525519848,7.617000103,0.091480002,28.311939240,_;_;_;_;120;72;4;0;0;0;0
14,38,mh_fast,mh_ffn_fused_c256_frag_project_mapped_g128_qkv_bytein_fb,block20,640,512,2621440,7.618480206,7.751999855,0.133520007,28.311939240,_;_;_;_;_;10240;120;72;128;4;4
14,39,mh_fused,c256_attention_project_fb_bout_diag,block20,160,512,160,7.753359795,7.847799778,0.094439998,28.311939240,_;_;_;_;128;80;4;120;72;4;4
14,40,mh_fast,mh_ffn_fused_c256_frag_project_mapped_g128_qkv_bytein_fb,block21,576,512,2359296,7.849480152,7.984200001,0.134719998,28.311939240,_;_;_;_;_;9216;120;72;128;4;0
14,41,mh_fused,c256_attention_project_fb_bout_diag,block21,144,512,144,7.985720158,8.078399658,0.092680000,28.311939240,_;_;_;_;128;72;4;120;72;4;0
14,42,mh_fast,mh_ffn_fused_c256_frag_project_mapped_g128_qkv_bytein_fb,block22,600,512,2457600,8.080160141,8.210559845,0.130400002,28.311939240,_;_;_;_;_;9600;120;72;120;0;4
14,43,mh_fused,c256_attention_project_fb_diag,block22,150,512,150,8.211919785,8.308159828,0.096239999,28.311939240,_;_;_;_;120;80;3;120;72;0;4
14,44,mh_fast,mh_pool_project_group_c256,block23,135,256,1105920,8.310279846,8.372639656,0.062360000,28.311939240,_;_;_;60;36;120;0;0
14,45,mh,mh_shift_pack,block23,5120,256,1310720,8.376319885,8.438360214,0.062040001,28.311939240,_;_;60;36;64;40;0;0;512;0
14,46,deep_fast,split_mix_blocked_h16w,block23,1280,32,1310720,8.446240425,8.519760132,0.073519997,28.311939240,_;_;_;2560
14,47,deep_fast,split_ffn_fused_fp8_t8,block23,1280,128,1310720,8.523480415,8.592439651,0.068960004,28.311939240,_;_;_;_;2560
14,48,deep_fast,split_projection_frag,block23,1280,32,1310720,8.593959808,8.653400421,0.059440002,28.311939240,_;_;_;_;_;2560
14,49,mh_fast,mh_qkv_normalize_frag_c512,block23,3840,32,3932160,8.657719612,8.738400459,0.080679998,28.311939240,_;_;_;2560
14,50,mh_fused,mh_attention_fused_fp8_out,block23,640,128,640,8.741040230,8.807559967,0.066519998,28.311939240,_;_;_;64;40;512
14,51,mh_fast,mh_attention_project_frag_c512,block23,1280,32,1310720,8.809000015,8.884480476,0.075479999,28.311939240,_;_;_;_;2560;0;60;36;64;0;0
14,52,mh,mh_shift_pack,block24,5120,256,1310720,8.888199806,8.944640160,0.056439999,28.311939240,_;_;60;36;64;40;4;4;512;0
14,53,deep_fast,split_mix_blocked_h16w,block24,1280,32,1310720,8.950920105,9.023920059,0.072999999,28.311939240,_;_;_;2560
14,54,deep_fast,split_ffn_fused_fp8_t8,block24,1280,128,1310720,9.027680397,9.096039772,0.068360001,28.311939240,_;_;_;_;2560
14,55,deep_fast,split_projection_frag,block24,1280,32,1310720,9.097439766,9.156279564,0.058839999,28.311939240,_;_;_;_;_;2560
14,56,mh_fast,mh_qkv_normalize_frag_c512,block24,3840,32,3932160,9.160759926,9.240639687,0.079879999,28.311939240,_;_;_;2560
14,57,mh_fused,mh_attention_fused_fp8_out,block24,640,128,640,9.243280411,9.303159714,0.059880000,28.311939240,_;_;_;64;40;512
14,58,mh_fast,mh_attention_project_frag_c512,block24,1280,32,1310720,9.304599762,9.381480217,0.076880001,28.311939240,_;_;_;_;2560;0;60;36;64;4;4
14,59,mh,mh_shift_pack,block25,5120,256,1310720,9.385199547,9.443240166,0.058040000,28.311939240,_;_;60;36;64;40;4;0;512;0
14,60,deep_fast,split_mix_blocked_h16w,block25,1280,32,1310720,9.451040268,9.522439957,0.071400002,28.311939240,_;_;_;2560
14,61,deep_fast,split_ffn_fused_fp8_t8,block25,1280,128,1310720,9.526120186,9.594120026,0.068000004,28.311939240,_;_;_;_;2560
14,62,deep_fast,split_projection_frag,block25,1280,32,1310720,9.595560074,9.656040192,0.060479999,28.311939240,_;_;_;_;_;2560
14,63,mh_fast,mh_qkv_normalize_frag_c512,block25,3840,32,3932160,9.660400391,9.742280006,0.081880003,28.311939240,_;_;_;2560
14,64,mh_fused,mh_attention_fused_fp8_out,block25,640,128,640,9.743639946,9.807760239,0.064120002,28.311939240,_;_;_;64;40;512
14,65,mh_fast,mh_attention_project_frag_c512,block25,1280,32,1310720,9.809200287,9.884639740,0.075439997,28.311939240,_;_;_;_;2560;0;60;36;64;4;0
14,66,mh,mh_shift_pack,block26,5120,256,1310720,9.888360023,9.946999550,0.058639999,28.311939240,_;_;60;36;64;40;0;4;512;0
14,67,deep_fast,split_mix_blocked_h16w,block26,1280,32,1310720,9.954640388,10.027359962,0.072719999,28.311939240,_;_;_;2560
14,68,deep_fast,split_ffn_fused_fp8_t8,block26,1280,128,1310720,10.031080246,10.100760460,0.069679998,28.311939240,_;_;_;_;2560
14,69,deep_fast,split_projection_frag,block26,1280,32,1310720,10.102199554,10.161600113,0.059400000,28.311939240,_;_;_;_;_;2560
14,70,mh_fast,mh_qkv_normalize_frag_c512,block26,3840,32,3932160,10.165960312,10.246959686,0.081000000,28.311939240,_;_;_;2560
14,71,mh_fused,mh_attention_fused_fp8_out,block26,640,128,640,10.249560356,10.286999702,0.037439998,28.311939240,_;_;_;64;40;512
14,72,mh_fast,mh_attention_project_frag_c512,block26,1280,32,1310720,10.288439751,10.356639862,0.068200000,28.311939240,_;_;_;_;2560;0;60;36;64;0;4
14,73,mh,mh_shift_pack,block27,5120,256,1310720,10.360360146,10.418439865,0.058079999,28.311939240,_;_;60;36;64;40;0;0;512;0
14,74,deep_fast,split_mix_blocked_h16w,block27,1280,32,1310720,10.424920082,10.498760223,0.073840000,28.311939240,_;_;_;2560
14,75,deep_fast,split_ffn_fused_fp8_t8,block27,1280,128,1310720,10.502440453,10.570159912,0.067720003,28.311939240,_;_;_;_;2560
14,76,deep_fast,split_projection_frag,block27,1280,32,1310720,10.571640015,10.630960464,0.059319999,28.311939240,_;_;_;_;_;2560
14,77,mh_fast,mh_qkv_normalize_frag_c512,block27,3840,32,3932160,10.635319710,10.716879845,0.081560001,28.311939240,_;_;_;2560
14,78,mh_fused,mh_attention_fused_fp8_out,block27,640,128,640,10.719479561,10.786199570,0.066720001,28.311939240,_;_;_;64;40;512
14,79,mh_fast,mh_attention_project_frag_c512,block27,1280,32,1310720,10.787599564,10.863840103,0.076240003,28.311939240,_;_;_;_;2560;0;60;36;64;0;0
14,80,mh,mh_shift_pack,block28,5120,256,1310720,10.867639542,10.972599983,0.104960002,28.311939240,_;_;60;36;64;40;4;4;512;0
14,81,deep_fast,split_mix_blocked_h16w,block28,1280,32,1310720,10.979960442,11.030039787,0.050080001,28.311939240,_;_;_;2560
14,82,deep_fast,split_ffn_fused_fp8_t8,block28,1280,128,1310720,11.033760071,11.102800369,0.069040000,28.311939240,_;_;_;_;2560
14,83,deep_fast,split_projection_frag,block28,1280,32,1310720,11.104319572,11.162719727,0.058400001,28.311939240,_;_;_;_;_;2560
14,84,mh_fast,mh_qkv_normalize_frag_c512,block28,3840,32,3932160,11.167079926,11.250439644,0.083360001,28.311939240,_;_;_;2560
14,85,mh_fused,mh_attention_fused_fp8_out,block28,640,128,640,11.253120422,11.312720299,0.059599999,28.311939240,_;_;_;64;40;512
14,86,mh_fast,mh_attention_project_frag_c512,block28,1280,32,1310720,11.314200401,11.387479782,0.073279999,28.311939240,_;_;_;_;2560;0;60;36;64;4;4
14,87,mh,mh_shift_pack,block29,5120,256,1310720,11.391200066,11.449000359,0.057799999,28.311939240,_;_;60;36;64;40;4;0;512;0
14,88,deep_fast,split_mix_blocked_h16w,block29,1280,32,1310720,11.455519676,11.530119896,0.074600004,28.311939240,_;_;_;2560
14,89,deep_fast,split_ffn_fused_fp8_t8,block29,1280,128,1310720,11.533840179,11.602439880,0.068599999,28.311939240,_;_;_;_;2560
14,90,deep_fast,split_projection_frag,block29,1280,32,1310720,11.603960037,11.664199829,0.060240000,28.311939240,_;_;_;_;_;2560
14,91,mh_fast,mh_qkv_normalize_frag_c512,block29,3840,32,3932160,11.668479919,11.750359535,0.081880003,28.311939240,_;_;_;2560
14,92,mh_fused,mh_attention_fused_fp8_out,block29,640,128,640,11.752960205,11.813159943,0.060199998,28.311939240,_;_;_;64;40;512
14,93,mh_fast,mh_attention_project_frag_c512,block29,1280,32,1310720,11.814559937,11.891880035,0.077320002,28.311939240,_;_;_;_;2560;0;60;36;64;4;0
14,94,mh,mh_shift_pack,block30,5120,256,1310720,11.895640373,11.953280449,0.057640001,28.311939240,_;_;60;36;64;40;0;4;512;0
14,95,deep_fast,split_mix_blocked_h16w,block30,1280,32,1310720,11.959360123,12.035200119,0.075839996,28.311939240,_;_;_;2560
14,96,deep_fast,split_ffn_fused_fp8_t8,block30,1280,128,1310720,12.036560059,12.085479736,0.048920002,28.311939240,_;_;_;_;2560
14,97,deep_fast,split_projection_frag,block30,1280,32,1310720,12.087080002,12.120559692,0.033480000,28.311939240,_;_;_;_;_;2560
14,98,mh_fast,mh_qkv_normalize_frag_c512,block30,3840,32,3932160,12.124919891,12.179920197,0.055000000,28.311939240,_;_;_;2560
14,99,mh_fused,mh_attention_fused_fp8_out,block30,640,128,640,12.181320190,12.240599632,0.059280001,28.311939240,_;_;_;64;40;512
14,100,mh_fast,mh_attention_project_frag_c512,block30,1280,32,1310720,12.242079735,12.307239532,0.065159999,28.311939240,_;_;_;_;2560;3;60;36;64;0;4
14,101,mh,mh_pool,head,1280,256,327680,12.310999870,12.361080170,0.050080001,28.311939240,_;_;32;20;60;30;18;512
14,102,mh_fast,mh_pool_project_production_h16w,head,2560,32,655360,12.367679596,12.505920410,0.138239995,28.311939240,_;_;_;32;20;30;18;512
14,103,deep,vit_gather,block31,2560,256,655360,12.507880211,12.560319901,0.052439999,28.311939240,_;_;_;655360
14,104,deep_fast,vit_pack_input,block31,640,256,163840,12.567359924,12.614959717,0.047600001,28.311939240,_;_;655360
14,105,deep_fast,vit_expand_blocked_fp8_frag_bytein,block31,2560,32,2621440,12.619839668,12.700360298,0.080519997,28.311939240,_;_;_;640;1024;4096
14,106,deep_fast,vit_contract_blocked_fp8_frag,block31,640,32,655360,12.702079773,12.787839890,0.085759997,28.311939240,_;_;_;_;640;4096;1024
14,107,deep_fast,vit_qkv_project_normalize_fused_f16compact_fp8_frag,block31,3840,32,1966080,12.790599823,12.902520180,0.111919999,28.311939240,_;_;_;640
14,108,deep_fast,vit_attention_fused_640_bytein,block31,1280,32,327680,12.904239655,12.983920097,0.079680003,28.311939240,_;_;640
14,109,deep_fast,vit_project_frag,block31,2560,32,655360,12.986680031,13.099599838,0.112920001,28.311939240,_;_;_;_;640;1024;1024
14,110,deep_fast,vit_pack_input,block32,640,256,163840,13.101599693,13.149080276,0.047479998,28.311939240,_;_;655360
14,111,deep_fast,vit_expand_blocked_fp8_frag_bytein,block32,2560,32,2621440,13.155320168,13.234239578,0.078919999,28.311939240,_;_;_;640;1024;4096
14,112,deep_fast,vit_contract_blocked_fp8_frag,block32,640,32,655360,13.235960007,13.321880341,0.085919999,28.311939240,_;_;_;_;640;4096;1024
14,113,deep_fast,vit_qkv_project_normalize_fused_f16compact_fp8_frag,block32,3840,32,1966080,13.324600220,13.440279961,0.115680002,28.311939240,_;_;_;640
14,114,deep_fast,vit_attention_fused_640_bytein,block32,1280,32,327680,13.442000389,13.541119576,0.099119999,28.311939240,_;_;640
14,115,deep_fast,vit_project_frag,block32,2560,32,655360,13.543880463,13.657119751,0.113240004,28.311939240,_;_;_;_;640;1024;1024
14,116,deep_fast,vit_pack_input,block33,640,256,163840,13.659159660,13.707039833,0.047880001,28.311939240,_;_;655360
14,117,deep_fast,vit_expand_blocked_fp8_frag_bytein,block33,2560,32,2621440,13.712160110,13.791560173,0.079400003,28.311939240,_;_;_;640;1024;4096
14,118,deep_fast,vit_contract_blocked_fp8_frag,block33,640,32,655360,13.793279648,13.878439903,0.085160002,28.311939240,_;_;_;_;640;4096;1024
14,119,deep_fast,vit_qkv_project_normalize_fused_f16compact_fp8_frag,block33,3840,32,1966080,13.881159782,13.993880272,0.112719998,28.311939240,_;_;_;640
14,120,deep_fast,vit_attention_fused_640_bytein,block33,1280,32,327680,13.995559692,14.094719887,0.099160001,28.311939240,_;_;640
14,121,deep_fast,vit_project_frag,block33,2560,32,655360,14.097439766,14.237279892,0.139840007,28.311939240,_;_;_;_;640;1024;1024
14,122,deep_fast,vit_pack_input,block34,640,256,163840,14.239279747,14.286680222,0.047400001,28.311939240,_;_;655360
14,123,deep_fast,vit_expand_blocked_fp8_frag_bytein,block34,2560,32,2621440,14.293080330,14.373040199,0.079960003,28.311939240,_;_;_;640;1024;4096
14,124,deep_fast,vit_contract_blocked_fp8_frag,block34,640,32,655360,14.374759674,14.462200165,0.087439999,28.311939240,_;_;_;_;640;4096;1024
14,125,deep_fast,vit_qkv_project_normalize_fused_f16compact_fp8_frag,block34,3840,32,1966080,14.464960098,14.579839706,0.114880003,28.311939240,_;_;_;640
14,126,deep_fast,vit_attention_fused_640_bytein,block34,1280,32,327680,14.581520081,14.679960251,0.098439999,28.311939240,_;_;640
14,127,deep_fast,vit_project_frag,block34,2560,32,655360,14.682720184,14.793399811,0.110679999,28.311939240,_;_;_;_;640;1024;1024
14,128,deep_fast,vit_pack_input,block35,640,256,163840,14.795479774,14.843959808,0.048480000,28.311939240,_;_;655360
14,129,deep_fast,vit_expand_blocked_fp8_frag_bytein,block35,2560,32,2621440,14.850440025,14.928600311,0.078160003,28.311939240,_;_;_;640;1024;4096
14,130,deep_fast,vit_contract_blocked_fp8_frag,block35,640,32,655360,14.930319786,15.015680313,0.085359998,28.311939240,_;_;_;_;640;4096;1024
14,131,deep_fast,vit_qkv_project_normalize_fused_f16compact_fp8_frag,block35,3840,32,1966080,15.018440247,15.133760452,0.115319997,28.311939240,_;_;_;640
14,132,deep_fast,vit_attention_fused_640_bytein,block35,1280,32,327680,15.135439873,15.234160423,0.098719999,28.311939240,_;_;640
14,133,deep_fast,vit_project_frag,block35,2560,32,655360,15.236920357,15.348320007,0.111400001,28.311939240,_;_;_;_;640;1024;1024
14,134,deep_fast,vit_pack_input,block36,640,256,163840,15.350399971,15.398559570,0.048160002,28.311939240,_;_;655360
14,135,deep_fast,vit_expand_blocked_fp8_frag_bytein,block36,2560,32,2621440,15.404760361,15.484840393,0.080080003,28.311939240,_;_;_;640;1024;4096
14,136,deep_fast,vit_contract_blocked_fp8_frag,block36,640,32,655360,15.486559868,15.573120117,0.086560003,28.311939240,_;_;_;_;640;4096;1024
14,137,deep_fast,vit_qkv_project_normalize_fused_f16compact_fp8_frag,block36,3840,32,1966080,15.575920105,15.690600395,0.114680000,28.311939240,_;_;_;640
14,138,deep_fast,vit_attention_fused_640_bytein,block36,1280,32,327680,15.692279816,15.791080475,0.098800004,28.311939240,_;_;640
14,139,deep_fast,vit_project_frag,block36,2560,32,655360,15.793800354,15.905639648,0.111840002,28.311939240,_;_;_;_;640;1024;1024
14,140,deep_fast,vit_pack_input,block37,640,256,163840,15.907719612,15.955360413,0.047640000,28.311939240,_;_;655360
14,141,deep_fast,vit_expand_blocked_fp8_frag_bytein,block37,2560,32,2621440,15.961480141,16.039079666,0.077600002,28.311939240,_;_;_;640;1024;4096
14,142,deep_fast,vit_contract_blocked_fp8_frag,block37,640,32,655360,16.040800095,16.126319885,0.085519999,28.311939240,_;_;_;_;640;4096;1024
14,143,deep_fast,vit_qkv_project_normalize_fused_f16compact_fp8_frag,block37,3840,32,1966080,16.129079819,16.239999771,0.110919997,28.311939240,_;_;_;640
14,144,deep_fast,vit_attention_fused_640_bytein,block37,1280,32,327680,16.241680145,16.342960358,0.101279996,28.311939240,_;_;640
14,145,deep_fast,vit_project_frag,block37,2560,32,655360,16.345680237,16.457599640,0.111919999,28.311939240,_;_;_;_;640;1024;1024
14,146,deep_fast,vit_pack_input,block38,640,256,163840,16.459680557,16.501640320,0.041960001,28.311939240,_;_;655360
14,147,deep_fast,vit_expand_blocked_fp8_frag_bytein,block38,2560,32,2621440,16.507799149,16.586479187,0.078680001,28.311939240,_;_;_;640;1024;4096
14,148,deep_fast,vit_contract_blocked_fp8_frag,block38,640,32,655360,16.588279724,16.673879623,0.085600004,28.311939240,_;_;_;_;640;4096;1024
14,149,deep_fast,vit_qkv_project_normalize_fused_f16compact_fp8_frag,block38,3840,32,1966080,16.676679611,16.788240433,0.111560002,28.311939240,_;_;_;640
14,150,deep_fast,vit_attention_fused_640_bytein,block38,1280,32,327680,16.789960861,16.888280869,0.098320000,28.311939240,_;_;640
14,151,deep_fast,vit_project_frag,block38,2560,32,655360,16.891000748,17.023199081,0.132200003,28.311939240,_;_;_;_;640;1024;1024
14,152,deep,vit_gather,block39,2560,256,655360,17.075359344,17.075719833,0.000360000,28.311939240,_;_;_;655360
14,153,deep_fast,decoder_project2x_h16w,block39,1280,32,327680,17.142040253,17.142679214,0.000640000,28.311939240,_;_;_;_;32;20;60;36;1024;512
14,154,mh,mh_shift_pack,block40,5120,256,1310720,17.145719528,17.200519562,0.054800000,28.311939240,_;_;60;36;64;40;0;0;512;0
14,155,deep_fast,split_mix_blocked_h16w,block40,1280,32,1310720,17.208080292,17.256320953,0.048239999,28.311939240,_;_;_;2560
14,156,deep_fast,split_ffn_fused_fp8_t8,block40,1280,128,1310720,17.328279495,17.328639984,0.000360000,28.311939240,_;_;_;_;2560
14,157,deep_fast,split_projection_frag,block40,1280,32,1310720,17.361679077,17.362199783,0.000520000,28.311939240,_;_;_;_;_;2560
14,158,mh_fast,mh_qkv_normalize_frag_c512,block40,3840,32,3932160,17.366519928,17.452079773,0.085560001,28.311939240,_;_;_;2560
14,159,mh_fused,mh_attention_fused_fp8_out,block40,640,128,640,17.453439713,17.517639160,0.064199999,28.311939240,_;_;_;64;40;512
14,160,mh_fast,mh_attention_project_frag_c512,block40,1280,32,1310720,17.590919495,17.591400146,0.000480000,28.311939240,_;_;_;_;2560;0;60;36;64;0;0
14,161,mh,mh_shift_pack,block41,5120,256,1310720,17.595119476,17.649520874,0.054400001,28.311939240,_;_;60;36;64;40;4;4;512;0
14,162,deep_fast,split_mix_blocked_h16w,block41,1280,32,1310720,17.705799103,17.706279755,0.000480000,28.311939240,_;_;_;2560
14,163,deep_fast,split_ffn_fused_fp8_t8,block41,1280,128,1310720,17.709999084,17.776399612,0.066399999,28.311939240,_;_;_;_;2560
14,164,deep_fast,split_projection_frag,block41,1280,32,1310720,17.777879715,17.835920334,0.058040000,28.311939240,_;_;_;_;_;2560
14,165,mh_fast,mh_qkv_normalize_frag_c512,block41,3840,32,3932160,17.840280533,17.914760590,0.074479997,28.311939240,_;_;_;2560
14,166,mh_fused,mh_attention_fused_fp8_out,block41,640,128,640,17.917400360,17.982679367,0.065279998,28.311939240,_;_;_;64;40;512
14,167,mh_fast,mh_attention_project_frag_c512,block41,1280,32,1310720,18.054239273,18.054800034,0.000560000,28.311939240,_;_;_;_;2560;0;60;36;64;4;4
14,168,mh,mh_shift_pack,block44,5120,256,1310720,18.058559418,18.113559723,0.055000000,28.311939240,_;_;60;36;64;40;0;0;512;0
14,169,deep_fast,split_mix_blocked_h16w,block44,1280,32,1310720,18.167999268,18.168640137,0.000640000,28.311939240,_;_;_;2560
14,170,deep_fast,split_ffn_fused_fp8_t8,block44,1280,128,1310720,18.172359467,18.239000320,0.066639997,28.311939240,_;_;_;_;2560
14,171,deep_fast,split_projection_frag,block44,1280,32,1310720,18.295759201,18.296319962,0.000560000,28.311939240,_;_;_;_;_;2560
14,172,mh_fast,mh_qkv_normalize_frag_c512,block44,3840,32,3932160,18.300640106,18.379800797,0.079159997,28.311939240,_;_;_;2560
14,173,mh_fused,mh_attention_fused_fp8_out,block44,640,128,640,18.381200790,18.444160461,0.062959999,28.311939240,_;_;_;64;40;512
14,174,mh_fast,mh_attention_project_frag_c512,block44,1280,32,1310720,18.445600510,18.513439178,0.067840002,28.311939240,_;_;_;_;2560;0;60;36;64;0;0
14,175,mh,mh_shift_pack,block45,5120,256,1310720,18.517200470,18.572879791,0.055679999,28.311939240,_;_;60;36;64;40;4;4;512;0
14,176,deep_fast,split_mix_blocked_h16w,block45,1280,32,1310720,18.627000809,18.627479553,0.000480000,28.311939240,_;_;_;2560
14,177,deep_fast,split_ffn_fused_fp8_t8,block45,1280,128,1310720,18.631280899,18.697240829,0.065959997,28.311939240,_;_;_;_;2560
14,178,deep_fast,split_projection_frag,block45,1280,32,1310720,18.698720932,18.758520126,0.059799999,28.311939240,_;_;_;_;_;2560
14,179,mh_fast,mh_qkv_normalize_frag_c512,block45,3840,32,3932160,18.837480545,18.838039398,0.000560000,28.311939240,_;_;_;2560
14,180,mh_fused,mh_attention_fused_fp8_out,block45,640,128,640,18.839399338,18.904640198,0.065240003,28.311939240,_;_;_;64;40;512
14,181,mh_fast,mh_attention_project_frag_c512,block45,1280,32,1310720,18.906120300,18.999639511,0.093520001,28.311939240,_;_;_;_;2560;0;60;36;64;4;4
14,182,mh,mh_shift_pack,block47,5120,256,1310720,19.003360748,19.172439575,0.169080004,28.311939240,_;_;60;36;64;40;0;4;512;0
14,183,deep_fast,split_mix_blocked_h16w,block47,1280,32,1310720,19.179759979,19.227640152,0.047880001,28.311939240,_;_;_;2560
14,184,deep_fast,split_ffn_fused_fp8_t8,block47,1280,128,1310720,19.231359482,19.299400330,0.068039998,28.311939240,_;_;_;_;2560
14,185,deep_fast,split_projection_frag,block47,1280,32,1310720,19.300920486,19.359319687,0.058400001,28.311939240,_;_;_;_;_;2560
14,186,mh_fast,mh_qkv_normalize_frag_c512,block47,3840,32,3932160,19.363679886,19.444040298,0.080360003,28.311939240,_;_;_;2560
14,187,mh_fused,mh_attention_fused_fp8_out,block47,640,128,640,19.446680069,19.482280731,0.035599999,28.311939240,_;_;_;64;40;512
14,188,mh_fast,mh_attention_project_frag_c512,block47,1280,32,1310720,19.483720779,19.551200867,0.067479998,28.311939240,_;_;_;_;2560;0;60;36;64;0;4
14,189,deep_fast,decoder_project2x_h16w_byteout,block48,2160,32,552960,19.554960251,19.649719238,0.094760001,28.311939240,_;_;_;_;60;36;120;72;512;256
14,190,mh_fast,mh_ffn_fused_c256_frag_project_g128_qkv_bytein_fb,block48,540,512,2211840,19.651319504,19.771320343,0.119999997,28.311939240,_;_;_;_;_;8640;120;72;120;0;0
14,191,mh_fused,c256_attention_project_fb_bout_diag,block48,135,512,135,19.772800446,19.856239319,0.083439998,28.311939240,_;_;_;_;120;72;0;0;0;0;0
14,192,mh_fast,mh_ffn_fused_c256_frag_project_mapped_g128_qkv_bytein_fb,block49,640,512,2621440,19.857879639,19.986040115,0.128160000,28.311939240,_;_;_;_;_;10240;120;72;128;4;4
14,193,mh_fused,c256_attention_project_fb_bout_diag,block49,160,512,160,19.987440109,20.081760406,0.094319999,28.311939240,_;_;_;_;128;80;4;120;72;4;4
14,194,mh_fast,mh_ffn_fused_c256_frag_project_mapped_g128_qkv_bytein_fb,block50,576,512,2359296,20.083480835,20.212760925,0.129280001,28.311939240,_;_;_;_;_;9216;120;72;128;4;0
14,195,mh_fused,c256_attention_project_fb_bout_diag,block50,144,512,144,20.214319229,20.309040070,0.094719999,28.311939240,_;_;_;_;128;72;4;120;72;4;0
14,196,mh_fast,mh_ffn_fused_c256_frag_project_mapped_g128_qkv_bytein_fb,block51,600,512,2457600,20.310840607,20.433160782,0.122319996,28.311939240,_;_;_;_;_;9600;120;72;120;0;4
14,197,mh_fused,c256_attention_project_fb_bout_diag,block51,150,512,150,20.434520721,20.530719757,0.096199997,28.311939240,_;_;_;_;120;80;4;120;72;0;4
14,198,mh_fast,mh_ffn_fused_c256_frag_project_g128_qkv_bytein_fb,block52,540,512,2211840,20.532440186,20.652320862,0.119879998,28.311939240,_;_;_;_;_;8640;120;72;120;0;0
14,199,mh_fused,c256_attention_project_fb_bout_diag,block52,135,512,135,20.653720856,20.721000671,0.067280002,28.311939240,_;_;_;_;120;72;4;0;0;0;0
14,200,mh_fast,mh_ffn_fused_c256_frag_project_mapped_g128_qkv_bytein_fb,block53,640,512,2621440,20.722719193,20.852960587,0.130239993,28.311939240,_;_;_;_;_;10240;120;72;128;4;4
14,201,mh_fused,c256_attention_project_fb_bout_diag,block53,160,512,160,20.854360580,20.948520660,0.094159998,28.311939240,_;_;_;_;128;80;4;120;72;4;4
14,202,mh_fast,mh_ffn_fused_c256_frag_project_mapped_g128_qkv_bytein_fb,block54,576,512,2359296,20.950399399,21.080839157,0.130439997,28.311939240,_;_;_;_;_;9216;120;72;128;4;0
14,203,mh_fused,c256_attention_project_fb_bout_diag,block54,144,512,144,21.082399368,21.178319931,0.095919997,28.311939240,_;_;_;_;128;72;4;120;72;4;0
14,204,mh_fast,mh_ffn_fused_c256_frag_project_mapped_g128_qkv_bytein_fb,block55,600,512,2457600,21.180080414,21.303159714,0.123080000,28.311939240,_;_;_;_;_;9600;120;72;120;0;4
14,205,mh_fused,c256_attention_project_fb_diag,block55,150,512,150,21.305839539,21.405439377,0.099600002,28.311939240,_;_;_;_;120;80;0;120;72;0;4
14,206,deep_fast,decoder_project2x_h16w_byteout,block56,4320,32,1105920,21.407520294,21.522319794,0.114799999,28.311939240,_;_;_;_;120;72;240;144;256;128
14,207,mh_fast,mh_ffn_fused_c128_project_mapped_g128_qkv_bytein_fb,block56,2232,256,4571136,21.524000168,21.679319382,0.155320004,28.311939240,_;_;_;_;_;35712;240;144;248;4;0
14,208,mh_fused,c128_attention_project_fb_bout_diag,block56,558,512,558,21.680679321,21.790119171,0.109439999,28.311939240,_;_;_;_;248;144;4;240;144;4;0
14,209,mh_fast,mh_ffn_fused_c128_project_mapped_g128_qkv_bytein_fb,block57,2280,256,4669440,21.791639328,21.937839508,0.146200001,28.311939240,_;_;_;_;_;36480;240;144;240;0;4
14,210,mh_fused,c128_attention_project_fb_bout_diag,block57,570,512,570,21.944719315,22.051120758,0.106399998,28.311939240,_;_;_;_;240;152;4;240;144;0;4
14,211,mh_fast,mh_ffn_fused_c128_project_g128_qkv_bytein_fb,block58,2160,256,4423680,22.052600861,22.193840027,0.141240001,28.311939240,_;_;_;_;_;34560;240;144;240;0;0
14,212,mh_fused,c128_attention_project_fb_bout_diag,block58,540,512,540,22.196479797,22.294240952,0.097759999,28.311939240,_;_;_;_;240;144;4;0;0;0;0
14,213,mh_fast,mh_ffn_fused_c128_project_mapped_g128_qkv_bytein_fb,block59,2356,256,4825088,22.295719147,22.446559906,0.150839999,28.311939240,_;_;_;_;_;37696;240;144;248;4;4
14,214,mh_fused,c128_attention_project_fb_bout_diag,block59,589,512,589,22.453439713,22.562719345,0.109279998,28.311939240,_;_;_;_;248;152;4;240;144;4;4
14,215,mh_fast,mh_ffn_fused_c128_project_mapped_g128_qkv_bytein_fb,block60,2232,256,4571136,22.564159393,22.717639923,0.153479993,28.311939240,_;_;_;_;_;35712;240;144;248;4;0
14,216,mh_fused,c128_attention_project_fb_bout_diag,block60,558,512,558,22.719079971,22.827480316,0.108400002,28.311939240,_;_;_;_;248;144;4;240;144;4;0
14,217,mh_fast,mh_ffn_fused_c128_project_mapped_g128_qkv_bytein_fb,block61,2280,256,4669440,22.828960419,22.978719711,0.149759993,28.311939240,_;_;_;_;_;36480;240;144;240;0;4
14,218,mh_fused,c128_attention_project_fb_diag,block61,570,512,570,22.985120773,23.074960709,0.089840002,28.311939240,_;_;_;_;240;152;0;240;144;0;4
14,219,deep_fast,decoder_project2x_h16w_byteout,block62,8640,32,2211840,23.076679230,23.229839325,0.153160006,28.311939240,_;_;_;_;240;144;480;288;128;64
14,220,mh_fast,mh_ffn_fused_c64_project_g128_qkv_bytein_fb,block62,8640,128,8847360,23.231559753,23.412679672,0.181119993,28.311939240,_;_;_;_;_;138240;480;288;480;0;0
14,221,mh_fused,c64_attention_project_fb_bout_diag,block62,2160,256,2160,23.414079666,23.546360016,0.132280007,28.311939240,_;_;_;_;480;288;4;0;0;0;0
14,222,mh_fast,mh_ffn_fused_c64_project_mapped_g128_qkv_bytein_fb,block63,9028,128,9244672,23.547760010,23.764720917,0.216959998,28.311939240,_;_;_;_;_;144448;480;288;488;4;4
14,223,mh_fused,c64_attention_project_fb_bout_diag,block63,2257,256,2257,23.766120911,23.926759720,0.160640001,28.311939240,_;_;_;_;488;296;4;480;288;4;4
14,224,mh_fast,mh_ffn_fused_c64_project_mapped_g128_qkv_bytein_fb,block64,8784,128,8994816,23.928199768,24.139120102,0.210920006,28.311939240,_;_;_;_;_;140544;480;288;488;4;0
14,225,mh_fused,c64_attention_project_fb_bout_diag,block64,2196,256,2196,24.140520096,24.296640396,0.156120002,28.311939240,_;_;_;_;488;288;4;480;288;4;0
14,226,mh_fast,mh_ffn_fused_c64_project_mapped_g128_qkv_bytein_fb,block65,8880,128,9093120,24.298160553,24.509479523,0.211319998,28.311939240,_;_;_;_;_;142080;480;288;480;0;4
14,227,mh_fused,c64_attention_project_fb_diag,block65,2220,256,2220,24.510879517,24.676839828,0.165959999,28.311939240,_;_;_;_;480;296;0;480;288;0;4
14,228,deep_fast,decoder_project2x_h16w,block69,17280,32,4423680,24.678480148,25.015159607,0.336679995,28.311939240,_;_;_;_;480;288;960;576;64;32
14,229,c32_fused_ffn,c32_fast_ffn_attention_fused_half_mapped,block69,8640,128,8640,25.018159866,25.421539307,0.403380007,28.311939240,_;_;_;_;8640;0;1;960;576;0;0
14,230,c32_fused_ffn,c32_fast_ffn_attention_fused_half_chain,block69,8833,128,8833,25.422979355,25.825040817,0.402060002,28.311939240,_;_;_;_;8833;3;1;960;576;4;4;960;0;0
14,231,c32_fused_ffn,c32_fast_ffn_attention_fused_half_chain,block69,8712,128,8712,25.826599121,26.227439880,0.400840014,28.311939240,_;_;_;_;8712;3;1;960;576;4;0;968;4;4
14,232,c32_fused_ffn,c32_fast_ffn_attention_fused_half_chain_finish,block69,8760,128,8760,26.229040146,26.663339615,0.434300005,28.311939240,_;_;_;_;_;8760;3;1;960;576;0;4;968;4;0
14,233,c32_fused_ffn,c32_post_merge_head_half,block70,34945,128,34945,26.664899826,28.243339539,1.578439951,28.311939240,_;_;_;_;_;_;_;_;34945;1920;1152;4;4;_
15,0,c32_fused_ffn,c32_fast_ffn_attention_fused_half_prefix_finish_main8,pre-down,34560,128,34560,0.004640000,1.585360050,1.580719948,28.623920441,_;_;_;_;_;_;34560;0;1;1920;1152;0;0
15,1,c32_fused_ffn,c32_fast_ffn_attention_fused_half_mapped,block4,8640,128,8640,1.592759967,2.011440039,0.418680012,28.623920441,_;_;_;_;8640;0;1;960;576;0;0
15,2,c32_fused_ffn,c32_fast_ffn_attention_fused_half_chain,block4,8833,128,8833,2.012919903,2.410559893,0.397639990,28.623920441,_;_;_;_;8833;3;1;960;576;4;4;960;0;0
15,3,c32_fused_ffn,c32_fast_ffn_attention_fused_half_chain,block4,8712,128,8712,2.412159920,2.789439917,0.377279997,28.623920441,_;_;_;_;8712;3;1;960;576;4;0;968;4;4
15,4,c32_fused_ffn,c32_fast_ffn_attention_fused_half_chain_finish_dcrop,block4,8760,128,8760,2.790999889,3.220160007,0.429159999,28.623920441,_;_;_;_;_;8760;3;1;960;576;0;4;968;4;0
15,5,mh_fast,mh_pool_project_production_h16w,block5,34560,32,8847360,3.322479963,3.322959900,0.000480000,28.623920441,_;_;_;480;288;0;0;32
15,6,mh_fast,mh_ffn_fused_c64_project_g128_qkv_fb,block5,8640,128,8847360,3.331439972,3.509840012,0.178399995,28.623920441,_;_;_;_;_;138240;480;288;480;0;0
15,7,mh_fused,c64_attention_project_fb_bout_diag,block5,2160,256,2160,3.511240005,3.650360107,0.139119998,28.623920441,_;_;_;_;480;288;4;0;0;0;0
15,8,mh_fast,mh_ffn_fused_c64_project_mapped_g128_qkv_bytein_fb,block6,9028,128,9244672,3.651760101,3.835000038,0.183239996,28.623920441,_;_;_;_;_;144448;480;288;488;4;4
15,9,mh_fused,c64_attention_project_fb_bout_diag,block6,2257,256,2257,3.836400032,3.994040012,0.157639995,28.623920441,_;_;_;_;488;296;4;480;288;4;4
15,10,mh_fast,mh_ffn_fused_c64_project_mapped_g128_qkv_bytein_fb,block7,8784,128,8994816,3.995440006,4.205120087,0.209680006,28.623920441,_;_;_;_;_;140544;480;288;488;4;0
15,11,mh_fused,c64_attention_project_fb_bout_diag,block7,2196,256,2196,4.206520081,4.361919880,0.155399993,28.623920441,_;_;_;_;488;288;4;480;288;4;0
15,12,mh_fast,mh_ffn_fused_c64_project_mapped_g128_qkv_bytein_fb,block8,8880,128,9093120,4.363440037,4.572760105,0.209319994,28.623920441,_;_;_;_;_;142080;480;288;480;0;4
15,13,mh_fused,c64_attention_project_fb_diag,block8,2220,256,2220,4.574160099,4.732399940,0.158240005,28.623920441,_;_;_;_;480;296;3;480;288;0;4
15,14,mh_fast,mh_pool_project_group_c64,block9,2160,64,4423680,4.733960152,4.828000069,0.094039999,28.623920441,_;_;_;240;144;480;0;0
15,15,mh_fast,mh_ffn_fused_c128_project_g128_qkv_fb,block9,2160,256,4423680,4.831999779,4.981160164,0.149159998,28.623920441,_;_;_;_;_;34560;240;144;240;0;0
15,16,mh_fused,c128_attention_project_fb_bout_diag,block9,540,512,540,4.982520103,5.079400063,0.096879996,28.623920441,_;_;_;_;240;144;4;0;0;0;0
15,17,mh_fast,mh_ffn_fused_c128_project_mapped_g128_qkv_bytein_fb,block10,2356,256,4825088,5.080840111,5.236919880,0.156079993,28.623920441,_;_;_;_;_;37696;240;144;248;4;4
15,18,mh_fused,c128_attention_project_fb_bout_diag,block10,589,512,589,5.245200157,5.352880001,0.107680000,28.623920441,_;_;_;_;248;152;4;240;144;4;4
15,19,mh_fast,mh_ffn_fused_c128_project_mapped_g128_qkv_bytein_fb,block11,2232,256,4571136,5.354320049,5.513519764,0.159199998,28.623920441,_;_;_;_;_;35712;240;144;248;4;0
15,20,mh_fused,c128_attention_project_fb_bout_diag,block11,558,512,558,5.514880180,5.622560024,0.107680000,28.623920441,_;_;_;_;248;144;4;240;144;4;0
15,21,mh_fast,mh_ffn_fused_c128_project_mapped_g128_qkv_bytein_fb,block12,2280,256,4669440,5.624040127,5.772880077,0.148839995,28.623920441,_;_;_;_;_;36480;240;144;240;0;4
15,22,mh_fused,c128_attention_project_fb_bout_diag,block12,570,512,570,5.781159878,5.886400223,0.105240002,28.623920441,_;_;_;_;240;152;4;240;144;0;4
15,23,mh_fast,mh_ffn_fused_c128_project_g128_qkv_bytein_fb,block13,2160,256,4423680,5.887839794,6.033279896,0.145439997,28.623920441,_;_;_;_;_;34560;240;144;240;0;0
15,24,mh_fused,c128_attention_project_fb_bout_diag,block13,540,512,540,6.034599781,6.137440205,0.102839999,28.623920441,_;_;_;_;240;144;4;0;0;0;0
15,25,mh_fast,mh_ffn_fused_c128_project_mapped_g128_qkv_bytein_fb,block14,2356,256,4825088,6.139080048,6.285799980,0.146720007,28.623920441,_;_;_;_;_;37696;240;144;248;4;4
15,26,mh_fused,c128_attention_project_fb_diag,block14,589,512,589,6.294079781,6.401999950,0.107919998,28.623920441,_;_;_;_;248;152;3;240;144;4;4
15,27,mh_fast,mh_pool_project_group_c128,block15,540,128,2211840,6.403480053,6.475520134,0.072039999,28.623920441,_;_;_;120;72;240;0;0
15,28,mh_fast,mh_ffn_fused_c256_frag_project_g128_qkv_fb,block15,540,512,2211840,6.478240013,6.604119778,0.125880003,28.623920441,_;_;_;_;_;8640;120;72;120;0;0
15,29,mh_fused,c256_attention_project_fb_bout_diag,block15,135,512,135,6.605679989,6.693359852,0.087679997,28.623920441,_;_;_;_;120;72;4;0;0;0;0
15,30,mh_fast,mh_ffn_fused_c256_frag_project_mapped_g128_qkv_bytein_fb,block16,640,512,2621440,6.695079803,6.828519821,0.133440003,28.623920441,_;_;_;_;_;10240;120;72;128;4;4
15,31,mh_fused,c256_attention_project_fb_bout_diag,block16,160,512,160,6.829880238,6.929999828,0.100120001,28.623920441,_;_;_;_;128;80;4;120;72;4;4
15,32,mh_fast,mh_ffn_fused_c256_frag_project_mapped_g128_qkv_bytein_fb,block17,576,512,2359296,6.931759834,7.064720154,0.132960007,28.623920441,_;_;_;_;_;9216;120;72;128;4;0
15,33,mh_fused,c256_attention_project_fb_bout_diag,block17,144,512,144,7.066239834,7.159639835,0.093400002,28.623920441,_;_;_;_;128;72;4;120;72;4;0
15,34,mh_fast,mh_ffn_fused_c256_frag_project_mapped_g128_qkv_bytein_fb,block18,600,512,2457600,7.161399841,7.287159920,0.125760004,28.623920441,_;_;_;_;_;9600;120;72;120;0;4
15,35,mh_fused,c256_attention_project_fb_bout_diag,block18,150,512,150,7.288519859,7.381879807,0.093359999,28.623920441,_;_;_;_;120;80;4;120;72;0;4
15,36,mh_fast,mh_ffn_fused_c256_frag_project_g128_qkv_bytein_fb,block19,540,512,2211840,7.383560181,7.507160187,0.123599999,28.623920441,_;_;_;_;_;8640;120;72;120;0;0
15,37,mh_fused,c256_attention_project_fb_bout_diag,block19,135,512,135,7.508560181,7.590360165,0.081799999,28.623920441,_;_;_;_;120;72;4;0;0;0;0
15,38,mh_fast,mh_ffn_fused_c256_frag_project_mapped_g128_qkv_bytein_fb,block20,640,512,2621440,7.592120171,7.728879929,0.136759996,28.623920441,_;_;_;_;_;10240;120;72;128;4;4
15,39,mh_fused,c256_attention_project_fb_bout_diag,block20,160,512,160,7.730279922,7.826000214,0.095720001,28.623920441,_;_;_;_;128;80;4;120;72;4;4
15,40,mh_fast,mh_ffn_fused_c256_frag_project_mapped_g128_qkv_bytein_fb,block21,576,512,2359296,7.827839851,7.963319778,0.135480002,28.623920441,_;_;_;_;_;9216;120;72;128;4;0
15,41,mh_fused,c256_attention_project_fb_bout_diag,block21,144,512,144,7.964839935,8.057239532,0.092399999,28.623920441,_;_;_;_;128;72;4;120;72;4;0
15,42,mh_fast,mh_ffn_fused_c256_frag_project_mapped_g128_qkv_bytein_fb,block22,600,512,2457600,8.058959961,8.189120293,0.130160004,28.623920441,_;_;_;_;_;9600;120;72;120;0;4
15,43,mh_fused,c256_attention_project_fb_diag,block22,150,512,150,8.190520287,8.286720276,0.096199997,28.623920441,_;_;_;_;120;80;3;120;72;0;4
15,44,mh_fast,mh_pool_project_group_c256,block23,135,256,1105920,8.288800240,8.350720406,0.061919998,28.623920441,_;_;_;60;36;120;0;0
15,45,mh,mh_shift_pack,block23,5120,256,1310720,8.354399681,8.413359642,0.058959998,28.623920441,_;_;60;36;64;40;0;0;512;0
15,46,deep_fast,split_mix_blocked_h16w,block23,1280,32,1310720,8.419960022,8.494640350,0.074680001,28.623920441,_;_;_;2560
15,47,deep_fast,split_ffn_fused_fp8_t8,block23,1280,128,1310720,8.498359680,8.567999840,0.069640003,28.623920441,_;_;_;_;2560
15,48,deep_fast,split_projection_frag,block23,1280,32,1310720,8.569519997,8.629599571,0.060079999,28.623920441,_;_;_;_;_;2560
15,49,mh_fast,mh_qkv_normalize_frag_c512,block23,3840,32,3932160,8.633959770,8.715279579,0.081320003,28.623920441,_;_;_;2560
15,50,mh_fused,mh_attention_fused_fp8_out,block23,640,128,640,8.716600418,8.784480095,0.067879997,28.623920441,_;_;_;64;40;512
15,51,mh_fast,mh_attention_project_frag_c512,block23,1280,32,1310720,8.785880089,8.862119675,0.076240003,28.623920441,_;_;_;_;2560;0;60;36;64;0;0
15,52,mh,mh_shift_pack,block24,5120,256,1310720,8.865880013,8.923680305,0.057799999,28.623920441,_;_;60;36;64;40;4;4;512;0
15,53,deep_fast,split_mix_blocked_h16w,block24,1280,32,1310720,8.929639816,9.007519722,0.077880003,28.623920441,_;_;_;2560
15,54,deep_fast,split_ffn_fused_fp8_t8,block24,1280,128,1310720,9.011280060,9.080599785,0.069320001,28.623920441,_;_;_;_;2560
15,55,deep_fast,split_projection_frag,block24,1280,32,1310720,9.082039833,9.142640114,0.060600001,28.623920441,_;_;_;_;_;2560
15,56,mh_fast,mh_qkv_normalize_frag_c512,block24,3840,32,3932160,9.147040367,9.230079651,0.083039999,28.623920441,_;_;_;2560
15,57,mh_fused,mh_attention_fused_fp8_out,block24,640,128,640,9.231439590,9.295760155,0.064319998,28.623920441,_;_;_;64;40;512
15,58,mh_fast,mh_attention_project_frag_c512,block24,1280,32,1310720,9.297160149,9.371640205,0.074479997,28.623920441,_;_;_;_;2560;0;60;36;64;4;4
15,59,mh,mh_shift_pack,block25,5120,256,1310720,9.375399590,9.434160233,0.058759999,28.623920441,_;_;60;36;64;40;4;0;512;0
15,60,deep_fast,split_mix_blocked_h16w,block25,1280,32,1310720,9.441800117,9.513199806,0.071400002,28.623920441,_;_;_;2560
15,61,deep_fast,split_ffn_fused_fp8_t8,block25,1280,128,1310720,9.517000198,9.585840225,0.068839997,28.623920441,_;_;_;_;2560
15,62,deep_fast,split_projection_frag,block25,1280,32,1310720,9.587320328,9.647040367,0.059719998,28.623920441,_;_;_;_;_;2560
15,63,mh_fast,mh_qkv_normalize_frag_c512,block25,3840,32,3932160,9.651359558,9.733719826,0.082359999,28.623920441,_;_;_;2560
15,64,mh_fused,mh_attention_fused_fp8_out,block25,640,128,640,9.736319542,9.796680450,0.060360000,28.623920441,_;_;_;64;40;512
15,65,mh_fast,mh_attention_project_frag_c512,block25,1280,32,1310720,9.798119545,9.868320465,0.070200004,28.623920441,_;_;_;_;2560;0;60;36;64;4;0
15,66,mh,mh_shift_pack,block26,5120,256,1310720,9.872079849,9.929639816,0.057560001,28.623920441,_;_;60;36;64;40;0;4;512;0
15,67,deep_fast,split_mix_blocked_h16w,block26,1280,32,1310720,9.935879707,10.009119987,0.073239997,28.623920441,_;_;_;2560
15,68,deep_fast,split_ffn_fused_fp8_t8,block26,1280,128,1310720,10.012880325,10.084119797,0.071240000,28.623920441,_;_;_;_;2560
15,69,deep_fast,split_projection_frag,block26,1280,32,1310720,10.085599899,10.145359993,0.059760001,28.623920441,_;_;_;_;_;2560
15,70,mh_fast,mh_qkv_normalize_frag_c512,block26,3840,32,3932160,10.149680138,10.230839729,0.081160001,28.623920441,_;_;_;2560
15,71,mh_fused,mh_attention_fused_fp8_out,block26,640,128,640,10.233519554,10.299200058,0.065679997,28.623920441,_;_;_;64;40;512
15,72,mh_fast,mh_attention_project_frag_c512,block26,1280,32,1310720,10.300600052,10.374679565,0.074079998,28.623920441,_;_;_;_;2560;0;60;36;64;0;4
15,73,mh,mh_shift_pack,block27,5120,256,1310720,10.378399849,10.436759949,0.058359999,28.623920441,_;_;60;36;64;40;0;0;512;0
15,74,deep_fast,split_mix_blocked_h16w,block27,1280,32,1310720,10.444680214,10.518839836,0.074160002,28.623920441,_;_;_;2560
15,75,deep_fast,split_ffn_fused_fp8_t8,block27,1280,128,1310720,10.522520065,10.597240448,0.074720003,28.623920441,_;_;_;_;2560
15,76,deep_fast,split_projection_frag,block27,1280,32,1310720,10.598839760,10.651720047,0.052880000,28.623920441,_;_;_;_;_;2560
15,77,mh_fast,mh_qkv_normalize_frag_c512,block27,3840,32,3932160,10.656080246,10.737839699,0.081759997,28.623920441,_;_;_;2560
15,78,mh_fused,mh_attention_fused_fp8_out,block27,640,128,640,10.740480423,10.800640106,0.060160000,28.623920441,_;_;_;64;40;512
15,79,mh_fast,mh_attention_project_frag_c512,block27,1280,32,1310720,10.802080154,10.878600121,0.076520003,28.623920441,_;_;_;_;2560;0;60;36;64;0;0
15,80,mh,mh_shift_pack,block28,5120,256,1310720,10.882320404,10.940759659,0.058440000,28.623920441,_;_;60;36;64;40;4;4;512;0
15,81,deep_fast,split_mix_blocked_h16w,block28,1280,32,1310720,10.948320389,11.021120071,0.072800003,28.623920441,_;_;_;2560
15,82,deep_fast,split_ffn_fused_fp8_t8,block28,1280,128,1310720,11.024840355,11.096639633,0.071800001,28.623920441,_;_;_;_;2560
15,83,deep_fast,split_projection_frag,block28,1280,32,1310720,11.098079681,11.157640457,0.059560001,28.623920441,_;_;_;_;_;2560
15,84,mh_fast,mh_qkv_normalize_frag_c512,block28,3840,32,3932160,11.161999702,11.245639801,0.083640002,28.623920441,_;_;_;2560
15,85,mh_fused,mh_attention_fused_fp8_out,block28,640,128,640,11.247039795,11.312680244,0.065640002,28.623920441,_;_;_;64;40;512
15,86,mh_fast,mh_attention_project_frag_c512,block28,1280,32,1310720,11.314080238,11.388759613,0.074680001,28.623920441,_;_;_;_;2560;0;60;36;64;4;4
15,87,mh,mh_shift_pack,block29,5120,256,1310720,11.392479897,11.450960159,0.058479998,28.623920441,_;_;60;36;64;40;4;0;512;0
15,88,deep_fast,split_mix_blocked_h16w,block29,1280,32,1310720,11.458840370,11.529640198,0.070799999,28.623920441,_;_;_;2560
15,89,deep_fast,split_ffn_fused_fp8_t8,block29,1280,128,1310720,11.533359528,11.603039742,0.069679998,28.623920441,_;_;_;_;2560
15,90,deep_fast,split_projection_frag,block29,1280,32,1310720,11.604599953,11.669839859,0.065240003,28.623920441,_;_;_;_;_;2560
15,91,mh_fast,mh_qkv_normalize_frag_c512,block29,3840,32,3932160,11.674039841,11.750840187,0.076800004,28.623920441,_;_;_;2560
15,92,mh_fused,mh_attention_fused_fp8_out,block29,640,128,640,11.752200127,11.817239761,0.065040000,28.623920441,_;_;_;64;40;512
15,93,mh_fast,mh_attention_project_frag_c512,block29,1280,32,1310720,11.818679810,11.892560005,0.073880002,28.623920441,_;_;_;_;2560;0;60;36;64;4;0
15,94,mh,mh_shift_pack,block30,5120,256,1310720,11.896320343,11.954560280,0.058240000,28.623920441,_;_;60;36;64;40;0;4;512;0
15,95,deep_fast,split_mix_blocked_h16w,block30,1280,32,1310720,11.960760117,12.035519600,0.074759997,28.623920441,_;_;_;2560
15,96,deep_fast,split_ffn_fused_fp8_t8,block30,1280,128,1310720,12.039239883,12.108639717,0.069399998,28.623920441,_;_;_;_;2560
15,97,deep_fast,split_projection_frag,block30,1280,32,1310720,12.110199928,12.170439720,0.060240000,28.623920441,_;_;_;_;_;2560
15,98,mh_fast,mh_qkv_normalize_frag_c512,block30,3840,32,3932160,12.174839973,12.252320290,0.077480003,28.623920441,_;_;_;2560
15,99,mh_fused,mh_attention_fused_fp8_out,block30,640,128,640,12.253720284,12.319560051,0.065839998,28.623920441,_;_;_;64;40;512
15,100,mh_fast,mh_attention_project_frag_c512,block30,1280,32,1310720,12.321000099,12.396120071,0.075120002,28.623920441,_;_;_;_;2560;3;60;36;64;0;4
15,101,mh,mh_pool,head,1280,256,327680,12.399880409,12.452159882,0.052280001,28.623920441,_;_;32;20;60;30;18;512
15,102,mh_fast,mh_pool_project_production_h16w,head,2560,32,655360,12.458880424,12.623439789,0.164560005,28.623920441,_;_;_;32;20;30;18;512
15,103,deep,vit_gather,block31,2560,256,655360,12.625280380,12.679320335,0.054040000,28.623920441,_;_;_;655360
15,104,deep_fast,vit_pack_input,block31,640,256,163840,12.686079979,12.734479904,0.048400000,28.623920441,_;_;655360
15,105,deep_fast,vit_expand_blocked_fp8_frag_bytein,block31,2560,32,2621440,12.739480019,12.821720123,0.082240000,28.623920441,_;_;_;640;1024;4096
15,106,deep_fast,vit_contract_blocked_fp8_frag,block31,640,32,655360,12.823439598,12.910079956,0.086640000,28.623920441,_;_;_;_;640;4096;1024
15,107,deep_fast,vit_qkv_project_normalize_fused_f16compact_fp8_frag,block31,3840,32,1966080,12.912799835,13.026320457,0.113519996,28.623920441,_;_;_;640
15,108,deep_fast,vit_attention_fused_640_bytein,block31,1280,32,327680,13.027999878,13.129320145,0.101319999,28.623920441,_;_;640
15,109,deep_fast,vit_project_frag,block31,2560,32,655360,13.132120132,13.247240067,0.115120001,28.623920441,_;_;_;_;640;1024;1024
15,110,deep_fast,vit_pack_input,block32,640,256,163840,13.249279976,13.299079895,0.049800001,28.623920441,_;_;655360
15,111,deep_fast,vit_expand_blocked_fp8_frag_bytein,block32,2560,32,2621440,13.304120064,13.386799812,0.082680002,28.623920441,_;_;_;640;1024;4096
15,112,deep_fast,vit_contract_blocked_fp8_frag,block32,640,32,655360,13.388520241,13.478759766,0.090240002,28.623920441,_;_;_;_;640;4096;1024
15,113,deep_fast,vit_qkv_project_normalize_fused_f16compact_fp8_frag,block32,3840,32,1966080,13.481519699,13.598039627,0.116520002,28.623920441,_;_;_;640
15,114,deep_fast,vit_attention_fused_640_bytein,block32,1280,32,327680,13.599760056,13.694800377,0.095040001,28.623920441,_;_;640
15,115,deep_fast,vit_project_frag,block32,2560,32,655360,13.697560310,13.812080383,0.114519998,28.623920441,_;_;_;_;640;1024;1024
15,116,deep_fast,vit_pack_input,block33,640,256,163840,13.814080238,13.862839699,0.048760001,28.623920441,_;_;655360
15,117,deep_fast,vit_expand_blocked_fp8_frag_bytein,block33,2560,32,2621440,13.867520332,13.950839996,0.083319999,28.623920441,_;_;_;640;1024;4096
15,118,deep_fast,vit_contract_blocked_fp8_frag,block33,640,32,655360,13.952560425,14.039520264,0.086960003,28.623920441,_;_;_;_;640;4096;1024
15,119,deep_fast,vit_qkv_project_normalize_fused_f16compact_fp8_frag,block33,3840,32,1966080,14.042280197,14.158399582,0.116120003,28.623920441,_;_;_;640
15,120,deep_fast,vit_attention_fused_640_bytein,block33,1280,32,327680,14.159999847,14.261360168,0.101360001,28.623920441,_;_;640
15,121,deep_fast,vit_project_frag,block33,2560,32,655360,14.264160156,14.378479958,0.114320002,28.623920441,_;_;_;_;640;1024;1024
15,122,deep_fast,vit_pack_input,block34,640,256,163840,14.380479813,14.429160118,0.048680000,28.623920441,_;_;655360
15,123,deep_fast,vit_expand_blocked_fp8_frag_bytein,block34,2560,32,2621440,14.435319901,14.515800476,0.080480002,28.623920441,_;_;_;640;1024;4096
15,124,deep_fast,vit_contract_blocked_fp8_frag,block34,640,32,655360,14.517519951,14.605520248,0.088000000,28.623920441,_;_;_;_;640;4096;1024
15,125,deep_fast,vit_qkv_project_normalize_fused_f16compact_fp8_frag,block34,3840,32,1966080,14.608320236,14.721119881,0.112800002,28.623920441,_;_;_;640
15,126,deep_fast,vit_attention_fused_640_bytein,block34,1280,32,327680,14.722800255,14.823719978,0.100919999,28.623920441,_;_;640
15,127,deep_fast,vit_project_frag,block34,2560,32,655360,14.826479912,14.940719604,0.114239998,28.623920441,_;_;_;_;640;1024;1024
15,128,deep_fast,vit_pack_input,block35,640,256,163840,14.942799568,14.994480133,0.051679999,28.623920441,_;_;655360
15,129,deep_fast,vit_expand_blocked_fp8_frag_bytein,block35,2560,32,2621440,14.999440193,15.076439857,0.077000000,28.623920441,_;_;_;640;1024;4096
15,130,deep_fast,vit_contract_blocked_fp8_frag,block35,640,32,655360,15.078120232,15.166720390,0.088600002,28.623920441,_;_;_;_;640;4096;1024
15,131,deep_fast,vit_qkv_project_normalize_fused_f16compact_fp8_frag,block35,3840,32,1966080,15.169480324,15.315799713,0.146320000,28.623920441,_;_;_;640
15,132,deep_fast,vit_attention_fused_640_bytein,block35,1280,32,327680,15.317440033,15.416520119,0.099079996,28.623920441,_;_;640
15,133,deep_fast,vit_project_frag,block35,2560,32,655360,15.419280052,15.533720016,0.114440002,28.623920441,_;_;_;_;640;1024;1024
15,134,deep_fast,vit_pack_input,block36,640,256,163840,15.535759926,15.580679893,0.044920001,28.623920441,_;_;655360
15,135,deep_fast,vit_expand_blocked_fp8_frag_bytein,block36,2560,32,2621440,15.585439682,15.667759895,0.082319997,28.623920441,_;_;_;640;1024;4096
15,136,deep_fast,vit_contract_blocked_fp8_frag,block36,640,32,655360,15.669400215,15.732239723,0.062840000,28.623920441,_;_;_;_;640;4096;1024
15,137,deep_fast,vit_qkv_project_normalize_fused_f16compact_fp8_frag,block36,3840,32,1966080,15.734999657,15.850159645,0.115160003,28.623920441,_;_;_;640
15,138,deep_fast,vit_attention_fused_640_bytein,block36,1280,32,327680,15.851880074,15.972960472,0.121080004,28.623920441,_;_;640
15,139,deep_fast,vit_project_frag,block36,2560,32,655360,15.975720406,16.091320038,0.115599997,28.623920441,_;_;_;_;640;1024;1024
15,140,deep_fast,vit_pack_input,block37,640,256,163840,16.093439102,16.147640228,0.054200001,28.623920441,_;_;655360
15,141,deep_fast,vit_expand_blocked_fp8_frag_bytein,block37,2560,32,2621440,16.152320862,16.234800339,0.082479998,28.623920441,_;_;_;640;1024;4096
15,142,deep_fast,vit_contract_blocked_fp8_frag,block37,640,32,655360,16.236520767,16.322080612,0.085560001,28.623920441,_;_;_;_;640;4096;1024
15,143,deep_fast,vit_qkv_project_normalize_fused_f16compact_fp8_frag,block37,3840,32,1966080,16.324840546,16.438400269,0.113559999,28.623920441,_;_;_;640
15,144,deep_fast,vit_attention_fused_640_bytein,block37,1280,32,327680,16.440040588,16.538759232,0.098719999,28.623920441,_;_;640
15,145,deep_fast,vit_project_frag,block37,2560,32,655360,16.541519165,16.677679062,0.136160001,28.623920441,_;_;_;_;640;1024;1024
15,146,deep_fast,vit_pack_input,block38,640,256,163840,16.679719925,16.730920792,0.051199999,28.623920441,_;_;655360
15,147,deep_fast,vit_expand_blocked_fp8_frag_bytein,block38,2560,32,2621440,16.735599518,16.816320419,0.080720000,28.623920441,_;_;_;640;1024;4096
15,148,deep_fast,vit_contract_blocked_fp8_frag,block38,640,32,655360,16.818000793,16.903200150,0.085199997,28.623920441,_;_;_;_;640;4096;1024
15,149,deep_fast,vit_qkv_project_normalize_fused_f16compact_fp8_frag,block38,3840,32,1966080,16.906000137,17.018999100,0.112999998,28.623920441,_;_;_;640
15,150,deep_fast,vit_attention_fused_640_bytein,block38,1280,32,327680,17.020679474,17.118999481,0.098320000,28.623920441,_;_;640
15,151,deep_fast,vit_project_frag,block38,2560,32,655360,17.121759415,17.233720779,0.111960001,28.623920441,_;_;_;_;640;1024;1024
15,152,deep,vit_gather,block39,2560,256,655360,17.235679626,17.287359238,0.051679999,28.623920441,_;_;_;655360
15,153,deep_fast,decoder_project2x_h16w,block39,1280,32,327680,17.292640686,17.350799561,0.058160000,28.623920441,_;_;_;_;32;20;60;36;1024;512
15,154,mh,mh_shift_pack,block40,5120,256,1310720,17.353839874,17.410240173,0.056400001,28.623920441,_;_;60;36;64;40;0;0;512;0
15,155,deep_fast,split_mix_blocked_h16w,block40,1280,32,1310720,17.417720795,17.490480423,0.072760001,28.623920441,_;_;_;2560
15,156,deep_fast,split_ffn_fused_fp8_t8,block40,1280,128,1310720,17.494199753,17.563640594,0.069440000,28.623920441,_;_;_;_;2560
15,157,deep_fast,split_projection_frag,block40,1280,32,1310720,17.565120697,17.624000549,0.058880001,28.623920441,_;_;_;_;_;2560
15,158,mh_fast,mh_qkv_normalize_frag_c512,block40,3840,32,3932160,17.628320694,17.709880829,0.081560001,28.623920441,_;_;_;2560
15,159,mh_fused,mh_attention_fused_fp8_out,block40,640,128,640,17.711280823,17.775920868,0.064640000,28.623920441,_;_;_;64;40;512
15,160,mh_fast,mh_attention_project_frag_c512,block40,1280,32,1310720,17.777360916,17.850040436,0.072679996,28.623920441,_;_;_;_;2560;0;60;36;64;0;0
15,161,mh,mh_shift_pack,block41,5120,256,1310720,17.853759766,17.913400650,0.059640002,28.623920441,_;_;60;36;64;40;4;4;512;0
15,162,deep_fast,split_mix_blocked_h16w,block41,1280,32,1310720,17.920959473,17.996080399,0.075120002,28.623920441,_;_;_;2560
15,163,deep_fast,split_ffn_fused_fp8_t8,block41,1280,128,1310720,17.999839783,18.068319321,0.068480000,28.623920441,_;_;_;_;2560
15,164,deep_fast,split_projection_frag,block41,1280,32,1310720,18.069839478,18.128320694,0.058479998,28.623920441,_;_;_;_;_;2560
15,165,mh_fast,mh_qkv_normalize_frag_c512,block41,3840,32,3932160,18.132680893,18.216199875,0.083520003,28.623920441,_;_;_;2560
15,166,mh_fused,mh_attention_fused_fp8_out,block41,640,128,640,18.217559814,18.281280518,0.063720003,28.623920441,_;_;_;64;40;512
15,167,mh_fast,mh_attention_project_frag_c512,block41,1280,32,1310720,18.282680511,18.351959229,0.069279999,28.623920441,_;_;_;_;2560;0;60;36;64;4;4
15,168,mh,mh_shift_pack,block44,5120,256,1310720,18.355680466,18.412120819,0.056439999,28.623920441,_;_;60;36;64;40;0;0;512;0
15,169,deep_fast,split_mix_blocked_h16w,block44,1280,32,1310720,18.418359756,18.492080688,0.073720001,28.623920441,_;_;_;2560
15,170,deep_fast,split_ffn_fused_fp8_t8,block44,1280,128,1310720,18.495800018,18.563560486,0.067759998,28.623920441,_;_;_;_;2560
15,171,deep_fast,split_projection_frag,block44,1280,32,1310720,18.565040588,18.622999191,0.057960000,28.623920441,_;_;_;_;_;2560
15,172,mh_fast,mh_qkv_normalize_frag_c512,block44,3840,32,3932160,18.627319336,18.707559586,0.080239996,28.623920441,_;_;_;2560
15,173,mh_fused,mh_attention_fused_fp8_out,block44,640,128,640,18.708959579,18.772439957,0.063479997,28.623920441,_;_;_;64;40;512
15,174,mh_fast,mh_attention_project_frag_c512,block44,1280,32,1310720,18.773880005,18.845039368,0.071160004,28.623920441,_;_;_;_;2560;0;60;36;64;0;0
15,175,mh,mh_shift_pack,block45,5120,256,1310720,18.848800659,18.904800415,0.056000002,28.623920441,_;_;60;36;64;40;4;4;512;0
15,176,deep_fast,split_mix_blocked_h16w,block45,1280,32,1310720,18.912399292,18.984319687,0.071920000,28.623920441,_;_;_;2560
15,177,deep_fast,split_ffn_fused_fp8_t8,block45,1280,128,1310720,18.988040924,19.055479050,0.067440003,28.623920441,_;_;_;_;2560
15,178,deep_fast,split_projection_frag,block45,1280,32,1310720,19.056999207,19.115240097,0.058240000,28.623920441,_;_;_;_;_;2560
15,179,mh_fast,mh_qkv_normalize_frag_c512,block45,3840,32,3932160,19.119560242,19.201000214,0.081440002,28.623920441,_;_;_;2560
15,180,mh_fused,mh_attention_fused_fp8_out,block45,640,128,640,19.202360153,19.266199112,0.063840002,28.623920441,_;_;_;64;40;512
15,181,mh_fast,mh_attention_project_frag_c512,block45,1280,32,1310720,19.267599106,19.338840485,0.071240000,28.623920441,_;_;_;_;2560;0;60;36;64;4;4
15,182,mh,mh_shift_pack,block47,5120,256,1310720,19.342519760,19.400560379,0.058040000,28.623920441,_;_;60;36;64;40;0;4;512;0
15,183,deep_fast,split_mix_blocked_h16w,block47,1280,32,1310720,19.406560898,19.481239319,0.074680001,28.623920441,_;_;_;2560
15,184,deep_fast,split_ffn_fused_fp8_t8,block47,1280,128,1310720,19.484960556,19.553239822,0.068279997,28.623920441,_;_;_;_;2560
15,185,deep_fast,split_projection_frag,block47,1280,32,1310720,19.554800034,19.606479645,0.051679999,28.623920441,_;_;_;_;_;2560
15,186,mh_fast,mh_qkv_normalize_frag_c512,block47,3840,32,3932160,19.610839844,19.686759949,0.075920001,28.623920441,_;_;_;2560
15,187,mh_fused,mh_attention_fused_fp8_out,block47,640,128,640,19.688159943,19.751319885,0.063160002,28.623920441,_;_;_;64;40;512
15,188,mh_fast,mh_attention_project_frag_c512,block47,1280,32,1310720,19.752759933,19.823320389,0.070560001,28.623920441,_;_;_;_;2560;0;60;36;64;0;4
15,189,deep_fast,decoder_project2x_h16w_byteout,block48,2160,32,552960,19.827079773,19.921440125,0.094360001,28.623920441,_;_;_;_;60;36;120;72;512;256
15,190,mh_fast,mh_ffn_fused_c256_frag_project_g128_qkv_bytein_fb,block48,540,512,2211840,19.923000336,20.046319962,0.123319998,28.623920441,_;_;_;_;_;8640;120;72;120;0;0
15,191,mh_fused,c256_attention_project_fb_bout_diag,block48,135,512,135,20.047719955,20.135879517,0.088160001,28.623920441,_;_;_;_;120;72;0;0;0;0;0
15,192,mh_fast,mh_ffn_fused_c256_frag_project_mapped_g128_qkv_bytein_fb,block49,640,512,2621440,20.137479782,20.268640518,0.131160006,28.623920441,_;_;_;_;_;10240;120;72;128;4;4
15,193,mh_fused,c256_attention_project_fb_bout_diag,block49,160,512,160,20.270040512,20.367319107,0.097280003,28.623920441,_;_;_;_;128;80;4;120;72;4;4
15,194,mh_fast,mh_ffn_fused_c256_frag_project_mapped_g128_qkv_bytein_fb,block50,576,512,2359296,20.369079590,20.503000259,0.133919999,28.623920441,_;_;_;_;_;9216;120;72;128;4;0
15,195,mh_fused,c256_attention_project_fb_bout_diag,block50,144,512,144,20.504520416,20.596920013,0.092399999,28.623920441,_;_;_;_;128;72;4;120;72;4;0
15,196,mh_fast,mh_ffn_fused_c256_frag_project_mapped_g128_qkv_bytein_fb,block51,600,512,2457600,20.598720551,20.726360321,0.127639994,28.623920441,_;_;_;_;_;9600;120;72;120;0;4
15,197,mh_fused,c256_attention_project_fb_bout_diag,block51,150,512,150,20.727760315,20.821960449,0.094200000,28.623920441,_;_;_;_;120;80;4;120;72;0;4
15,198,mh_fast,mh_ffn_fused_c256_frag_project_g128_qkv_bytein_fb,block52,540,512,2211840,20.823640823,20.949440002,0.125799999,28.623920441,_;_;_;_;_;8640;120;72;120;0;0
15,199,mh_fused,c256_attention_project_fb_bout_diag,block52,135,512,135,20.950920105,21.037799835,0.086879998,28.623920441,_;_;_;_;120;72;4;0;0;0;0
15,200,mh_fast,mh_ffn_fused_c256_frag_project_mapped_g128_qkv_bytein_fb,block53,640,512,2621440,21.039319992,21.172359467,0.133039996,28.623920441,_;_;_;_;_;10240;120;72;128;4;4
15,201,mh_fused,c256_attention_project_fb_bout_diag,block53,160,512,160,21.173759460,21.267839432,0.094080001,28.623920441,_;_;_;_;128;80;4;120;72;4;4
15,202,mh_fast,mh_ffn_fused_c256_frag_project_mapped_g128_qkv_bytein_fb,block54,576,512,2359296,21.269599915,21.405639648,0.136040002,28.623920441,_;_;_;_;_;9216;120;72;128;4;0
15,203,mh_fused,c256_attention_project_fb_bout_diag,block54,144,512,144,21.407159805,21.499080658,0.091920003,28.623920441,_;_;_;_;128;72;4;120;72;4;0
15,204,mh_fast,mh_ffn_fused_c256_frag_project_mapped_g128_qkv_bytein_fb,block55,600,512,2457600,21.500839233,21.622680664,0.121840000,28.623920441,_;_;_;_;_;9600;120;72;120;0;4
15,205,mh_fused,c256_attention_project_fb_diag,block55,150,512,150,21.624000549,21.727519989,0.103519998,28.623920441,_;_;_;_;120;80;0;120;72;0;4
15,206,deep_fast,decoder_project2x_h16w_byteout,block56,4320,32,1105920,21.729639053,21.844200134,0.114560001,28.623920441,_;_;_;_;120;72;240;144;256;128
15,207,mh_fast,mh_ffn_fused_c128_project_mapped_g128_qkv_bytein_fb,block56,2232,256,4571136,21.845880508,21.997079849,0.151199996,28.623920441,_;_;_;_;_;35712;240;144;248;4;0
15,208,mh_fused,c128_attention_project_fb_bout_diag,block56,558,512,558,21.998479843,22.106800079,0.108319998,28.623920441,_;_;_;_;248;144;4;240;144;4;0
15,209,mh_fast,mh_ffn_fused_c128_project_mapped_g128_qkv_bytein_fb,block57,2280,256,4669440,22.108320236,22.255079269,0.146760002,28.623920441,_;_;_;_;_;36480;240;144;240;0;4
15,210,mh_fused,c128_attention_project_fb_bout_diag,block57,570,512,570,22.263240814,22.367439270,0.104199998,28.623920441,_;_;_;_;240;152;4;240;144;0;4
15,211,mh_fast,mh_ffn_fused_c128_project_g128_qkv_bytein_fb,block58,2160,256,4423680,22.368879318,22.513719559,0.144840002,28.623920441,_;_;_;_;_;34560;240;144;240;0;0
15,212,mh_fused,c128_attention_project_fb_bout_diag,block58,540,512,540,22.516479492,22.613079071,0.096600004,28.623920441,_;_;_;_;240;144;4;0;0;0;0
15,213,mh_fast,mh_ffn_fused_c128_project_mapped_g128_qkv_bytein_fb,block59,2356,256,4825088,22.614559174,22.769680023,0.155120000,28.623920441,_;_;_;_;_;37696;240;144;248;4;4
15,214,mh_fused,c128_attention_project_fb_bout_diag,block59,589,512,589,22.777799606,22.885919571,0.108120002,28.623920441,_;_;_;_;248;152;4;240;144;4;4
15,215,mh_fast,mh_ffn_fused_c128_project_mapped_g128_qkv_bytein_fb,block60,2232,256,4571136,22.887359619,23.045160294,0.157800004,28.623920441,_;_;_;_;_;35712;240;144;248;4;0
15,216,mh_fused,c128_attention_project_fb_bout_diag,block60,558,512,558,23.046560287,23.154560089,0.108000003,28.623920441,_;_;_;_;248;144;4;240;144;4;0
15,217,mh_fast,mh_ffn_fused_c128_project_mapped_g128_qkv_bytein_fb,block61,2280,256,4669440,23.156040192,23.306480408,0.150440007,28.623920441,_;_;_;_;_;36480;240;144;240;0;4
15,218,mh_fused,c128_attention_project_fb_diag,block61,570,512,570,23.313400269,23.436800003,0.123400003,28.623920441,_;_;_;_;240;152;0;240;144;0;4
15,219,deep_fast,decoder_project2x_h16w_byteout,block62,8640,32,2211840,23.438440323,23.592199326,0.153760001,28.623920441,_;_;_;_;240;144;480;288;128;64
15,220,mh_fast,mh_ffn_fused_c64_project_g128_qkv_bytein_fb,block62,8640,128,8847360,23.593839645,23.777040482,0.183200002,28.623920441,_;_;_;_;_;138240;480;288;480;0;0
15,221,mh_fused,c64_attention_project_fb_bout_diag,block62,2160,256,2160,23.778680801,23.905599594,0.126920000,28.623920441,_;_;_;_;480;288;4;0;0;0;0
15,222,mh_fast,mh_ffn_fused_c64_project_mapped_g128_qkv_bytein_fb,block63,9028,128,9244672,23.907079697,24.114040375,0.206959993,28.623920441,_;_;_;_;_;144448;480;288;488;4;4
15,223,mh_fused,c64_attention_project_fb_bout_diag,block63,2257,256,2257,24.115440369,24.275560379,0.160119995,28.623920441,_;_;_;_;488;296;4;480;288;4;4
15,224,mh_fast,mh_ffn_fused_c64_project_mapped_g128_qkv_bytein_fb,block64,8784,128,8994816,24.277000427,24.487960815,0.210960001,28.623920441,_;_;_;_;_;140544;480;288;488;4;0
15,225,mh_fused,c64_attention_project_fb_bout_diag,block64,2196,256,2196,24.489360809,24.647480011,0.158120006,28.623920441,_;_;_;_;488;288;4;480;288;4;0
15,226,mh_fast,mh_ffn_fused_c64_project_mapped_g128_qkv_bytein_fb,block65,8880,128,9093120,24.648960114,24.858400345,0.209439993,28.623920441,_;_;_;_;_;142080;480;288;480;0;4
15,227,mh_fused,c64_attention_project_fb_diag,block65,2220,256,2220,24.859800339,25.023279190,0.163479999,28.623920441,_;_;_;_;480;296;0;480;288;0;4
15,228,deep_fast,decoder_project2x_h16w,block69,17280,32,4423680,25.024879456,25.362640381,0.337760001,28.623920441,_;_;_;_;480;288;960;576;64;32
15,229,c32_fused_ffn,c32_fast_ffn_attention_fused_half_mapped,block69,8640,128,8640,25.365680695,25.766120911,0.400440007,28.623920441,_;_;_;_;8640;0;1;960;576;0;0
15,230,c32_fused_ffn,c32_fast_ffn_attention_fused_half_chain,block69,8833,128,8833,25.767599106,26.156919479,0.389319986,28.623920441,_;_;_;_;8833;3;1;960;576;4;4;960;0;0
15,231,c32_fused_ffn,c32_fast_ffn_attention_fused_half_chain,block69,8712,128,8712,26.158519745,26.560319901,0.401800007,28.623920441,_;_;_;_;8712;3;1;960;576;4;0;968;4;4
15,232,c32_fused_ffn,c32_fast_ffn_attention_fused_half_chain_finish,block69,8760,128,8760,26.561920166,26.988119125,0.426200002,28.623920441,_;_;_;_;_;8760;3;1;960;576;0;4;968;4;0
15,233,c32_fused_ffn,c32_post_merge_head_half,block70,34945,128,34945,26.989719391,28.553720474,1.564000010,28.623920441,_;_;_;_;_;_;_;_;34945;1920;1152;4;4;_
