frame,index,module,kernel,stage,groups,threads,count,start_ms,end_ms,duration_ms,frame_ms,scalar_args
0,0,c32_fused_ffn,c32_fast_ffn_attention_fused_half_prefix_finish_main8,pre-down,24000,128,24000,0.016440000,1.095839977,1.079399943,23.410200119,_;_;_;_;_;_;24000;0;1;1600;960;0;0
0,1,c32_fused_ffn,c32_fast_ffn_attention_fused_half_mapped,block4,6000,128,6000,1.097399950,1.412119985,0.314720005,23.410200119,_;_;_;_;6000;0;1;800;480;0;0
0,2,c32_fused_ffn,c32_fast_ffn_attention_fused_half_chain,block4,6161,128,6161,1.413519979,1.709599972,0.296079993,23.410200119,_;_;_;_;6161;3;1;800;480;4;4;800;0;0
0,3,c32_fused_ffn,c32_fast_ffn_attention_fused_half_chain,block4,6060,128,6060,1.711159945,2.001319885,0.290160000,23.410200119,_;_;_;_;6060;3;1;800;480;4;0;808;4;4
0,4,c32_fused_ffn,c32_fast_ffn_attention_fused_half_chain_finish_dcrop,block4,6100,128,6100,2.002880096,2.313159943,0.310279995,23.410200119,_;_;_;_;_;6100;3;1;800;480;0;4;808;4;0
0,5,mh_fast,mh_pool_project_production_h16w,block5,24000,32,6144000,2.396480083,2.397039890,0.000560000,23.410200119,_;_;_;400;240;0;0;32
0,6,mh_fast,mh_ffn_fused_c64_project_g128_qkv_fb,block5,6000,128,6144000,2.405319929,2.544960022,0.139640003,23.410200119,_;_;_;_;_;96000;400;240;400;0;0
0,7,mh_fused,c64_attention_project_fb_bout_diag,block5,1500,256,1500,2.652040005,2.652679920,0.000640000,23.410200119,_;_;_;_;400;240;4;0;0;0;0
0,8,mh_fast,mh_ffn_fused_c64_project_mapped_g128_qkv_bytein_fb,block6,6324,128,6475776,2.654079914,2.817039967,0.162959993,23.410200119,_;_;_;_;_;101184;400;240;408;4;4
0,9,mh_fused,c64_attention_project_fb_bout_diag,block6,1581,256,1581,2.941319942,2.941839933,0.000520000,23.410200119,_;_;_;_;408;248;4;400;240;4;4
0,10,mh_fast,mh_ffn_fused_c64_project_mapped_g128_qkv_bytein_fb,block7,6120,128,6266880,2.943320036,3.101360083,0.158040002,23.410200119,_;_;_;_;_;97920;400;240;408;4;0
0,11,mh_fused,c64_attention_project_fb_bout_diag,block7,1530,256,1530,3.222840071,3.223400116,0.000560000,23.410200119,_;_;_;_;408;240;4;400;240;4;0
0,12,mh_fast,mh_ffn_fused_c64_project_mapped_g128_qkv_bytein_fb,block8,6200,128,6348800,3.224920034,3.383480072,0.158559993,23.410200119,_;_;_;_;_;99200;400;240;400;0;4
0,13,mh_fused,c64_attention_project_fb_diag,block8,1550,256,1550,3.506360054,3.507080078,0.000720000,23.410200119,_;_;_;_;400;248;3;400;240;0;4
0,14,mh_fast,mh_pool_project_group_c64,block9,1500,64,3072000,3.508599997,3.583319902,0.074720003,23.410200119,_;_;_;200;120;400;0;0
0,15,mh_fast,mh_ffn_fused_c128_project_g128_qkv_fb,block9,1500,256,3072000,3.587800026,3.702359915,0.114560001,23.410200119,_;_;_;_;_;24000;200;120;200;0;0
0,16,mh_fused,c128_attention_project_fb_bout_diag,block9,375,512,375,3.783920050,3.784359932,0.000440000,23.410200119,_;_;_;_;200;120;4;0;0;0;0
0,17,mh_fast,mh_ffn_fused_c128_project_mapped_g128_qkv_bytein_fb,block10,1664,256,3407872,3.785799980,3.910399914,0.124600001,23.410200119,_;_;_;_;_;26624;200;120;208;4;4
0,18,mh_fused,c128_attention_project_fb_bout_diag,block10,416,512,416,3.911720037,3.996639967,0.084919997,23.410200119,_;_;_;_;208;128;4;200;120;4;4
0,19,mh_fast,mh_ffn_fused_c128_project_mapped_g128_qkv_bytein_fb,block11,1560,256,3194880,3.998080015,4.123199940,0.125119999,23.410200119,_;_;_;_;_;24960;200;120;208;4;0
0,20,mh_fused,c128_attention_project_fb_bout_diag,block11,390,512,390,4.124559879,4.214280128,0.089720003,23.410200119,_;_;_;_;208;120;4;200;120;4;0
0,21,mh_fast,mh_ffn_fused_c128_project_mapped_g128_qkv_bytein_fb,block12,1600,256,3276800,4.215720177,4.333280087,0.117559999,23.410200119,_;_;_;_;_;25600;200;120;200;0;4
0,22,mh_fused,c128_attention_project_fb_bout_diag,block12,400,512,400,4.340079784,4.427320004,0.087240003,23.410200119,_;_;_;_;200;128;4;200;120;0;4
0,23,mh_fast,mh_ffn_fused_c128_project_g128_qkv_bytein_fb,block13,1500,256,3072000,4.428880215,4.547399998,0.118519999,23.410200119,_;_;_;_;_;24000;200;120;200;0;0
0,24,mh_fused,c128_attention_project_fb_bout_diag,block13,375,512,375,4.548799992,4.629360199,0.080559999,23.410200119,_;_;_;_;200;120;4;0;0;0;0
0,25,mh_fast,mh_ffn_fused_c128_project_mapped_g128_qkv_bytein_fb,block14,1664,256,3407872,4.630959988,4.750999928,0.120039999,23.410200119,_;_;_;_;_;26624;200;120;208;4;4
0,26,mh_fused,c128_attention_project_fb_diag,block14,416,512,416,4.757959843,4.846680164,0.088720001,23.410200119,_;_;_;_;208;128;3;200;120;4;4
0,27,mh_fast,mh_pool_project_group_c128,block15,375,128,1536000,4.848360062,4.907000065,0.058639999,23.410200119,_;_;_;100;60;200;0;0
0,28,mh_fast,mh_ffn_fused_c256_frag_project_mapped_g128_qkv_fb,block15,416,512,1703936,4.911520004,5.017320156,0.105800003,23.410200119,_;_;_;_;_;6656;100;60;104;0;0
0,29,mh_fused,c256_attention_project_fb_bout_diag,block15,104,512,104,5.018760204,5.101719856,0.082960002,23.410200119,_;_;_;_;104;64;4;100;60;0;0
0,30,mh_fast,mh_ffn_fused_c256_frag_project_mapped_g128_qkv_bytein_fb,block16,416,512,1703936,5.212279797,5.212759972,0.000480000,23.410200119,_;_;_;_;_;6656;100;60;104;4;4
0,31,mh_fused,c256_attention_project_fb_bout_diag,block16,104,512,104,5.214320183,5.294839859,0.080519997,23.410200119,_;_;_;_;104;64;4;100;60;4;4
0,32,mh_fast,mh_ffn_fused_c256_frag_project_mapped_g128_qkv_bytein_fb,block17,416,512,1703936,5.380640030,5.381120205,0.000480000,23.410200119,_;_;_;_;_;6656;100;60;104;4;0
0,33,mh_fused,c256_attention_project_fb_bout_diag,block17,104,512,104,5.382480145,5.464000225,0.081519999,23.410200119,_;_;_;_;104;64;4;100;60;4;0
0,34,mh_fast,mh_ffn_fused_c256_frag_project_mapped_g128_qkv_bytein_fb,block18,416,512,1703936,5.465600014,5.566440105,0.100840002,23.410200119,_;_;_;_;_;6656;100;60;104;0;4
0,35,mh_fused,c256_attention_project_fb_bout_diag,block18,104,512,104,5.649400234,5.649960041,0.000560000,23.410200119,_;_;_;_;104;64;4;100;60;0;4
0,36,mh_fast,mh_ffn_fused_c256_frag_project_mapped_g128_qkv_bytein_fb,block19,416,512,1703936,5.651679993,5.754479885,0.102799997,23.410200119,_;_;_;_;_;6656;100;60;104;0;0
0,37,mh_fused,c256_attention_project_fb_bout_diag,block19,104,512,104,5.837560177,5.838119984,0.000560000,23.410200119,_;_;_;_;104;64;4;100;60;0;0
0,38,mh_fast,mh_ffn_fused_c256_frag_project_mapped_g128_qkv_bytein_fb,block20,416,512,1703936,5.839799881,5.948080063,0.108280003,23.410200119,_;_;_;_;_;6656;100;60;104;4;4
0,39,mh_fused,c256_attention_project_fb_bout_diag,block20,104,512,104,6.031879902,6.032440186,0.000560000,23.410200119,_;_;_;_;104;64;4;100;60;4;4
0,40,mh_fast,mh_ffn_fused_c256_frag_project_mapped_g128_qkv_bytein_fb,block21,416,512,1703936,6.034160137,6.136799812,0.102640003,23.410200119,_;_;_;_;_;6656;100;60;104;4;0
0,41,mh_fused,c256_attention_project_fb_bout_diag,block21,104,512,104,6.138199806,6.214360237,0.076159999,23.410200119,_;_;_;_;104;64;4;100;60;4;0
0,42,mh_fast,mh_ffn_fused_c256_frag_project_mapped_g128_qkv_bytein_fb,block22,416,512,1703936,6.322279930,6.322760105,0.000480000,23.410200119,_;_;_;_;_;6656;100;60;104;0;4
0,43,mh_fused,c256_attention_project_fb_diag,block22,104,512,104,6.324279785,6.405920029,0.081639998,23.410200119,_;_;_;_;104;64;3;100;60;0;4
0,44,mh_fast,mh_pool_project_group_c256,block23,94,256,768000,6.466680050,6.467120171,0.000440000,23.410200119,_;_;_;50;30;100;0;0
0,45,mh,mh_shift_pack,block23,3584,256,917504,6.470160007,6.521279812,0.051120002,23.410200119,_;_;50;30;56;32;0;0;512;0
0,46,deep_fast,split_mix_blocked_h16w,block23,896,32,917504,6.527679920,6.590040207,0.062360000,23.410200119,_;_;_;1792
0,47,deep_fast,split_ffn_fused_fp8_t8,block23,896,128,917504,6.655079842,6.655640125,0.000560000,23.410200119,_;_;_;_;1792
0,48,deep_fast,split_projection_frag,block23,896,32,917504,6.710480213,6.710919857,0.000440000,23.410200119,_;_;_;_;_;1792
0,49,mh_fast,mh_qkv_normalize_frag_c512,block23,2688,32,2752512,6.714680195,6.783639908,0.068960004,23.410200119,_;_;_;1792
0,50,mh_fused,mh_attention_fused_fp8_out,block23,448,128,448,6.836679935,6.837120056,0.000440000,23.410200119,_;_;_;56;32;512
0,51,mh_fast,mh_attention_project_frag_c512,block23,896,32,917504,6.903399944,6.903960228,0.000560000,23.410200119,_;_;_;_;1792;0;50;30;56;0;0
0,52,mh,mh_shift_pack,block24,4480,256,1146880,6.906879902,6.959640026,0.052760001,23.410200119,_;_;50;30;56;40;4;4;512;0
0,53,deep_fast,split_mix_blocked_h16w,block24,1120,32,1146880,6.967360020,7.011000156,0.043639999,23.410200119,_;_;_;2240
0,54,deep_fast,split_ffn_fused_fp8_t8,block24,1120,128,1146880,7.014840126,7.079480171,0.064640000,23.410200119,_;_;_;_;2240
0,55,deep_fast,split_projection_frag,block24,1120,32,1146880,7.134560108,7.135119915,0.000560000,23.410200119,_;_;_;_;_;2240
0,56,mh_fast,mh_qkv_normalize_frag_c512,block24,3360,32,3440640,7.139440060,7.213840008,0.074400000,23.410200119,_;_;_;2240
0,57,mh_fused,mh_attention_fused_fp8_out,block24,560,128,560,7.215199947,7.277480125,0.062279999,23.410200119,_;_;_;56;40;512
0,58,mh_fast,mh_attention_project_frag_c512,block24,1120,32,1146880,7.278880119,7.346640110,0.067759998,23.410200119,_;_;_;_;2240;0;50;30;56;4;4
0,59,mh,mh_shift_pack,block25,3584,256,917504,7.349679947,7.402359962,0.052680001,23.410200119,_;_;50;30;56;32;4;0;512;0
0,60,deep_fast,split_mix_blocked_h16w,block25,896,32,917504,7.408760071,7.469439983,0.060679998,23.410200119,_;_;_;1792
0,61,deep_fast,split_ffn_fused_fp8_t8,block25,896,128,917504,7.472720146,7.535240173,0.062519997,23.410200119,_;_;_;_;1792
0,62,deep_fast,split_projection_frag,block25,896,32,917504,7.536799908,7.592999935,0.056200001,23.410200119,_;_;_;_;_;1792
0,63,mh_fast,mh_qkv_normalize_frag_c512,block25,2688,32,2752512,7.596759796,7.667079926,0.070320003,23.410200119,_;_;_;1792
0,64,mh_fused,mh_attention_fused_fp8_out,block25,448,128,448,7.668439865,7.727439880,0.059000000,23.410200119,_;_;_;56;32;512
0,65,mh_fast,mh_attention_project_frag_c512,block25,896,32,917504,7.728919983,7.787839890,0.058920000,23.410200119,_;_;_;_;1792;0;50;30;56;4;0
0,66,mh,mh_shift_pack,block26,4480,256,1146880,7.790800095,7.840879917,0.050080001,23.410200119,_;_;50;30;56;40;0;4;512;0
0,67,deep_fast,split_mix_blocked_h16w,block26,1120,32,1146880,7.848480225,7.917039871,0.068559997,23.410200119,_;_;_;2240
0,68,deep_fast,split_ffn_fused_fp8_t8,block26,1120,128,1146880,7.920879841,7.990520000,0.069640003,23.410200119,_;_;_;_;2240
0,69,deep_fast,split_projection_frag,block26,1120,32,1146880,7.992040157,8.051119804,0.059080001,23.410200119,_;_;_;_;_;2240
0,70,mh_fast,mh_qkv_normalize_frag_c512,block26,3360,32,3440640,8.055439949,8.132920265,0.077480003,23.410200119,_;_;_;2240
0,71,mh_fused,mh_attention_fused_fp8_out,block26,560,128,560,8.135560036,8.172519684,0.036959998,23.410200119,_;_;_;56;40;512
0,72,mh_fast,mh_attention_project_frag_c512,block26,1120,32,1146880,8.173919678,8.239359856,0.065439999,23.410200119,_;_;_;_;2240;0;50;30;56;0;4
0,73,mh,mh_shift_pack,block27,3584,256,917504,8.242400169,8.297320366,0.054919999,23.410200119,_;_;50;30;56;32;0;0;512;0
0,74,deep_fast,split_mix_blocked_h16w,block27,896,32,917504,8.303720474,8.365320206,0.061600000,23.410200119,_;_;_;1792
0,75,deep_fast,split_ffn_fused_fp8_t8,block27,896,128,917504,8.368599892,8.433480263,0.064879999,23.410200119,_;_;_;_;1792
0,76,deep_fast,split_projection_frag,block27,896,32,917504,8.435000420,8.493960381,0.058959998,23.410200119,_;_;_;_;_;1792
0,77,mh_fast,mh_qkv_normalize_frag_c512,block27,2688,32,2752512,8.497759819,8.571840286,0.074079998,23.410200119,_;_;_;1792
0,78,mh_fused,mh_attention_fused_fp8_out,block27,448,128,448,8.573240280,8.633440018,0.060199998,23.410200119,_;_;_;56;32;512
0,79,mh_fast,mh_attention_project_frag_c512,block27,896,32,917504,8.634960175,8.700759888,0.065800004,23.410200119,_;_;_;_;1792;0;50;30;56;0;0
0,80,mh,mh_shift_pack,block28,4480,256,1146880,8.703760147,8.759920120,0.056159999,23.410200119,_;_;50;30;56;40;4;4;512;0
0,81,deep_fast,split_mix_blocked_h16w,block28,1120,32,1146880,8.767600060,8.836879730,0.069279999,23.410200119,_;_;_;2240
0,82,deep_fast,split_ffn_fused_fp8_t8,block28,1120,128,1146880,8.840680122,8.908439636,0.067759998,23.410200119,_;_;_;_;2240
0,83,deep_fast,split_projection_frag,block28,1120,32,1146880,8.909959793,8.968919754,0.058959998,23.410200119,_;_;_;_;_;2240
0,84,mh_fast,mh_qkv_normalize_frag_c512,block28,3360,32,3440640,8.973079681,9.048800468,0.075719997,23.410200119,_;_;_;2240
0,85,mh_fused,mh_attention_fused_fp8_out,block28,560,128,560,9.051400185,9.088479996,0.037080001,23.410200119,_;_;_;56;40;512
0,86,mh_fast,mh_attention_project_frag_c512,block28,1120,32,1146880,9.089879990,9.155920029,0.066040002,23.410200119,_;_;_;_;2240;0;50;30;56;4;4
0,87,mh,mh_shift_pack,block29,3584,256,917504,9.158960342,9.212800026,0.053840000,23.410200119,_;_;50;30;56;32;4;0;512;0
0,88,deep_fast,split_mix_blocked_h16w,block29,896,32,917504,9.219240189,9.281559944,0.062320001,23.410200119,_;_;_;1792
0,89,deep_fast,split_ffn_fused_fp8_t8,block29,896,128,917504,9.284839630,9.347439766,0.062600002,23.410200119,_;_;_;_;1792
0,90,deep_fast,split_projection_frag,block29,896,32,917504,9.348959923,9.407119751,0.058160000,23.410200119,_;_;_;_;_;1792
0,91,mh_fast,mh_qkv_normalize_frag_c512,block29,2688,32,2752512,9.410920143,9.479479790,0.068559997,23.410200119,_;_;_;1792
0,92,mh_fused,mh_attention_fused_fp8_out,block29,448,128,448,9.480839729,9.541319847,0.060479999,23.410200119,_;_;_;56;32;512
0,93,mh_fast,mh_attention_project_frag_c512,block29,896,32,917504,9.542840004,9.608639717,0.065800004,23.410200119,_;_;_;_;1792;0;50;30;56;4;0
0,94,mh,mh_shift_pack,block30,4480,256,1146880,9.611639977,9.667840004,0.056200001,23.410200119,_;_;50;30;56;40;0;4;512;0
0,95,deep_fast,split_mix_blocked_h16w,block30,1120,32,1146880,9.675479889,9.745320320,0.069839999,23.410200119,_;_;_;2240
0,96,deep_fast,split_ffn_fused_fp8_t8,block30,1120,128,1146880,9.749159813,9.816960335,0.067800000,23.410200119,_;_;_;_;2240
0,97,deep_fast,split_projection_frag,block30,1120,32,1146880,9.818479538,9.877880096,0.059400000,23.410200119,_;_;_;_;_;2240
0,98,mh_fast,mh_qkv_normalize_frag_c512,block30,3360,32,3440640,9.882120132,9.960000038,0.077880003,23.410200119,_;_;_;2240
0,99,mh_fused,mh_attention_fused_fp8_out,block30,560,128,560,9.961400032,10.026720047,0.065320000,23.410200119,_;_;_;56;40;512
0,100,mh_fast,mh_attention_project_frag_c512,block30,1120,32,1146880,10.028079987,10.112159729,0.084080003,23.410200119,_;_;_;_;2240;3;50;30;56;0;4
0,101,mh,mh_pool,head,800,256,204800,10.115200043,10.168439865,0.053240001,23.410200119,_;_;25;16;50;25;15;512
0,102,mh_fast,mh_pool_project_production_h16w,head,1600,32,409600,10.173480034,10.262200356,0.088720001,23.410200119,_;_;_;25;16;25;15;512
0,103,deep,vit_gather,block31,1600,256,409600,10.264439583,10.316040039,0.051600002,23.410200119,_;_;_;409600
0,104,deep_fast,vit_pack_input,block31,400,256,102400,10.321240425,10.368680000,0.047440000,23.410200119,_;_;409600
0,105,deep_fast,vit_expand_blocked_fp8_frag_bytein,block31,1600,32,1638400,10.374679565,10.448280334,0.073600002,23.410200119,_;_;_;400;1024;4096
0,106,deep_fast,vit_contract_blocked_fp8_frag,block31,400,32,409600,10.450559616,10.532360077,0.081799999,23.410200119,_;_;_;_;400;4096;1024
0,107,deep_fast,vit_qkv_project_normalize_fused_f16compact_fp8_frag,block31,2400,32,1228800,10.534560204,10.623959541,0.089400001,23.410200119,_;_;_;400
0,108,deep_fast,vit_attention_fused_400_bytein,block31,800,32,204800,10.625679970,10.697079659,0.071400002,23.410200119,_;_;400
0,109,deep_fast,vit_project_frag,block31,1600,32,409600,10.699279785,10.784560204,0.085280001,23.410200119,_;_;_;_;400;1024;1024
0,110,deep_fast,vit_pack_input,block32,400,256,102400,10.786760330,10.840439796,0.053679999,23.410200119,_;_;409600
0,111,deep_fast,vit_expand_blocked_fp8_frag_bytein,block32,1600,32,1638400,10.846360207,10.921079636,0.074720003,23.410200119,_;_;_;400;1024;4096
0,112,deep_fast,vit_contract_blocked_fp8_frag,block32,400,32,409600,10.923319817,10.991120338,0.067800000,23.410200119,_;_;_;_;400;4096;1024
0,113,deep_fast,vit_qkv_project_normalize_fused_f16compact_fp8_frag,block32,2400,32,1228800,10.993359566,11.064399719,0.071039997,23.410200119,_;_;_;400
0,114,deep_fast,vit_attention_fused_400_bytein,block32,800,32,204800,11.066120148,11.139360428,0.073239997,23.410200119,_;_;400
0,115,deep_fast,vit_project_frag,block32,1600,32,409600,11.141599655,11.282959938,0.141360000,23.410200119,_;_;_;_;400;1024;1024
0,116,deep_fast,vit_pack_input,block33,400,256,102400,11.285160065,11.334239960,0.049079999,23.410200119,_;_;409600
0,117,deep_fast,vit_expand_blocked_fp8_frag_bytein,block33,1600,32,1638400,11.340200424,11.413960457,0.073760003,23.410200119,_;_;_;400;1024;4096
0,118,deep_fast,vit_contract_blocked_fp8_frag,block33,400,32,409600,11.416199684,11.499199867,0.082999997,23.410200119,_;_;_;_;400;4096;1024
0,119,deep_fast,vit_qkv_project_normalize_fused_f16compact_fp8_frag,block33,2400,32,1228800,11.501440048,11.589599609,0.088160001,23.410200119,_;_;_;400
0,120,deep_fast,vit_attention_fused_400_bytein,block33,800,32,204800,11.591279984,11.664440155,0.073160000,23.410200119,_;_;400
0,121,deep_fast,vit_project_frag,block33,1600,32,409600,11.666640282,11.751560211,0.084919997,23.410200119,_;_;_;_;400;1024;1024
0,122,deep_fast,vit_pack_input,block34,400,256,102400,11.753760338,11.802639961,0.048880000,23.410200119,_;_;409600
0,123,deep_fast,vit_expand_blocked_fp8_frag_bytein,block34,1600,32,1638400,11.807359695,11.860919952,0.053560000,23.410200119,_;_;_;400;1024;4096
0,124,deep_fast,vit_contract_blocked_fp8_frag,block34,400,32,409600,11.863200188,11.943599701,0.080399998,23.410200119,_;_;_;_;400;4096;1024
0,125,deep_fast,vit_qkv_project_normalize_fused_f16compact_fp8_frag,block34,2400,32,1228800,11.945839882,12.034119606,0.088280000,23.410200119,_;_;_;400
0,126,deep_fast,vit_attention_fused_400_bytein,block34,800,32,204800,12.035799980,12.110239983,0.074440002,23.410200119,_;_;400
0,127,deep_fast,vit_project_frag,block34,1600,32,409600,12.112480164,12.197360039,0.084880002,23.410200119,_;_;_;_;400;1024;1024
0,128,deep_fast,vit_pack_input,block35,400,256,102400,12.199560165,12.246040344,0.046480000,23.410200119,_;_;409600
0,129,deep_fast,vit_expand_blocked_fp8_frag_bytein,block35,1600,32,1638400,12.252039909,12.305000305,0.052960001,23.410200119,_;_;_;400;1024;4096
0,130,deep_fast,vit_contract_blocked_fp8_frag,block35,400,32,409600,12.307239532,12.387200356,0.079960003,23.410200119,_;_;_;_;400;4096;1024
0,131,deep_fast,vit_qkv_project_normalize_fused_f16compact_fp8_frag,block35,2400,32,1228800,12.389439583,12.482080460,0.092639998,23.410200119,_;_;_;400
0,132,deep_fast,vit_attention_fused_400_bytein,block35,800,32,204800,12.483759880,12.560919762,0.077160001,23.410200119,_;_;400
0,133,deep_fast,vit_project_frag,block35,1600,32,409600,12.563199997,12.647680283,0.084480003,23.410200119,_;_;_;_;400;1024;1024
0,134,deep_fast,vit_pack_input,block36,400,256,102400,12.649880409,12.697959900,0.048080001,23.410200119,_;_;409600
0,135,deep_fast,vit_expand_blocked_fp8_frag_bytein,block36,1600,32,1638400,12.704279900,12.755840302,0.051560000,23.410200119,_;_;_;400;1024;4096
0,136,deep_fast,vit_contract_blocked_fp8_frag,block36,400,32,409600,12.758079529,12.839520454,0.081440002,23.410200119,_;_;_;_;400;4096;1024
0,137,deep_fast,vit_qkv_project_normalize_fused_f16compact_fp8_frag,block36,2400,32,1228800,12.841759682,12.933239937,0.091480002,23.410200119,_;_;_;400
0,138,deep_fast,vit_attention_fused_400_bytein,block36,800,32,204800,12.934960365,13.009719849,0.074759997,23.410200119,_;_;400
0,139,deep_fast,vit_project_frag,block36,1600,32,409600,13.011960030,13.097160339,0.085199997,23.410200119,_;_;_;_;400;1024;1024
0,140,deep_fast,vit_pack_input,block37,400,256,102400,13.099360466,13.150719643,0.051360000,23.410200119,_;_;409600
0,141,deep_fast,vit_expand_blocked_fp8_frag_bytein,block37,1600,32,1638400,13.156760216,13.209079742,0.052320000,23.410200119,_;_;_;400;1024;4096
0,142,deep_fast,vit_contract_blocked_fp8_frag,block37,400,32,409600,13.211359978,13.292880058,0.081519999,23.410200119,_;_;_;_;400;4096;1024
0,143,deep_fast,vit_qkv_project_normalize_fused_f16compact_fp8_frag,block37,2400,32,1228800,13.295160294,13.385720253,0.090559997,23.410200119,_;_;_;400
0,144,deep_fast,vit_attention_fused_400_bytein,block37,800,32,204800,13.387399673,13.461879730,0.074479997,23.410200119,_;_;400
0,145,deep_fast,vit_project_frag,block37,1600,32,409600,13.464119911,13.549440384,0.085320003,23.410200119,_;_;_;_;400;1024;1024
0,146,deep_fast,vit_pack_input,block38,400,256,102400,13.551639557,13.600440025,0.048799999,23.410200119,_;_;409600
0,147,deep_fast,vit_expand_blocked_fp8_frag_bytein,block38,1600,32,1638400,13.605159760,13.658519745,0.053360000,23.410200119,_;_;_;400;1024;4096
0,148,deep_fast,vit_contract_blocked_fp8_frag,block38,400,32,409600,13.660759926,13.742159843,0.081400000,23.410200119,_;_;_;_;400;4096;1024
0,149,deep_fast,vit_qkv_project_normalize_fused_f16compact_fp8_frag,block38,2400,32,1228800,13.744400024,13.837759972,0.093359999,23.410200119,_;_;_;400
0,150,deep_fast,vit_attention_fused_400_bytein,block38,800,32,204800,13.839440346,13.913840294,0.074400000,23.410200119,_;_;400
0,151,deep_fast,vit_project_frag,block38,1600,32,409600,13.916080475,14.003760338,0.087679997,23.410200119,_;_;_;_;400;1024;1024
0,152,deep,vit_gather,block39,1600,256,409600,14.005960464,14.058400154,0.052439999,23.410200119,_;_;_;409600
0,153,deep_fast,decoder_project2x_h16w,block39,800,32,204800,14.064840317,14.135120392,0.070280001,23.410200119,_;_;_;_;25;16;50;30;1024;512
0,154,mh,mh_shift_pack,block40,3584,256,917504,14.138079643,14.191639900,0.053560000,23.410200119,_;_;50;30;56;32;0;0;512;0
0,155,deep_fast,split_mix_blocked_h16w,block40,896,32,917504,14.199359894,14.264120102,0.064760000,23.410200119,_;_;_;1792
0,156,deep_fast,split_ffn_fused_fp8_t8,block40,896,128,917504,14.267439842,14.326959610,0.059519999,23.410200119,_;_;_;_;1792
0,157,deep_fast,split_projection_frag,block40,896,32,917504,14.328519821,14.383760452,0.055240002,23.410200119,_;_;_;_;_;1792
0,158,mh_fast,mh_qkv_normalize_frag_c512,block40,2688,32,2752512,14.387519836,14.461199760,0.073679999,23.410200119,_;_;_;1792
0,159,mh_fused,mh_attention_fused_fp8_out,block40,448,128,448,14.462559700,14.523480415,0.060920000,23.410200119,_;_;_;56;32;512
0,160,mh_fast,mh_attention_project_frag_c512,block40,896,32,917504,14.524959564,14.591520309,0.066560000,23.410200119,_;_;_;_;1792;0;50;30;56;0;0
0,161,mh,mh_shift_pack,block41,4480,256,1146880,14.594519615,14.649439812,0.054919999,23.410200119,_;_;50;30;56;40;4;4;512;0
0,162,deep_fast,split_mix_blocked_h16w,block41,1120,32,1146880,14.655960083,14.727680206,0.071719997,23.410200119,_;_;_;2240
0,163,deep_fast,split_ffn_fused_fp8_t8,block41,1120,128,1146880,14.731519699,14.802680016,0.071160004,23.410200119,_;_;_;_;2240
0,164,deep_fast,split_projection_frag,block41,1120,32,1146880,14.804120064,14.863880157,0.059760001,23.410200119,_;_;_;_;_;2240
0,165,mh_fast,mh_qkv_normalize_frag_c512,block41,3360,32,3440640,14.868160248,14.945799828,0.077639997,23.410200119,_;_;_;2240
0,166,mh_fused,mh_attention_fused_fp8_out,block41,560,128,560,14.948399544,14.986000061,0.037599999,23.410200119,_;_;_;56;40;512
0,167,mh_fast,mh_attention_project_frag_c512,block41,1120,32,1146880,14.987400055,15.052960396,0.065559998,23.410200119,_;_;_;_;2240;0;50;30;56;4;4
0,168,mh,mh_shift_pack,block44,3584,256,917504,15.055999756,15.111000061,0.055000000,23.410200119,_;_;50;30;56;32;0;0;512;0
0,169,deep_fast,split_mix_blocked_h16w,block44,896,32,917504,15.117239952,15.180560112,0.063320003,23.410200119,_;_;_;1792
0,170,deep_fast,split_ffn_fused_fp8_t8,block44,896,128,917504,15.183839798,15.248359680,0.064520001,23.410200119,_;_;_;_;1792
0,171,deep_fast,split_projection_frag,block44,896,32,917504,15.249919891,15.334039688,0.084119998,23.410200119,_;_;_;_;_;1792
0,172,mh_fast,mh_qkv_normalize_frag_c512,block44,2688,32,2752512,15.337840080,15.412039757,0.074199997,23.410200119,_;_;_;1792
0,173,mh_fused,mh_attention_fused_fp8_out,block44,448,128,448,15.413439751,15.475999832,0.062560000,23.410200119,_;_;_;56;32;512
0,174,mh_fast,mh_attention_project_frag_c512,block44,896,32,917504,15.477479935,15.551639557,0.074160002,23.410200119,_;_;_;_;1792;0;50;30;56;0;0
0,175,mh,mh_shift_pack,block45,4480,256,1146880,15.554599762,15.608719826,0.054120000,23.410200119,_;_;50;30;56;40;4;4;512;0
0,176,deep_fast,split_mix_blocked_h16w,block45,1120,32,1146880,15.615200043,15.686400414,0.071199998,23.410200119,_;_;_;2240
0,177,deep_fast,split_ffn_fused_fp8_t8,block45,1120,128,1146880,15.690199852,15.759039879,0.068839997,23.410200119,_;_;_;_;2240
0,178,deep_fast,split_projection_frag,block45,1120,32,1146880,15.760519981,15.822279930,0.061760001,23.410200119,_;_;_;_;_;2240
0,179,mh_fast,mh_qkv_normalize_frag_c512,block45,3360,32,3440640,15.826560020,15.904080391,0.077519998,23.410200119,_;_;_;2240
0,180,mh_fused,mh_attention_fused_fp8_out,block45,560,128,560,15.906720161,15.944160461,0.037439998,23.410200119,_;_;_;56;40;512
0,181,mh_fast,mh_attention_project_frag_c512,block45,1120,32,1146880,15.945560455,16.011119843,0.065559998,23.410200119,_;_;_;_;2240;0;50;30;56;4;4
0,182,mh,mh_shift_pack,block47,4480,256,1146880,16.014160156,16.069080353,0.054919999,23.410200119,_;_;50;30;56;40;0;4;512;0
0,183,deep_fast,split_mix_blocked_h16w,block47,1120,32,1146880,16.076999664,16.146839142,0.069839999,23.410200119,_;_;_;2240
0,184,deep_fast,split_ffn_fused_fp8_t8,block47,1120,128,1146880,16.150720596,16.218919754,0.068200000,23.410200119,_;_;_;_;2240
0,185,deep_fast,split_projection_frag,block47,1120,32,1146880,16.220439911,16.279520035,0.059080001,23.410200119,_;_;_;_;_;2240
0,186,mh_fast,mh_qkv_normalize_frag_c512,block47,3360,32,3440640,16.283840179,16.356719971,0.072880000,23.410200119,_;_;_;2240
0,187,mh_fused,mh_attention_fused_fp8_out,block47,560,128,560,16.358079910,16.421520233,0.063440003,23.410200119,_;_;_;56;40;512
0,188,mh_fast,mh_attention_project_frag_c512,block47,1120,32,1146880,16.422920227,16.498479843,0.075560004,23.410200119,_;_;_;_;2240;0;50;30;56;0;4
0,189,deep_fast,decoder_project2x_h16w_byteout,block48,1504,32,384000,16.501480103,16.597400665,0.095919997,23.410200119,_;_;_;_;50;30;100;60;512;256
0,190,mh_fast,mh_ffn_fused_c256_frag_project_mapped_g128_qkv_bytein_fb,block48,416,512,1703936,16.599439621,16.703639984,0.104199998,23.410200119,_;_;_;_;_;6656;100;60;104;0;0
0,191,mh_fused,c256_attention_project_fb_bout_diag,block48,104,512,104,16.705080032,16.792440414,0.087360002,23.410200119,_;_;_;_;104;64;0;100;60;0;0
0,192,mh_fast,mh_ffn_fused_c256_frag_project_mapped_g128_qkv_bytein_fb,block49,416,512,1703936,16.794160843,16.899999619,0.105839998,23.410200119,_;_;_;_;_;6656;100;60;104;4;4
0,193,mh_fused,c256_attention_project_fb_bout_diag,block49,104,512,104,16.901599884,16.986040115,0.084440000,23.410200119,_;_;_;_;104;64;4;100;60;4;4
0,194,mh_fast,mh_ffn_fused_c256_frag_project_mapped_g128_qkv_bytein_fb,block50,416,512,1703936,16.987760544,17.093439102,0.105679996,23.410200119,_;_;_;_;_;6656;100;60;104;4;0
0,195,mh_fused,c256_attention_project_fb_bout_diag,block50,104,512,104,17.094839096,17.180120468,0.085280001,23.410200119,_;_;_;_;104;64;4;100;60;4;0
0,196,mh_fast,mh_ffn_fused_c256_frag_project_mapped_g128_qkv_bytein_fb,block51,416,512,1703936,17.181800842,17.288320541,0.106519997,23.410200119,_;_;_;_;_;6656;100;60;104;0;4
0,197,mh_fused,c256_attention_project_fb_bout_diag,block51,104,512,104,17.289840698,17.374399185,0.084559999,23.410200119,_;_;_;_;104;64;4;100;60;0;4
0,198,mh_fast,mh_ffn_fused_c256_frag_project_mapped_g128_qkv_bytein_fb,block52,416,512,1703936,17.376119614,17.481639862,0.105520003,23.410200119,_;_;_;_;_;6656;100;60;104;0;0
0,199,mh_fused,c256_attention_project_fb_bout_diag,block52,104,512,104,17.483079910,17.568759918,0.085680000,23.410200119,_;_;_;_;104;64;4;100;60;0;0
0,200,mh_fast,mh_ffn_fused_c256_frag_project_mapped_g128_qkv_bytein_fb,block53,416,512,1703936,17.570440292,17.677560806,0.107120000,23.410200119,_;_;_;_;_;6656;100;60;104;4;4
0,201,mh_fused,c256_attention_project_fb_bout_diag,block53,104,512,104,17.679119110,17.764280319,0.085160002,23.410200119,_;_;_;_;104;64;4;100;60;4;4
0,202,mh_fast,mh_ffn_fused_c256_frag_project_mapped_g128_qkv_bytein_fb,block54,416,512,1703936,17.766000748,17.870840073,0.104840003,23.410200119,_;_;_;_;_;6656;100;60;104;4;0
0,203,mh_fused,c256_attention_project_fb_bout_diag,block54,104,512,104,17.872280121,17.957799911,0.085519999,23.410200119,_;_;_;_;104;64;4;100;60;4;0
0,204,mh_fast,mh_ffn_fused_c256_frag_project_mapped_g128_qkv_bytein_fb,block55,416,512,1703936,17.959480286,18.068040848,0.108560003,23.410200119,_;_;_;_;_;6656;100;60;104;0;4
0,205,mh_fused,c256_attention_project_fb_diag,block55,104,512,104,18.069559097,18.156560898,0.086999997,23.410200119,_;_;_;_;104;64;0;100;60;0;4
0,206,deep_fast,decoder_project2x_h16w_byteout,block56,3000,32,768000,18.159040451,18.252840042,0.093800001,23.410200119,_;_;_;_;100;60;200;120;256;128
0,207,mh_fast,mh_ffn_fused_c128_project_mapped_g128_qkv_bytein_fb,block56,1560,256,3194880,18.254720688,18.399999619,0.145280004,23.410200119,_;_;_;_;_;24960;200;120;208;4;0
0,208,mh_fused,c128_attention_project_fb_bout_diag,block56,390,512,390,18.401439667,18.494440079,0.093000002,23.410200119,_;_;_;_;208;120;4;200;120;4;0
0,209,mh_fast,mh_ffn_fused_c128_project_mapped_g128_qkv_bytein_fb,block57,1600,256,3276800,18.495880127,18.612560272,0.116680004,23.410200119,_;_;_;_;_;25600;200;120;200;0;4
0,210,mh_fused,c128_attention_project_fb_bout_diag,block57,400,512,400,18.618999481,18.708480835,0.089479998,23.410200119,_;_;_;_;200;128;4;200;120;0;4
0,211,mh_fast,mh_ffn_fused_c128_project_g128_qkv_bytein_fb,block58,1500,256,3072000,18.709960938,18.823720932,0.113760002,23.410200119,_;_;_;_;_;24000;200;120;200;0;0
0,212,mh_fused,c128_attention_project_fb_bout_diag,block58,375,512,375,18.826400757,18.911439896,0.085040003,23.410200119,_;_;_;_;200;120;4;0;0;0;0
0,213,mh_fast,mh_ffn_fused_c128_project_mapped_g128_qkv_bytein_fb,block59,1664,256,3407872,18.912839890,19.035720825,0.122879997,23.410200119,_;_;_;_;_;26624;200;120;208;4;4
0,214,mh_fused,c128_attention_project_fb_bout_diag,block59,416,512,416,19.042119980,19.131160736,0.089040004,23.410200119,_;_;_;_;208;128;4;200;120;4;4
0,215,mh_fast,mh_ffn_fused_c128_project_mapped_g128_qkv_bytein_fb,block60,1560,256,3194880,19.132640839,19.255680084,0.123039998,23.410200119,_;_;_;_;_;24960;200;120;208;4;0
0,216,mh_fused,c128_attention_project_fb_bout_diag,block60,390,512,390,19.257120132,19.365240097,0.108120002,23.410200119,_;_;_;_;208;120;4;200;120;4;0
0,217,mh_fast,mh_ffn_fused_c128_project_mapped_g128_qkv_bytein_fb,block61,1600,256,3276800,19.366720200,19.486640930,0.119920000,23.410200119,_;_;_;_;_;25600;200;120;200;0;4
0,218,mh_fused,c128_attention_project_fb_diag,block61,400,512,400,19.489280701,19.582639694,0.093359999,23.410200119,_;_;_;_;200;128;0;200;120;0;4
0,219,deep_fast,decoder_project2x_h16w_byteout,block62,6000,32,1536000,19.584280014,19.706279755,0.122000001,23.410200119,_;_;_;_;200;120;400;240;128;64
0,220,mh_fast,mh_ffn_fused_c64_project_g128_qkv_bytein_fb,block62,6000,128,6144000,19.708639145,19.848720551,0.140080005,23.410200119,_;_;_;_;_;96000;400;240;400;0;0
0,221,mh_fused,c64_attention_project_fb_bout_diag,block62,1500,256,1500,19.850200653,19.958400726,0.108199999,23.410200119,_;_;_;_;400;240;4;0;0;0;0
0,222,mh_fast,mh_ffn_fused_c64_project_mapped_g128_qkv_bytein_fb,block63,6324,128,6475776,19.959840775,20.126720428,0.166879997,23.410200119,_;_;_;_;_;101184;400;240;408;4;4
0,223,mh_fused,c64_attention_project_fb_bout_diag,block63,1581,256,1581,20.128120422,20.254959106,0.126839995,23.410200119,_;_;_;_;408;248;4;400;240;4;4
0,224,mh_fast,mh_ffn_fused_c64_project_mapped_g128_qkv_bytein_fb,block64,6120,128,6266880,20.256359100,20.436000824,0.179639995,23.410200119,_;_;_;_;_;97920;400;240;408;4;0
0,225,mh_fused,c64_attention_project_fb_bout_diag,block64,1530,256,1530,20.437400818,20.564079285,0.126680002,23.410200119,_;_;_;_;408;240;4;400;240;4;0
0,226,mh_fast,mh_ffn_fused_c64_project_mapped_g128_qkv_bytein_fb,block65,6200,128,6348800,20.565559387,20.727159500,0.161599994,23.410200119,_;_;_;_;_;99200;400;240;400;0;4
0,227,mh_fused,c64_attention_project_fb_diag,block65,1550,256,1550,20.728559494,20.858240128,0.129679993,23.410200119,_;_;_;_;400;248;0;400;240;0;4
0,228,deep_fast,decoder_project2x_h16w,block69,12000,32,3072000,20.859840393,21.094360352,0.234520003,23.410200119,_;_;_;_;400;240;800;480;64;32
0,229,c32_fused_ffn,c32_fast_ffn_attention_fused_half_mapped,block69,6000,128,6000,21.097440720,21.398899078,0.301459998,23.410200119,_;_;_;_;6000;0;1;800;480;0;0
0,230,c32_fused_ffn,c32_fast_ffn_attention_fused_half_chain,block69,6161,128,6161,21.400339127,21.684600830,0.284260005,23.410200119,_;_;_;_;6161;3;1;800;480;4;4;800;0;0
0,231,c32_fused_ffn,c32_fast_ffn_attention_fused_half_chain,block69,6060,128,6060,21.686159134,21.968299866,0.282139987,23.410200119,_;_;_;_;6060;3;1;800;480;4;0;808;4;4
0,232,c32_fused_ffn,c32_fast_ffn_attention_fused_half_chain_finish,block69,6100,128,6100,21.969900131,22.274099350,0.304199994,23.410200119,_;_;_;_;_;6100;3;1;800;480;0;4;808;4;0
0,233,c32_fused_ffn,c32_post_merge_head_half,block70,24321,128,24321,22.275699615,23.378000259,1.102300048,23.410200119,_;_;_;_;_;_;_;_;24321;1600;960;4;4;_
1,0,c32_fused_ffn,c32_fast_ffn_attention_fused_half_prefix_finish_main8,pre-down,24000,128,24000,0.006000000,1.114799976,1.108800054,23.231460571,_;_;_;_;_;_;24000;0;1;1600;960;0;0
1,1,c32_fused_ffn,c32_fast_ffn_attention_fused_half_mapped,block4,6000,128,6000,1.116320014,1.427039981,0.310719997,23.231460571,_;_;_;_;6000;0;1;800;480;0;0
1,2,c32_fused_ffn,c32_fast_ffn_attention_fused_half_chain,block4,6161,128,6161,1.428480029,1.712399960,0.283919990,23.231460571,_;_;_;_;6161;3;1;800;480;4;4;800;0;0
1,3,c32_fused_ffn,c32_fast_ffn_attention_fused_half_chain,block4,6060,128,6060,1.713960052,2.006639957,0.292679995,23.231460571,_;_;_;_;6060;3;1;800;480;4;0;808;4;4
1,4,c32_fused_ffn,c32_fast_ffn_attention_fused_half_chain_finish_dcrop,block4,6100,128,6100,2.008239985,2.338520050,0.330280006,23.231460571,_;_;_;_;_;6100;3;1;800;480;0;4;808;4;0
1,5,mh_fast,mh_pool_project_production_h16w,block5,24000,32,6144000,2.340159893,2.439759970,0.099600002,23.231460571,_;_;_;400;240;0;0;32
1,6,mh_fast,mh_ffn_fused_c64_project_g128_qkv_fb,block5,6000,128,6144000,2.448199987,2.603039980,0.154840007,23.231460571,_;_;_;_;_;96000;400;240;400;0;0
1,7,mh_fused,c64_attention_project_fb_bout_diag,block5,1500,256,1500,2.604480028,2.712480068,0.108000003,23.231460571,_;_;_;_;400;240;4;0;0;0;0
1,8,mh_fast,mh_ffn_fused_c64_project_mapped_g128_qkv_bytein_fb,block6,6324,128,6475776,2.713920116,2.879559994,0.165639997,23.231460571,_;_;_;_;_;101184;400;240;408;4;4
1,9,mh_fused,c64_attention_project_fb_bout_diag,block6,1581,256,1581,2.880959988,3.006439924,0.125479996,23.231460571,_;_;_;_;408;248;4;400;240;4;4
1,10,mh_fast,mh_ffn_fused_c64_project_mapped_g128_qkv_bytein_fb,block7,6120,128,6266880,3.007839918,3.169800043,0.161960006,23.231460571,_;_;_;_;_;97920;400;240;408;4;0
1,11,mh_fused,c64_attention_project_fb_bout_diag,block7,1530,256,1530,3.171159983,3.309119940,0.137960002,23.231460571,_;_;_;_;408;240;4;400;240;4;0
1,12,mh_fast,mh_ffn_fused_c64_project_mapped_g128_qkv_bytein_fb,block8,6200,128,6348800,3.310640097,3.473639965,0.163000003,23.231460571,_;_;_;_;_;99200;400;240;400;0;4
1,13,mh_fused,c64_attention_project_fb_diag,block8,1550,256,1550,3.474999905,3.598200083,0.123199999,23.231460571,_;_;_;_;400;248;3;400;240;0;4
1,14,mh_fast,mh_pool_project_group_c64,block9,1500,64,3072000,3.599760056,3.675359964,0.075599998,23.231460571,_;_;_;200;120;400;0;0
1,15,mh_fast,mh_ffn_fused_c128_project_g128_qkv_fb,block9,1500,256,3072000,3.679840088,3.798840046,0.119000003,23.231460571,_;_;_;_;_;24000;200;120;200;0;0
1,16,mh_fused,c128_attention_project_fb_bout_diag,block9,375,512,375,3.800159931,3.882359982,0.082199998,23.231460571,_;_;_;_;200;120;4;0;0;0;0
1,17,mh_fast,mh_ffn_fused_c128_project_mapped_g128_qkv_bytein_fb,block10,1664,256,3407872,3.883840084,4.007319927,0.123480000,23.231460571,_;_;_;_;_;26624;200;120;208;4;4
1,18,mh_fused,c128_attention_project_fb_bout_diag,block10,416,512,416,4.015600204,4.101240158,0.085639998,23.231460571,_;_;_;_;208;128;4;200;120;4;4
1,19,mh_fast,mh_ffn_fused_c128_project_mapped_g128_qkv_bytein_fb,block11,1560,256,3194880,4.102719784,4.229320049,0.126599997,23.231460571,_;_;_;_;_;24960;200;120;208;4;0
1,20,mh_fused,c128_attention_project_fb_bout_diag,block11,390,512,390,4.230720043,4.321599960,0.090879999,23.231460571,_;_;_;_;208;120;4;200;120;4;0
1,21,mh_fast,mh_ffn_fused_c128_project_mapped_g128_qkv_bytein_fb,block12,1600,256,3276800,4.323040009,4.443439960,0.120399997,23.231460571,_;_;_;_;_;25600;200;120;200;0;4
1,22,mh_fused,c128_attention_project_fb_bout_diag,block12,400,512,400,4.451280117,4.515759945,0.064479999,23.231460571,_;_;_;_;200;128;4;200;120;0;4
1,23,mh_fast,mh_ffn_fused_c128_project_g128_qkv_bytein_fb,block13,1500,256,3072000,4.517320156,4.633719921,0.116400003,23.231460571,_;_;_;_;_;24000;200;120;200;0;0
1,24,mh_fused,c128_attention_project_fb_bout_diag,block13,375,512,375,4.635039806,4.717800140,0.082759999,23.231460571,_;_;_;_;200;120;4;0;0;0;0
1,25,mh_fast,mh_ffn_fused_c128_project_mapped_g128_qkv_bytein_fb,block14,1664,256,3407872,4.719279766,4.844319820,0.125039995,23.231460571,_;_;_;_;_;26624;200;120;208;4;4
1,26,mh_fused,c128_attention_project_fb_diag,block14,416,512,416,4.852640152,4.940080166,0.087439999,23.231460571,_;_;_;_;208;128;3;200;120;4;4
1,27,mh_fast,mh_pool_project_group_c128,block15,375,128,1536000,4.941760063,5.001639843,0.059880000,23.231460571,_;_;_;100;60;200;0;0
1,28,mh_fast,mh_ffn_fused_c256_frag_project_mapped_g128_qkv_fb,block15,416,512,1703936,5.006199837,5.113239765,0.107040003,23.231460571,_;_;_;_;_;6656;100;60;104;0;0
1,29,mh_fused,c256_attention_project_fb_bout_diag,block15,104,512,104,5.114600182,5.198880196,0.084279999,23.231460571,_;_;_;_;104;64;4;100;60;0;0
1,30,mh_fast,mh_ffn_fused_c256_frag_project_mapped_g128_qkv_bytein_fb,block16,416,512,1703936,5.200520039,5.307879925,0.107359998,23.231460571,_;_;_;_;_;6656;100;60;104;4;4
1,31,mh_fused,c256_attention_project_fb_bout_diag,block16,104,512,104,5.309400082,5.391880035,0.082479998,23.231460571,_;_;_;_;104;64;4;100;60;4;4
1,32,mh_fast,mh_ffn_fused_c256_frag_project_mapped_g128_qkv_bytein_fb,block17,416,512,1703936,5.393640041,5.499239922,0.105599999,23.231460571,_;_;_;_;_;6656;100;60;104;4;0
1,33,mh_fused,c256_attention_project_fb_bout_diag,block17,104,512,104,5.500679970,5.584680080,0.083999999,23.231460571,_;_;_;_;104;64;4;100;60;4;0
1,34,mh_fast,mh_ffn_fused_c256_frag_project_mapped_g128_qkv_bytein_fb,block18,416,512,1703936,5.586359978,5.694880009,0.108520001,23.231460571,_;_;_;_;_;6656;100;60;104;0;4
1,35,mh_fused,c256_attention_project_fb_bout_diag,block18,104,512,104,5.696400166,5.778560162,0.082160003,23.231460571,_;_;_;_;104;64;4;100;60;0;4
1,36,mh_fast,mh_ffn_fused_c256_frag_project_mapped_g128_qkv_bytein_fb,block19,416,512,1703936,5.780280113,5.886000156,0.105719998,23.231460571,_;_;_;_;_;6656;100;60;104;0;0
1,37,mh_fused,c256_attention_project_fb_bout_diag,block19,104,512,104,5.887360096,5.971960068,0.084600002,23.231460571,_;_;_;_;104;64;4;100;60;0;0
1,38,mh_fast,mh_ffn_fused_c256_frag_project_mapped_g128_qkv_bytein_fb,block20,416,512,1703936,5.973599911,6.081399918,0.107799999,23.231460571,_;_;_;_;_;6656;100;60;104;4;4
1,39,mh_fused,c256_attention_project_fb_bout_diag,block20,104,512,104,6.082960129,6.165760040,0.082800001,23.231460571,_;_;_;_;104;64;4;100;60;4;4
1,40,mh_fast,mh_ffn_fused_c256_frag_project_mapped_g128_qkv_bytein_fb,block21,416,512,1703936,6.167479992,6.273880005,0.106399998,23.231460571,_;_;_;_;_;6656;100;60;104;4;0
1,41,mh_fused,c256_attention_project_fb_bout_diag,block21,104,512,104,6.275279999,6.360079765,0.084799998,23.231460571,_;_;_;_;104;64;4;100;60;4;0
1,42,mh_fast,mh_ffn_fused_c256_frag_project_mapped_g128_qkv_bytein_fb,block22,416,512,1703936,6.361760139,6.469840050,0.108080000,23.231460571,_;_;_;_;_;6656;100;60;104;0;4
1,43,mh_fused,c256_attention_project_fb_diag,block22,104,512,104,6.471360207,6.555240154,0.083880000,23.231460571,_;_;_;_;104;64;3;100;60;0;4
1,44,mh_fast,mh_pool_project_group_c256,block23,94,256,768000,6.557879925,6.620759964,0.062880002,23.231460571,_;_;_;50;30;100;0;0
1,45,mh,mh_shift_pack,block23,3584,256,917504,6.623799801,6.676119804,0.052320000,23.231460571,_;_;50;30;56;32;0;0;512;0
1,46,deep_fast,split_mix_blocked_h16w,block23,896,32,917504,6.683800220,6.721320152,0.037519999,23.231460571,_;_;_;1792
1,47,deep_fast,split_ffn_fused_fp8_t8,block23,896,128,917504,6.724639893,6.782040119,0.057399999,23.231460571,_;_;_;_;1792
1,48,deep_fast,split_projection_frag,block23,896,32,917504,6.783559799,6.821040154,0.037480000,23.231460571,_;_;_;_;_;1792
1,49,mh_fast,mh_qkv_normalize_frag_c512,block23,2688,32,2752512,6.824800014,6.890960217,0.066160001,23.231460571,_;_;_;1792
1,50,mh_fused,mh_attention_fused_fp8_out,block23,448,128,448,6.892320156,6.951560020,0.059239998,23.231460571,_;_;_;56;32;512
1,51,mh_fast,mh_attention_project_frag_c512,block23,896,32,917504,6.953040123,7.018919945,0.065880001,23.231460571,_;_;_;_;1792;0;50;30;56;0;0
1,52,mh,mh_shift_pack,block24,4480,256,1146880,7.021920204,7.075520039,0.053599998,23.231460571,_;_;50;30;56;40;4;4;512;0
1,53,deep_fast,split_mix_blocked_h16w,block24,1120,32,1146880,7.083280087,7.153560162,0.070280001,23.231460571,_;_;_;2240
1,54,deep_fast,split_ffn_fused_fp8_t8,block24,1120,128,1146880,7.157360077,7.223440170,0.066079997,23.231460571,_;_;_;_;2240
1,55,deep_fast,split_projection_frag,block24,1120,32,1146880,7.224919796,7.281839848,0.056919999,23.231460571,_;_;_;_;_;2240
1,56,mh_fast,mh_qkv_normalize_frag_c512,block24,3360,32,3440640,7.286200047,7.361800194,0.075599998,23.231460571,_;_;_;2240
1,57,mh_fused,mh_attention_fused_fp8_out,block24,560,128,560,7.363200188,7.426199913,0.063000001,23.231460571,_;_;_;56;40;512
1,58,mh_fast,mh_attention_project_frag_c512,block24,1120,32,1146880,7.427639961,7.495039940,0.067400001,23.231460571,_;_;_;_;2240;0;50;30;56;4;4
1,59,mh,mh_shift_pack,block25,3584,256,917504,7.498079777,7.551040173,0.052960001,23.231460571,_;_;50;30;56;32;4;0;512;0
1,60,deep_fast,split_mix_blocked_h16w,block25,896,32,917504,7.558680058,7.591639996,0.032960001,23.231460571,_;_;_;1792
1,61,deep_fast,split_ffn_fused_fp8_t8,block25,896,128,917504,7.594920158,7.654359818,0.059440002,23.231460571,_;_;_;_;1792
1,62,deep_fast,split_projection_frag,block25,896,32,917504,7.655920029,7.711319923,0.055399999,23.231460571,_;_;_;_;_;1792
1,63,mh_fast,mh_qkv_normalize_frag_c512,block25,2688,32,2752512,7.715079784,7.790999889,0.075920001,23.231460571,_;_;_;1792
1,64,mh_fused,mh_attention_fused_fp8_out,block25,448,128,448,7.792399883,7.851520061,0.059119999,23.231460571,_;_;_;56;32;512
1,65,mh_fast,mh_attention_project_frag_c512,block25,896,32,917504,7.853000164,7.920199871,0.067199998,23.231460571,_;_;_;_;1792;0;50;30;56;4;0
1,66,mh,mh_shift_pack,block26,4480,256,1146880,7.923200130,7.977680206,0.054480001,23.231460571,_;_;50;30;56;40;0;4;512;0
1,67,deep_fast,split_mix_blocked_h16w,block26,1120,32,1146880,7.983799934,8.058320045,0.074519999,23.231460571,_;_;_;2240
1,68,deep_fast,split_ffn_fused_fp8_t8,block26,1120,128,1146880,8.062159538,8.128959656,0.066799998,23.231460571,_;_;_;_;2240
1,69,deep_fast,split_projection_frag,block26,1120,32,1146880,8.130479813,8.187800407,0.057319999,23.231460571,_;_;_;_;_;2240
1,70,mh_fast,mh_qkv_normalize_frag_c512,block26,3360,32,3440640,8.192040443,8.269000053,0.076959997,23.231460571,_;_;_;2240
1,71,mh_fused,mh_attention_fused_fp8_out,block26,560,128,560,8.270359993,8.333359718,0.063000001,23.231460571,_;_;_;56;40;512
1,72,mh_fast,mh_attention_project_frag_c512,block26,1120,32,1146880,8.334759712,8.402480125,0.067720003,23.231460571,_;_;_;_;2240;0;50;30;56;0;4
1,73,mh,mh_shift_pack,block27,3584,256,917504,8.405480385,8.459440231,0.053959999,23.231460571,_;_;50;30;56;32;0;0;512;0
1,74,deep_fast,split_mix_blocked_h16w,block27,896,32,917504,8.466879845,8.528759956,0.061880000,23.231460571,_;_;_;1792
1,75,deep_fast,split_ffn_fused_fp8_t8,block27,896,128,917504,8.531999588,8.597519875,0.065520003,23.231460571,_;_;_;_;1792
1,76,deep_fast,split_projection_frag,block27,896,32,917504,8.599080086,8.653679848,0.054600000,23.231460571,_;_;_;_;_;1792
1,77,mh_fast,mh_qkv_normalize_frag_c512,block27,2688,32,2752512,8.657440186,8.731240273,0.073799998,23.231460571,_;_;_;1792
1,78,mh_fused,mh_attention_fused_fp8_out,block27,448,128,448,8.732640266,8.791839600,0.059200000,23.231460571,_;_;_;56;32;512
1,79,mh_fast,mh_attention_project_frag_c512,block27,896,32,917504,8.793319702,8.858280182,0.064960003,23.231460571,_;_;_;_;1792;0;50;30;56;0;0
1,80,mh,mh_shift_pack,block28,4480,256,1146880,8.861280441,8.916279793,0.055000000,23.231460571,_;_;50;30;56;40;4;4;512;0
1,81,deep_fast,split_mix_blocked_h16w,block28,1120,32,1146880,8.922760010,8.994400024,0.071640000,23.231460571,_;_;_;2240
1,82,deep_fast,split_ffn_fused_fp8_t8,block28,1120,128,1146880,8.998240471,9.064640045,0.066399999,23.231460571,_;_;_;_;2240
1,83,deep_fast,split_projection_frag,block28,1120,32,1146880,9.066120148,9.127039909,0.060920000,23.231460571,_;_;_;_;_;2240
1,84,mh_fast,mh_qkv_normalize_frag_c512,block28,3360,32,3440640,9.131239891,9.208880424,0.077639997,23.231460571,_;_;_;2240
1,85,mh_fused,mh_attention_fused_fp8_out,block28,560,128,560,9.210240364,9.274080276,0.063840002,23.231460571,_;_;_;56;40;512
1,86,mh_fast,mh_attention_project_frag_c512,block28,1120,32,1146880,9.275480270,9.344039917,0.068559997,23.231460571,_;_;_;_;2240;0;50;30;56;4;4
1,87,mh,mh_shift_pack,block29,3584,256,917504,9.347040176,9.400639534,0.053599998,23.231460571,_;_;50;30;56;32;4;0;512;0
1,88,deep_fast,split_mix_blocked_h16w,block29,896,32,917504,9.407999992,9.471039772,0.063040003,23.231460571,_;_;_;1792
1,89,deep_fast,split_ffn_fused_fp8_t8,block29,896,128,917504,9.474280357,9.537360191,0.063079998,23.231460571,_;_;_;_;1792
1,90,deep_fast,split_projection_frag,block29,896,32,917504,9.538920403,9.593640327,0.054719999,23.231460571,_;_;_;_;_;1792
1,91,mh_fast,mh_qkv_normalize_frag_c512,block29,2688,32,2752512,9.597399712,9.671319962,0.073919997,23.231460571,_;_;_;1792
1,92,mh_fused,mh_attention_fused_fp8_out,block29,448,128,448,9.672679901,9.732319832,0.059640002,23.231460571,_;_;_;56;32;512
1,93,mh_fast,mh_attention_project_frag_c512,block29,896,32,917504,9.733799934,9.800439835,0.066639997,23.231460571,_;_;_;_;1792;0;50;30;56;4;0
1,94,mh,mh_shift_pack,block30,4480,256,1146880,9.803440094,9.858320236,0.054880001,23.231460571,_;_;50;30;56;40;0;4;512;0
1,95,deep_fast,split_mix_blocked_h16w,block30,1120,32,1146880,9.864800453,9.912159920,0.047359999,23.231460571,_;_;_;2240
1,96,deep_fast,split_ffn_fused_fp8_t8,block30,1120,128,1146880,9.916040421,9.986720085,0.070680000,23.231460571,_;_;_;_;2240
1,97,deep_fast,split_projection_frag,block30,1120,32,1146880,9.988160133,10.045599937,0.057440002,23.231460571,_;_;_;_;_;2240
1,98,mh_fast,mh_qkv_normalize_frag_c512,block30,3360,32,3440640,10.049920082,10.126640320,0.076719999,23.231460571,_;_;_;2240
1,99,mh_fused,mh_attention_fused_fp8_out,block30,560,128,560,10.128000259,10.193440437,0.065439999,23.231460571,_;_;_;56;40;512
1,100,mh_fast,mh_attention_project_frag_c512,block30,1120,32,1146880,10.194879532,10.262559891,0.067680001,23.231460571,_;_;_;_;2240;3;50;30;56;0;4
1,101,mh,mh_pool,head,800,256,204800,10.265560150,10.314120293,0.048560001,23.231460571,_;_;25;16;50;25;15;512
1,102,mh_fast,mh_pool_project_production_h16w,head,1600,32,409600,10.320320129,10.378479958,0.058160000,23.231460571,_;_;_;25;16;25;15;512
1,103,deep,vit_gather,block31,1600,256,409600,10.380720139,10.431639671,0.050919998,23.231460571,_;_;_;409600
1,104,deep_fast,vit_pack_input,block31,400,256,102400,10.438079834,10.459679604,0.021600001,23.231460571,_;_;409600
1,105,deep_fast,vit_expand_blocked_fp8_frag_bytein,block31,1600,32,1638400,10.464799881,10.516440392,0.051640000,23.231460571,_;_;_;400;1024;4096
1,106,deep_fast,vit_contract_blocked_fp8_frag,block31,400,32,409600,10.518679619,10.598440170,0.079760000,23.231460571,_;_;_;_;400;4096;1024
1,107,deep_fast,vit_qkv_project_normalize_fused_f16compact_fp8_frag,block31,2400,32,1228800,10.600680351,10.690039635,0.089359999,23.231460571,_;_;_;400
1,108,deep_fast,vit_attention_fused_400_bytein,block31,800,32,204800,10.691720009,10.763319969,0.071599998,23.231460571,_;_;400
1,109,deep_fast,vit_project_frag,block31,1600,32,409600,10.765520096,10.848839760,0.083319999,23.231460571,_;_;_;_;400;1024;1024
1,110,deep_fast,vit_pack_input,block32,400,256,102400,10.850999832,10.897760391,0.046760000,23.231460571,_;_;409600
1,111,deep_fast,vit_expand_blocked_fp8_frag_bytein,block32,1600,32,1638400,10.904040337,10.954079628,0.050039999,23.231460571,_;_;_;400;1024;4096
1,112,deep_fast,vit_contract_blocked_fp8_frag,block32,400,32,409600,10.956359863,11.036199570,0.079839997,23.231460571,_;_;_;_;400;4096;1024
1,113,deep_fast,vit_qkv_project_normalize_fused_f16compact_fp8_frag,block32,2400,32,1228800,11.038439751,11.127759933,0.089319997,23.231460571,_;_;_;400
1,114,deep_fast,vit_attention_fused_400_bytein,block32,800,32,204800,11.129440308,11.201999664,0.072559997,23.231460571,_;_;400
1,115,deep_fast,vit_project_frag,block32,1600,32,409600,11.204279900,11.288120270,0.083839998,23.231460571,_;_;_;_;400;1024;1024
1,116,deep_fast,vit_pack_input,block33,400,256,102400,11.290320396,11.338319778,0.048000000,23.231460571,_;_;409600
1,117,deep_fast,vit_expand_blocked_fp8_frag_bytein,block33,1600,32,1638400,11.343159676,11.396280289,0.053119998,23.231460571,_;_;_;400;1024;4096
1,118,deep_fast,vit_contract_blocked_fp8_frag,block33,400,32,409600,11.398520470,11.478599548,0.080080003,23.231460571,_;_;_;_;400;4096;1024
1,119,deep_fast,vit_qkv_project_normalize_fused_f16compact_fp8_frag,block33,2400,32,1228800,11.480839729,11.567640305,0.086800002,23.231460571,_;_;_;400
1,120,deep_fast,vit_attention_fused_400_bytein,block33,800,32,204800,11.569279671,11.641759872,0.072480001,23.231460571,_;_;400
1,121,deep_fast,vit_project_frag,block33,1600,32,409600,11.643959999,11.727760315,0.083800003,23.231460571,_;_;_;_;400;1024;1024
1,122,deep_fast,vit_pack_input,block34,400,256,102400,11.729960442,11.776960373,0.046999998,23.231460571,_;_;409600
1,123,deep_fast,vit_expand_blocked_fp8_frag_bytein,block34,1600,32,1638400,11.781800270,11.833959579,0.052159999,23.231460571,_;_;_;400;1024;4096
1,124,deep_fast,vit_contract_blocked_fp8_frag,block34,400,32,409600,11.836199760,11.915760040,0.079559997,23.231460571,_;_;_;_;400;4096;1024
1,125,deep_fast,vit_qkv_project_normalize_fused_f16compact_fp8_frag,block34,2400,32,1228800,11.918040276,12.010319710,0.092280000,23.231460571,_;_;_;400
1,126,deep_fast,vit_attention_fused_400_bytein,block34,800,32,204800,12.012040138,12.084600449,0.072559997,23.231460571,_;_;400
1,127,deep_fast,vit_project_frag,block34,1600,32,409600,12.086839676,12.170519829,0.083679996,23.231460571,_;_;_;_;400;1024;1024
1,128,deep_fast,vit_pack_input,block35,400,256,102400,12.172760010,12.219880104,0.047120001,23.231460571,_;_;409600
1,129,deep_fast,vit_expand_blocked_fp8_frag_bytein,block35,1600,32,1638400,12.224760056,12.276120186,0.051360000,23.231460571,_;_;_;400;1024;4096
1,130,deep_fast,vit_contract_blocked_fp8_frag,block35,400,32,409600,12.278400421,12.358719826,0.080320001,23.231460571,_;_;_;_;400;4096;1024
1,131,deep_fast,vit_qkv_project_normalize_fused_f16compact_fp8_frag,block35,2400,32,1228800,12.360960007,12.451239586,0.090279996,23.231460571,_;_;_;400
1,132,deep_fast,vit_attention_fused_400_bytein,block35,800,32,204800,12.452919960,12.525159836,0.072240002,23.231460571,_;_;400
1,133,deep_fast,vit_project_frag,block35,1600,32,409600,12.527440071,12.611160278,0.083719999,23.231460571,_;_;_;_;400;1024;1024
1,134,deep_fast,vit_pack_input,block36,400,256,102400,12.613360405,12.660639763,0.047279999,23.231460571,_;_;409600
1,135,deep_fast,vit_expand_blocked_fp8_frag_bytein,block36,1600,32,1638400,12.665559769,12.717000008,0.051440001,23.231460571,_;_;_;400;1024;4096
1,136,deep_fast,vit_contract_blocked_fp8_frag,block36,400,32,409600,12.719280243,12.798640251,0.079360001,23.231460571,_;_;_;_;400;4096;1024
1,137,deep_fast,vit_qkv_project_normalize_fused_f16compact_fp8_frag,block36,2400,32,1228800,12.800880432,12.891519547,0.090640001,23.231460571,_;_;_;400
1,138,deep_fast,vit_attention_fused_400_bytein,block36,800,32,204800,12.893199921,12.968520164,0.075319998,23.231460571,_;_;400
1,139,deep_fast,vit_project_frag,block36,1600,32,409600,12.970760345,13.054400444,0.083640002,23.231460571,_;_;_;_;400;1024;1024
1,140,deep_fast,vit_pack_input,block37,400,256,102400,13.056599617,13.104080200,0.047479998,23.231460571,_;_;409600
1,141,deep_fast,vit_expand_blocked_fp8_frag_bytein,block37,1600,32,1638400,13.109000206,13.159999847,0.050999999,23.231460571,_;_;_;400;1024;4096
1,142,deep_fast,vit_contract_blocked_fp8_frag,block37,400,32,409600,13.162240028,13.240759850,0.078520000,23.231460571,_;_;_;_;400;4096;1024
1,143,deep_fast,vit_qkv_project_normalize_fused_f16compact_fp8_frag,block37,2400,32,1228800,13.243000031,13.332320213,0.089319997,23.231460571,_;_;_;400
1,144,deep_fast,vit_attention_fused_400_bytein,block37,800,32,204800,13.333999634,13.406559944,0.072559997,23.231460571,_;_;400
1,145,deep_fast,vit_project_frag,block37,1600,32,409600,13.408800125,13.492560387,0.083760001,23.231460571,_;_;_;_;400;1024;1024
1,146,deep_fast,vit_pack_input,block38,400,256,102400,13.494799614,13.538439751,0.043639999,23.231460571,_;_;409600
1,147,deep_fast,vit_expand_blocked_fp8_frag_bytein,block38,1600,32,1638400,13.543279648,13.595959663,0.052680001,23.231460571,_;_;_;400;1024;4096
1,148,deep_fast,vit_contract_blocked_fp8_frag,block38,400,32,409600,13.598199844,13.677000046,0.078800000,23.231460571,_;_;_;_;400;4096;1024
1,149,deep_fast,vit_qkv_project_normalize_fused_f16compact_fp8_frag,block38,2400,32,1228800,13.679240227,13.768239975,0.089000002,23.231460571,_;_;_;400
1,150,deep_fast,vit_attention_fused_400_bytein,block38,800,32,204800,13.769880295,13.842120171,0.072240002,23.231460571,_;_;400
1,151,deep_fast,vit_project_frag,block38,1600,32,409600,13.844360352,13.927800179,0.083439998,23.231460571,_;_;_;_;400;1024;1024
1,152,deep,vit_gather,block39,1600,256,409600,13.930000305,13.979720116,0.049720000,23.231460571,_;_;_;409600
1,153,deep_fast,decoder_project2x_h16w,block39,800,32,204800,13.985199928,14.034640312,0.049440000,23.231460571,_;_;_;_;25;16;50;30;1024;512
1,154,mh,mh_shift_pack,block40,3584,256,917504,14.037599564,14.091879845,0.054280002,23.231460571,_;_;50;30;56;32;0;0;512;0
1,155,deep_fast,split_mix_blocked_h16w,block40,896,32,917504,14.099760056,14.161199570,0.061439998,23.231460571,_;_;_;1792
1,156,deep_fast,split_ffn_fused_fp8_t8,block40,896,128,917504,14.164520264,14.227879524,0.063359998,23.231460571,_;_;_;_;1792
1,157,deep_fast,split_projection_frag,block40,896,32,917504,14.229519844,14.284839630,0.055319998,23.231460571,_;_;_;_;_;1792
1,158,mh_fast,mh_qkv_normalize_frag_c512,block40,2688,32,2752512,14.288640022,14.361120224,0.072480001,23.231460571,_;_;_;1792
1,159,mh_fused,mh_attention_fused_fp8_out,block40,448,128,448,14.362560272,14.421480179,0.058920000,23.231460571,_;_;_;56;32;512
1,160,mh_fast,mh_attention_project_frag_c512,block40,896,32,917504,14.423000336,14.488240242,0.065240003,23.231460571,_;_;_;_;1792;0;50;30;56;0;0
1,161,mh,mh_shift_pack,block41,4480,256,1146880,14.491279602,14.545399666,0.054120000,23.231460571,_;_;50;30;56;40;4;4;512;0
1,162,deep_fast,split_mix_blocked_h16w,block41,1120,32,1146880,14.551759720,14.622719765,0.070960000,23.231460571,_;_;_;2240
1,163,deep_fast,split_ffn_fused_fp8_t8,block41,1120,128,1146880,14.626520157,14.693200111,0.066679999,23.231460571,_;_;_;_;2240
1,164,deep_fast,split_projection_frag,block41,1120,32,1146880,14.694720268,14.752440453,0.057720002,23.231460571,_;_;_;_;_;2240
1,165,mh_fast,mh_qkv_normalize_frag_c512,block41,3360,32,3440640,14.756679535,14.832480431,0.075800002,23.231460571,_;_;_;2240
1,166,mh_fused,mh_attention_fused_fp8_out,block41,560,128,560,14.836520195,14.893320084,0.056800000,23.231460571,_;_;_;56;40;512
1,167,mh_fast,mh_attention_project_frag_c512,block41,1120,32,1146880,14.894760132,14.962559700,0.067800000,23.231460571,_;_;_;_;2240;0;50;30;56;4;4
1,168,mh,mh_shift_pack,block44,3584,256,917504,14.965600014,15.019200325,0.053599998,23.231460571,_;_;50;30;56;32;0;0;512;0
1,169,deep_fast,split_mix_blocked_h16w,block44,896,32,917504,15.025159836,15.087240219,0.062080000,23.231460571,_;_;_;1792
1,170,deep_fast,split_ffn_fused_fp8_t8,block44,896,128,917504,15.090519905,15.153880119,0.063359998,23.231460571,_;_;_;_;1792
1,171,deep_fast,split_projection_frag,block44,896,32,917504,15.155440331,15.211359978,0.055920001,23.231460571,_;_;_;_;_;1792
1,172,mh_fast,mh_qkv_normalize_frag_c512,block44,2688,32,2752512,15.215120316,15.287759781,0.072640002,23.231460571,_;_;_;1792
1,173,mh_fused,mh_attention_fused_fp8_out,block44,448,128,448,15.289119720,15.348079681,0.058959998,23.231460571,_;_;_;56;32;512
1,174,mh_fast,mh_attention_project_frag_c512,block44,896,32,917504,15.349559784,15.413840294,0.064280003,23.231460571,_;_;_;_;1792;0;50;30;56;0;0
1,175,mh,mh_shift_pack,block45,4480,256,1146880,15.416799545,15.471719742,0.054919999,23.231460571,_;_;50;30;56;40;4;4;512;0
1,176,deep_fast,split_mix_blocked_h16w,block45,1120,32,1146880,15.479559898,15.548040390,0.068480000,23.231460571,_;_;_;2240
1,177,deep_fast,split_ffn_fused_fp8_t8,block45,1120,128,1146880,15.551879883,15.617759705,0.065880001,23.231460571,_;_;_;_;2240
1,178,deep_fast,split_projection_frag,block45,1120,32,1146880,15.619319916,15.680879593,0.061560001,23.231460571,_;_;_;_;_;2240
1,179,mh_fast,mh_qkv_normalize_frag_c512,block45,3360,32,3440640,15.685199738,15.761199951,0.075999998,23.231460571,_;_;_;2240
1,180,mh_fused,mh_attention_fused_fp8_out,block45,560,128,560,15.763879776,15.799679756,0.035799999,23.231460571,_;_;_;56;40;512
1,181,mh_fast,mh_attention_project_frag_c512,block45,1120,32,1146880,15.801079750,15.864279747,0.063199997,23.231460571,_;_;_;_;2240;0;50;30;56;4;4
1,182,mh,mh_shift_pack,block47,4480,256,1146880,15.867320061,15.921839714,0.054520000,23.231460571,_;_;50;30;56;40;0;4;512;0
1,183,deep_fast,split_mix_blocked_h16w,block47,1120,32,1146880,15.928400040,15.999199867,0.070799999,23.231460571,_;_;_;2240
1,184,deep_fast,split_ffn_fused_fp8_t8,block47,1120,128,1146880,16.003040314,16.069679260,0.066639997,23.231460571,_;_;_;_;2240
1,185,deep_fast,split_projection_frag,block47,1120,32,1146880,16.071199417,16.127559662,0.056359999,23.231460571,_;_;_;_;_;2240
1,186,mh_fast,mh_qkv_normalize_frag_c512,block47,3360,32,3440640,16.131879807,16.208879471,0.077000000,23.231460571,_;_;_;2240
1,187,mh_fused,mh_attention_fused_fp8_out,block47,560,128,560,16.211439133,16.247919083,0.036479998,23.231460571,_;_;_;56;40;512
1,188,mh_fast,mh_attention_project_frag_c512,block47,1120,32,1146880,16.249319077,16.312599182,0.063280001,23.231460571,_;_;_;_;2240;0;50;30;56;0;4
1,189,deep_fast,decoder_project2x_h16w_byteout,block48,1504,32,384000,16.315519333,16.409400940,0.093879998,23.231460571,_;_;_;_;50;30;100;60;512;256
1,190,mh_fast,mh_ffn_fused_c256_frag_project_mapped_g128_qkv_bytein_fb,block48,416,512,1703936,16.411399841,16.514959335,0.103560001,23.231460571,_;_;_;_;_;6656;100;60;104;0;0
1,191,mh_fused,c256_attention_project_fb_bout_diag,block48,104,512,104,16.516399384,16.602439880,0.086039998,23.231460571,_;_;_;_;104;64;0;100;60;0;0
1,192,mh_fast,mh_ffn_fused_c256_frag_project_mapped_g128_qkv_bytein_fb,block49,416,512,1703936,16.604120255,16.709320068,0.105200000,23.231460571,_;_;_;_;_;6656;100;60;104;4;4
1,193,mh_fused,c256_attention_project_fb_bout_diag,block49,104,512,104,16.710880280,16.794839859,0.083959997,23.231460571,_;_;_;_;104;64;4;100;60;4;4
1,194,mh_fast,mh_ffn_fused_c256_frag_project_mapped_g128_qkv_bytein_fb,block50,416,512,1703936,16.796600342,16.900520325,0.103919998,23.231460571,_;_;_;_;_;6656;100;60;104;4;0
1,195,mh_fused,c256_attention_project_fb_bout_diag,block50,104,512,104,16.901920319,16.986240387,0.084320001,23.231460571,_;_;_;_;104;64;4;100;60;4;0
1,196,mh_fast,mh_ffn_fused_c256_frag_project_mapped_g128_qkv_bytein_fb,block51,416,512,1703936,16.987880707,17.095600128,0.107720003,23.231460571,_;_;_;_;_;6656;100;60;104;0;4
1,197,mh_fused,c256_attention_project_fb_bout_diag,block51,104,512,104,17.097160339,17.181680679,0.084519997,23.231460571,_;_;_;_;104;64;4;100;60;0;4
1,198,mh_fast,mh_ffn_fused_c256_frag_project_mapped_g128_qkv_bytein_fb,block52,416,512,1703936,17.183399200,17.288480759,0.105080001,23.231460571,_;_;_;_;_;6656;100;60;104;0;0
1,199,mh_fused,c256_attention_project_fb_bout_diag,block52,104,512,104,17.289880753,17.376680374,0.086800002,23.231460571,_;_;_;_;104;64;4;100;60;0;0
1,200,mh_fast,mh_ffn_fused_c256_frag_project_mapped_g128_qkv_bytein_fb,block53,416,512,1703936,17.378400803,17.486360550,0.107960001,23.231460571,_;_;_;_;_;6656;100;60;104;4;4
1,201,mh_fused,c256_attention_project_fb_bout_diag,block53,104,512,104,17.487880707,17.573839188,0.085960001,23.231460571,_;_;_;_;104;64;4;100;60;4;4
1,202,mh_fast,mh_ffn_fused_c256_frag_project_mapped_g128_qkv_bytein_fb,block54,416,512,1703936,17.575559616,17.681600571,0.106040001,23.231460571,_;_;_;_;_;6656;100;60;104;4;0
1,203,mh_fused,c256_attention_project_fb_bout_diag,block54,104,512,104,17.683040619,17.768920898,0.085879996,23.231460571,_;_;_;_;104;64;4;100;60;4;0
1,204,mh_fast,mh_ffn_fused_c256_frag_project_mapped_g128_qkv_bytein_fb,block55,416,512,1703936,17.770599365,17.869480133,0.098880000,23.231460571,_;_;_;_;_;6656;100;60;104;0;4
1,205,mh_fused,c256_attention_project_fb_diag,block55,104,512,104,17.871000290,17.958280563,0.087279998,23.231460571,_;_;_;_;104;64;0;100;60;0;4
1,206,deep_fast,decoder_project2x_h16w_byteout,block56,3000,32,768000,17.960720062,18.056079865,0.095360003,23.231460571,_;_;_;_;100;60;200;120;256;128
1,207,mh_fast,mh_ffn_fused_c128_project_mapped_g128_qkv_bytein_fb,block56,1560,256,3194880,18.057960510,18.182079315,0.124119997,23.231460571,_;_;_;_;_;24960;200;120;208;4;0
1,208,mh_fused,c128_attention_project_fb_bout_diag,block56,390,512,390,18.183479309,18.276399612,0.092919998,23.231460571,_;_;_;_;208;120;4;200;120;4;0
1,209,mh_fast,mh_ffn_fused_c128_project_mapped_g128_qkv_bytein_fb,block57,1600,256,3276800,18.277839661,18.394479752,0.116640002,23.231460571,_;_;_;_;_;25600;200;120;200;0;4
1,210,mh_fused,c128_attention_project_fb_bout_diag,block57,400,512,400,18.402160645,18.489360809,0.087200001,23.231460571,_;_;_;_;200;128;4;200;120;0;4
1,211,mh_fast,mh_ffn_fused_c128_project_g128_qkv_bytein_fb,block58,1500,256,3072000,18.490800858,18.606079102,0.115280002,23.231460571,_;_;_;_;_;24000;200;120;200;0;0
1,212,mh_fused,c128_attention_project_fb_bout_diag,block58,375,512,375,18.608720779,18.693559647,0.084840000,23.231460571,_;_;_;_;200;120;4;0;0;0;0
1,213,mh_fast,mh_ffn_fused_c128_project_mapped_g128_qkv_bytein_fb,block59,1664,256,3407872,18.695039749,18.819280624,0.124240004,23.231460571,_;_;_;_;_;26624;200;120;208;4;4
1,214,mh_fused,c128_attention_project_fb_bout_diag,block59,416,512,416,18.826240540,18.918239594,0.092000000,23.231460571,_;_;_;_;208;128;4;200;120;4;4
1,215,mh_fast,mh_ffn_fused_c128_project_mapped_g128_qkv_bytein_fb,block60,1560,256,3194880,18.919719696,19.048679352,0.128959998,23.231460571,_;_;_;_;_;24960;200;120;208;4;0
1,216,mh_fused,c128_attention_project_fb_bout_diag,block60,390,512,390,19.050079346,19.144559860,0.094480000,23.231460571,_;_;_;_;208;120;4;200;120;4;0
1,217,mh_fast,mh_ffn_fused_c128_project_mapped_g128_qkv_bytein_fb,block61,1600,256,3276800,19.145959854,19.266439438,0.120480001,23.231460571,_;_;_;_;_;25600;200;120;200;0;4
1,218,mh_fused,c128_attention_project_fb_diag,block61,400,512,400,19.274599075,19.370000839,0.095399998,23.231460571,_;_;_;_;200;128;0;200;120;0;4
1,219,deep_fast,decoder_project2x_h16w_byteout,block62,6000,32,1536000,19.371719360,19.494840622,0.123120002,23.231460571,_;_;_;_;200;120;400;240;128;64
1,220,mh_fast,mh_ffn_fused_c64_project_g128_qkv_bytein_fb,block62,6000,128,6144000,19.497200012,19.643360138,0.146160007,23.231460571,_;_;_;_;_;96000;400;240;400;0;0
1,221,mh_fused,c64_attention_project_fb_bout_diag,block62,1500,256,1500,19.644760132,19.753839493,0.109080002,23.231460571,_;_;_;_;400;240;4;0;0;0;0
1,222,mh_fast,mh_ffn_fused_c64_project_mapped_g128_qkv_bytein_fb,block63,6324,128,6475776,19.755199432,19.921279907,0.166079998,23.231460571,_;_;_;_;_;101184;400;240;408;4;4
1,223,mh_fused,c64_attention_project_fb_bout_diag,block63,1581,256,1581,19.922719955,20.049160004,0.126440004,23.231460571,_;_;_;_;408;248;4;400;240;4;4
1,224,mh_fast,mh_ffn_fused_c64_project_mapped_g128_qkv_bytein_fb,block64,6120,128,6266880,20.050600052,20.214239120,0.163640007,23.231460571,_;_;_;_;_;97920;400;240;408;4;0
1,225,mh_fused,c64_attention_project_fb_bout_diag,block64,1530,256,1530,20.215639114,20.344039917,0.128399998,23.231460571,_;_;_;_;408;240;4;400;240;4;0
1,226,mh_fast,mh_ffn_fused_c64_project_mapped_g128_qkv_bytein_fb,block65,6200,128,6348800,20.345560074,20.508239746,0.162680000,23.231460571,_;_;_;_;_;99200;400;240;400;0;4
1,227,mh_fused,c64_attention_project_fb_diag,block65,1550,256,1550,20.509679794,20.642000198,0.132320002,23.231460571,_;_;_;_;400;248;0;400;240;0;4
1,228,deep_fast,decoder_project2x_h16w,block69,12000,32,3072000,20.643600464,20.881719589,0.238120005,23.231460571,_;_;_;_;400;240;800;480;64;32
1,229,c32_fused_ffn,c32_fast_ffn_attention_fused_half_mapped,block69,6000,128,6000,20.884759903,21.179960251,0.295199990,23.231460571,_;_;_;_;6000;0;1;800;480;0;0
1,230,c32_fused_ffn,c32_fast_ffn_attention_fused_half_chain,block69,6161,128,6161,21.181360245,21.468559265,0.287200004,23.231460571,_;_;_;_;6161;3;1;800;480;4;4;800;0;0
1,231,c32_fused_ffn,c32_fast_ffn_attention_fused_half_chain,block69,6060,128,6060,21.470119476,21.762260437,0.292140007,23.231460571,_;_;_;_;6060;3;1;800;480;4;0;808;4;4
1,232,c32_fused_ffn,c32_fast_ffn_attention_fused_half_chain_finish,block69,6100,128,6100,21.763820648,22.082759857,0.318940014,23.231460571,_;_;_;_;_;6100;3;1;800;480;0;4;808;4;0
1,233,c32_fused_ffn,c32_post_merge_head_half,block70,24321,128,24321,22.084400177,23.198360443,1.113960028,23.231460571,_;_;_;_;_;_;_;_;24321;1600;960;4;4;_
2,0,c32_fused_ffn,c32_fast_ffn_attention_fused_half_prefix_finish_main8,pre-down,24000,128,24000,0.004280000,1.116999984,1.112720013,23.470100403,_;_;_;_;_;_;24000;0;1;1600;960;0;0
2,1,c32_fused_ffn,c32_fast_ffn_attention_fused_half_mapped,block4,6000,128,6000,1.118559957,1.438519955,0.319959998,23.470100403,_;_;_;_;6000;0;1;800;480;0;0
2,2,c32_fused_ffn,c32_fast_ffn_attention_fused_half_chain,block4,6161,128,6161,1.439960003,1.738080025,0.298119992,23.470100403,_;_;_;_;6161;3;1;800;480;4;4;800;0;0
2,3,c32_fused_ffn,c32_fast_ffn_attention_fused_half_chain,block4,6060,128,6060,1.739639997,2.019399881,0.279760003,23.470100403,_;_;_;_;6060;3;1;800;480;4;0;808;4;4
2,4,c32_fused_ffn,c32_fast_ffn_attention_fused_half_chain_finish_dcrop,block4,6100,128,6100,2.020999908,2.334520102,0.313520014,23.470100403,_;_;_;_;_;6100;3;1;800;480;0;4;808;4;0
2,5,mh_fast,mh_pool_project_production_h16w,block5,24000,32,6144000,2.336159945,2.415519953,0.079360001,23.470100403,_;_;_;400;240;0;0;32
2,6,mh_fast,mh_ffn_fused_c64_project_g128_qkv_fb,block5,6000,128,6144000,2.422240019,2.568559885,0.146320000,23.470100403,_;_;_;_;_;96000;400;240;400;0;0
2,7,mh_fused,c64_attention_project_fb_bout_diag,block5,1500,256,1500,2.569960117,2.678800106,0.108840004,23.470100403,_;_;_;_;400;240;4;0;0;0;0
2,8,mh_fast,mh_ffn_fused_c64_project_mapped_g128_qkv_bytein_fb,block6,6324,128,6475776,2.680160046,2.846600056,0.166439995,23.470100403,_;_;_;_;_;101184;400;240;408;4;4
2,9,mh_fused,c64_attention_project_fb_bout_diag,block6,1581,256,1581,2.847959995,2.974920034,0.126959994,23.470100403,_;_;_;_;408;248;4;400;240;4;4
2,10,mh_fast,mh_ffn_fused_c64_project_mapped_g128_qkv_bytein_fb,block7,6120,128,6266880,2.976360083,3.139080048,0.162719995,23.470100403,_;_;_;_;_;97920;400;240;408;4;0
2,11,mh_fused,c64_attention_project_fb_bout_diag,block7,1530,256,1530,3.140399933,3.263600111,0.123199999,23.470100403,_;_;_;_;408;240;4;400;240;4;0
2,12,mh_fast,mh_ffn_fused_c64_project_mapped_g128_qkv_bytein_fb,block8,6200,128,6348800,3.265120029,3.427639961,0.162520006,23.470100403,_;_;_;_;_;99200;400;240;400;0;4
2,13,mh_fused,c64_attention_project_fb_diag,block8,1550,256,1550,3.428960085,3.555119991,0.126159996,23.470100403,_;_;_;_;400;248;3;400;240;0;4
2,14,mh_fast,mh_pool_project_group_c64,block9,1500,64,3072000,3.556720018,3.634399891,0.077679999,23.470100403,_;_;_;200;120;400;0;0
2,15,mh_fast,mh_ffn_fused_c128_project_g128_qkv_fb,block9,1500,256,3072000,3.638880014,3.758640051,0.119759999,23.470100403,_;_;_;_;_;24000;200;120;200;0;0
2,16,mh_fused,c128_attention_project_fb_bout_diag,block9,375,512,375,3.759999990,3.842679977,0.082680002,23.470100403,_;_;_;_;200;120;4;0;0;0;0
2,17,mh_fast,mh_ffn_fused_c128_project_mapped_g128_qkv_bytein_fb,block10,1664,256,3407872,3.844079971,3.967760086,0.123680003,23.470100403,_;_;_;_;_;26624;200;120;208;4;4
2,18,mh_fused,c128_attention_project_fb_bout_diag,block10,416,512,416,3.974600077,4.062520027,0.087920003,23.470100403,_;_;_;_;208;128;4;200;120;4;4
2,19,mh_fast,mh_ffn_fused_c128_project_mapped_g128_qkv_bytein_fb,block11,1560,256,3194880,4.064000130,4.191279888,0.127279997,23.470100403,_;_;_;_;_;24960;200;120;208;4;0
2,20,mh_fused,c128_attention_project_fb_bout_diag,block11,390,512,390,4.192679882,4.287360191,0.094679996,23.470100403,_;_;_;_;208;120;4;200;120;4;0
2,21,mh_fast,mh_ffn_fused_c128_project_mapped_g128_qkv_bytein_fb,block12,1600,256,3276800,4.288839817,4.408679962,0.119840004,23.470100403,_;_;_;_;_;25600;200;120;200;0;4
2,22,mh_fused,c128_attention_project_fb_bout_diag,block12,400,512,400,4.416959763,4.502399921,0.085440002,23.470100403,_;_;_;_;200;128;4;200;120;0;4
2,23,mh_fast,mh_ffn_fused_c128_project_g128_qkv_bytein_fb,block13,1500,256,3072000,4.503839970,4.622799873,0.118960001,23.470100403,_;_;_;_;_;24000;200;120;200;0;0
2,24,mh_fused,c128_attention_project_fb_bout_diag,block13,375,512,375,4.625440121,4.709119797,0.083679996,23.470100403,_;_;_;_;200;120;4;0;0;0;0
2,25,mh_fast,mh_ffn_fused_c128_project_mapped_g128_qkv_bytein_fb,block14,1664,256,3407872,4.710599899,4.838679790,0.128079996,23.470100403,_;_;_;_;_;26624;200;120;208;4;4
2,26,mh_fused,c128_attention_project_fb_diag,block14,416,512,416,4.845520020,4.934840202,0.089319997,23.470100403,_;_;_;_;208;128;3;200;120;4;4
2,27,mh_fast,mh_pool_project_group_c128,block15,375,128,1536000,4.936439991,4.997960091,0.061519999,23.470100403,_;_;_;100;60;200;0;0
2,28,mh_fast,mh_ffn_fused_c256_frag_project_mapped_g128_qkv_fb,block15,416,512,1703936,5.002520084,5.110640049,0.108120002,23.470100403,_;_;_;_;_;6656;100;60;104;0;0
2,29,mh_fused,c256_attention_project_fb_bout_diag,block15,104,512,104,5.112040043,5.197679996,0.085639998,23.470100403,_;_;_;_;104;64;4;100;60;0;0
2,30,mh_fast,mh_ffn_fused_c256_frag_project_mapped_g128_qkv_bytein_fb,block16,416,512,1703936,5.199319839,5.308559895,0.109240003,23.470100403,_;_;_;_;_;6656;100;60;104;4;4
2,31,mh_fused,c256_attention_project_fb_bout_diag,block16,104,512,104,5.310080051,5.394839764,0.084760003,23.470100403,_;_;_;_;104;64;4;100;60;4;4
2,32,mh_fast,mh_ffn_fused_c256_frag_project_mapped_g128_qkv_bytein_fb,block17,416,512,1703936,5.396599770,5.502079964,0.105480000,23.470100403,_;_;_;_;_;6656;100;60;104;4;0
2,33,mh_fused,c256_attention_project_fb_bout_diag,block17,104,512,104,5.503520012,5.586800098,0.083279997,23.470100403,_;_;_;_;104;64;4;100;60;4;0
2,34,mh_fast,mh_ffn_fused_c256_frag_project_mapped_g128_qkv_bytein_fb,block18,416,512,1703936,5.588439941,5.697319984,0.108879998,23.470100403,_;_;_;_;_;6656;100;60;104;0;4
2,35,mh_fused,c256_attention_project_fb_bout_diag,block18,104,512,104,5.698800087,5.782879829,0.084080003,23.470100403,_;_;_;_;104;64;4;100;60;0;4
2,36,mh_fast,mh_ffn_fused_c256_frag_project_mapped_g128_qkv_bytein_fb,block19,416,512,1703936,5.784560204,5.891439915,0.106880002,23.470100403,_;_;_;_;_;6656;100;60;104;0;0
2,37,mh_fused,c256_attention_project_fb_bout_diag,block19,104,512,104,5.892839909,5.977799892,0.084959999,23.470100403,_;_;_;_;104;64;4;100;60;0;0
2,38,mh_fast,mh_ffn_fused_c256_frag_project_mapped_g128_qkv_bytein_fb,block20,416,512,1703936,5.979479790,6.088880062,0.109399997,23.470100403,_;_;_;_;_;6656;100;60;104;4;4
2,39,mh_fused,c256_attention_project_fb_bout_diag,block20,104,512,104,6.090400219,6.174680233,0.084279999,23.470100403,_;_;_;_;104;64;4;100;60;4;4
2,40,mh_fast,mh_ffn_fused_c256_frag_project_mapped_g128_qkv_bytein_fb,block21,416,512,1703936,6.176400185,6.283120155,0.106720001,23.470100403,_;_;_;_;_;6656;100;60;104;4;0
2,41,mh_fused,c256_attention_project_fb_bout_diag,block21,104,512,104,6.284520149,6.369520187,0.085000001,23.470100403,_;_;_;_;104;64;4;100;60;4;0
2,42,mh_fast,mh_ffn_fused_c256_frag_project_mapped_g128_qkv_bytein_fb,block22,416,512,1703936,6.371160030,6.477280140,0.106119998,23.470100403,_;_;_;_;_;6656;100;60;104;0;4
2,43,mh_fused,c256_attention_project_fb_diag,block22,104,512,104,6.478879929,6.563799858,0.084919997,23.470100403,_;_;_;_;104;64;3;100;60;0;4
2,44,mh_fast,mh_pool_project_group_c256,block23,94,256,768000,6.566480160,6.626319885,0.059840001,23.470100403,_;_;_;50;30;100;0;0
2,45,mh,mh_shift_pack,block23,3584,256,917504,6.627639771,6.682600021,0.054960001,23.470100403,_;_;50;30;56;32;0;0;512;0
2,46,deep_fast,split_mix_blocked_h16w,block23,896,32,917504,6.688720226,6.749000072,0.060279999,23.470100403,_;_;_;1792
2,47,deep_fast,split_ffn_fused_fp8_t8,block23,896,128,917504,6.752280235,6.816959858,0.064680003,23.470100403,_;_;_;_;1792
2,48,deep_fast,split_projection_frag,block23,896,32,917504,6.818520069,6.875440121,0.056919999,23.470100403,_;_;_;_;_;1792
2,49,mh_fast,mh_qkv_normalize_frag_c512,block23,2688,32,2752512,6.879159927,6.953320026,0.074160002,23.470100403,_;_;_;1792
2,50,mh_fused,mh_attention_fused_fp8_out,block23,448,128,448,6.954760075,7.018799782,0.064039998,23.470100403,_;_;_;56;32;512
2,51,mh_fast,mh_attention_project_frag_c512,block23,896,32,917504,7.020319939,7.091360092,0.071039997,23.470100403,_;_;_;_;1792;0;50;30;56;0;0
2,52,mh,mh_shift_pack,block24,4480,256,1146880,7.094319820,7.149919987,0.055599999,23.470100403,_;_;50;30;56;40;4;4;512;0
2,53,deep_fast,split_mix_blocked_h16w,block24,1120,32,1146880,7.156559944,7.225639820,0.069080003,23.470100403,_;_;_;2240
2,54,deep_fast,split_ffn_fused_fp8_t8,block24,1120,128,1146880,7.229479790,7.295800209,0.066320002,23.470100403,_;_;_;_;2240
2,55,deep_fast,split_projection_frag,block24,1120,32,1146880,7.297279835,7.355559826,0.058279999,23.470100403,_;_;_;_;_;2240
2,56,mh_fast,mh_qkv_normalize_frag_c512,block24,3360,32,3440640,7.359879971,7.437560081,0.077679999,23.470100403,_;_;_;2240
2,57,mh_fused,mh_attention_fused_fp8_out,block24,560,128,560,7.438960075,7.504039764,0.065080002,23.470100403,_;_;_;56;40;512
2,58,mh_fast,mh_attention_project_frag_c512,block24,1120,32,1146880,7.505440235,7.582359791,0.076920003,23.470100403,_;_;_;_;2240;0;50;30;56;4;4
2,59,mh,mh_shift_pack,block25,3584,256,917504,7.585400105,7.640120029,0.054719999,23.470100403,_;_;50;30;56;32;4;0;512;0
2,60,deep_fast,split_mix_blocked_h16w,block25,896,32,917504,7.647880077,7.707839966,0.059960000,23.470100403,_;_;_;1792
2,61,deep_fast,split_ffn_fused_fp8_t8,block25,896,128,917504,7.711120129,7.775040150,0.063919999,23.470100403,_;_;_;_;1792
2,62,deep_fast,split_projection_frag,block25,896,32,917504,7.776599884,7.831600189,0.055000000,23.470100403,_;_;_;_;_;1792
2,63,mh_fast,mh_qkv_normalize_frag_c512,block25,2688,32,2752512,7.835360050,7.908400059,0.073040001,23.470100403,_;_;_;1792
2,64,mh_fused,mh_attention_fused_fp8_out,block25,448,128,448,7.909759998,7.970399857,0.060640000,23.470100403,_;_;_;56;32;512
2,65,mh_fast,mh_attention_project_frag_c512,block25,896,32,917504,7.971920013,8.037639618,0.065719999,23.470100403,_;_;_;_;1792;0;50;30;56;4;0
2,66,mh,mh_shift_pack,block26,4480,256,1146880,8.040599823,8.099639893,0.059039999,23.470100403,_;_;50;30;56;40;0;4;512;0
2,67,deep_fast,split_mix_blocked_h16w,block26,1120,32,1146880,8.107080460,8.175999641,0.068920001,23.470100403,_;_;_;2240
2,68,deep_fast,split_ffn_fused_fp8_t8,block26,1120,128,1146880,8.179840088,8.246800423,0.066960000,23.470100403,_;_;_;_;2240
2,69,deep_fast,split_projection_frag,block26,1120,32,1146880,8.248240471,8.305680275,0.057440002,23.470100403,_;_;_;_;_;2240
2,70,mh_fast,mh_qkv_normalize_frag_c512,block26,3360,32,3440640,8.310000420,8.386480331,0.076480001,23.470100403,_;_;_;2240
2,71,mh_fused,mh_attention_fused_fp8_out,block26,560,128,560,8.389160156,8.423959732,0.034800000,23.470100403,_;_;_;56;40;512
2,72,mh_fast,mh_attention_project_frag_c512,block26,1120,32,1146880,8.425399780,8.510359764,0.084959999,23.470100403,_;_;_;_;2240;0;50;30;56;0;4
2,73,mh,mh_shift_pack,block27,3584,256,917504,8.513400078,8.569000244,0.055599999,23.470100403,_;_;50;30;56;32;0;0;512;0
2,74,deep_fast,split_mix_blocked_h16w,block27,896,32,917504,8.576600075,8.640080452,0.063479997,23.470100403,_;_;_;1792
2,75,deep_fast,split_ffn_fused_fp8_t8,block27,896,128,917504,8.643360138,8.708399773,0.065040000,23.470100403,_;_;_;_;1792
2,76,deep_fast,split_projection_frag,block27,896,32,917504,8.709959984,8.765680313,0.055720001,23.470100403,_;_;_;_;_;1792
2,77,mh_fast,mh_qkv_normalize_frag_c512,block27,2688,32,2752512,8.769439697,8.841879845,0.072439998,23.470100403,_;_;_;1792
2,78,mh_fused,mh_attention_fused_fp8_out,block27,448,128,448,8.843319893,8.903759956,0.060440000,23.470100403,_;_;_;56;32;512
2,79,mh_fast,mh_attention_project_frag_c512,block27,896,32,917504,8.905280113,8.972000122,0.066720001,23.470100403,_;_;_;_;1792;0;50;30;56;0;0
2,80,mh,mh_shift_pack,block28,4480,256,1146880,8.975000381,9.030400276,0.055399999,23.470100403,_;_;50;30;56;40;4;4;512;0
2,81,deep_fast,split_mix_blocked_h16w,block28,1120,32,1146880,9.038240433,9.108440399,0.070200004,23.470100403,_;_;_;2240
2,82,deep_fast,split_ffn_fused_fp8_t8,block28,1120,128,1146880,9.112239838,9.182840347,0.070600003,23.470100403,_;_;_;_;2240
2,83,deep_fast,split_projection_frag,block28,1120,32,1146880,9.184359550,9.242839813,0.058479998,23.470100403,_;_;_;_;_;2240
2,84,mh_fast,mh_qkv_normalize_frag_c512,block28,3360,32,3440640,9.247039795,9.324600220,0.077560000,23.470100403,_;_;_;2240
2,85,mh_fused,mh_attention_fused_fp8_out,block28,560,128,560,9.327239990,9.364839554,0.037599999,23.470100403,_;_;_;56;40;512
2,86,mh_fast,mh_attention_project_frag_c512,block28,1120,32,1146880,9.366279602,9.432439804,0.066160001,23.470100403,_;_;_;_;2240;0;50;30;56;4;4
2,87,mh,mh_shift_pack,block29,3584,256,917504,9.435440063,9.470680237,0.035239998,23.470100403,_;_;50;30;56;32;4;0;512;0
2,88,deep_fast,split_mix_blocked_h16w,block29,896,32,917504,9.476840019,9.541199684,0.064360000,23.470100403,_;_;_;1792
2,89,deep_fast,split_ffn_fused_fp8_t8,block29,896,128,917504,9.544520378,9.607919693,0.063400000,23.470100403,_;_;_;_;1792
2,90,deep_fast,split_projection_frag,block29,896,32,917504,9.609479904,9.666399956,0.056919999,23.470100403,_;_;_;_;_;1792
2,91,mh_fast,mh_qkv_normalize_frag_c512,block29,2688,32,2752512,9.670200348,9.743840218,0.073639996,23.470100403,_;_;_;1792
2,92,mh_fused,mh_attention_fused_fp8_out,block29,448,128,448,9.745280266,9.805760384,0.060479999,23.470100403,_;_;_;56;32;512
2,93,mh_fast,mh_attention_project_frag_c512,block29,896,32,917504,9.807279587,9.873000145,0.065719999,23.470100403,_;_;_;_;1792;0;50;30;56;4;0
2,94,mh,mh_shift_pack,block30,4480,256,1146880,9.875960350,9.931200027,0.055240002,23.470100403,_;_;50;30;56;40;0;4;512;0
2,95,deep_fast,split_mix_blocked_h16w,block30,1120,32,1146880,9.939040184,10.007240295,0.068200000,23.470100403,_;_;_;2240
2,96,deep_fast,split_ffn_fused_fp8_t8,block30,1120,128,1146880,10.011039734,10.078920364,0.067879997,23.470100403,_;_;_;_;2240
2,97,deep_fast,split_projection_frag,block30,1120,32,1146880,10.080439568,10.139679909,0.059239998,23.470100403,_;_;_;_;_;2240
2,98,mh_fast,mh_qkv_normalize_frag_c512,block30,3360,32,3440640,10.143959999,10.220680237,0.076719999,23.470100403,_;_;_;2240
2,99,mh_fused,mh_attention_fused_fp8_out,block30,560,128,560,10.223279953,10.260760307,0.037480000,23.470100403,_;_;_;56;40;512
2,100,mh_fast,mh_attention_project_frag_c512,block30,1120,32,1146880,10.262160301,10.333120346,0.070960000,23.470100403,_;_;_;_;2240;3;50;30;56;0;4
2,101,mh,mh_pool,head,800,256,204800,10.336159706,10.386919975,0.050760001,23.470100403,_;_;25;16;50;25;15;512
2,102,mh_fast,mh_pool_project_production_h16w,head,1600,32,409600,10.391759872,10.481040001,0.089280002,23.470100403,_;_;_;25;16;25;15;512
2,103,deep,vit_gather,block31,1600,256,409600,10.483320236,10.533960342,0.050639998,23.470100403,_;_;_;409600
2,104,deep_fast,vit_pack_input,block31,400,256,102400,10.539199829,10.587120056,0.047920000,23.470100403,_;_;409600
2,105,deep_fast,vit_expand_blocked_fp8_frag_bytein,block31,1600,32,1638400,10.593359947,10.644800186,0.051440001,23.470100403,_;_;_;400;1024;4096
2,106,deep_fast,vit_contract_blocked_fp8_frag,block31,400,32,409600,10.647080421,10.728639603,0.081560001,23.470100403,_;_;_;_;400;4096;1024
2,107,deep_fast,vit_qkv_project_normalize_fused_f16compact_fp8_frag,block31,2400,32,1228800,10.730879784,10.823639870,0.092759997,23.470100403,_;_;_;400
2,108,deep_fast,vit_attention_fused_400_bytein,block31,800,32,204800,10.825360298,10.899319649,0.073959999,23.470100403,_;_;400
2,109,deep_fast,vit_project_frag,block31,1600,32,409600,10.901559830,10.991080284,0.089520000,23.470100403,_;_;_;_;400;1024;1024
2,110,deep_fast,vit_pack_input,block32,400,256,102400,10.993280411,11.041640282,0.048360001,23.470100403,_;_;409600
2,111,deep_fast,vit_expand_blocked_fp8_frag_bytein,block32,1600,32,1638400,11.047800064,11.099519730,0.051720001,23.470100403,_;_;_;400;1024;4096
2,112,deep_fast,vit_contract_blocked_fp8_frag,block32,400,32,409600,11.101799965,11.183360100,0.081560001,23.470100403,_;_;_;_;400;4096;1024
2,113,deep_fast,vit_qkv_project_normalize_fused_f16compact_fp8_frag,block32,2400,32,1228800,11.185600281,11.279239655,0.093640000,23.470100403,_;_;_;400
2,114,deep_fast,vit_attention_fused_400_bytein,block32,800,32,204800,11.280960083,11.353679657,0.072719999,23.470100403,_;_;400
2,115,deep_fast,vit_project_frag,block32,1600,32,409600,11.355879784,11.440119743,0.084239997,23.470100403,_;_;_;_;400;1024;1024
2,116,deep_fast,vit_pack_input,block33,400,256,102400,11.442359924,11.490440369,0.048080001,23.470100403,_;_;409600
2,117,deep_fast,vit_expand_blocked_fp8_frag_bytein,block33,1600,32,1638400,11.496640205,11.548319817,0.051679999,23.470100403,_;_;_;400;1024;4096
2,118,deep_fast,vit_contract_blocked_fp8_frag,block33,400,32,409600,11.550559998,11.632080078,0.081519999,23.470100403,_;_;_;_;400;4096;1024
2,119,deep_fast,vit_qkv_project_normalize_fused_f16compact_fp8_frag,block33,2400,32,1228800,11.634320259,11.723600388,0.089280002,23.470100403,_;_;_;400
2,120,deep_fast,vit_attention_fused_400_bytein,block33,800,32,204800,11.725279808,11.798119545,0.072839998,23.470100403,_;_;400
2,121,deep_fast,vit_project_frag,block33,1600,32,409600,11.800399780,11.888839722,0.088440001,23.470100403,_;_;_;_;400;1024;1024
2,122,deep_fast,vit_pack_input,block34,400,256,102400,11.891039848,11.939999580,0.048960000,23.470100403,_;_;409600
2,123,deep_fast,vit_expand_blocked_fp8_frag_bytein,block34,1600,32,1638400,11.946240425,11.998200417,0.051959999,23.470100403,_;_;_;400;1024;4096
2,124,deep_fast,vit_contract_blocked_fp8_frag,block34,400,32,409600,12.000479698,12.081640244,0.081160001,23.470100403,_;_;_;_;400;4096;1024
2,125,deep_fast,vit_qkv_project_normalize_fused_f16compact_fp8_frag,block34,2400,32,1228800,12.083880424,12.173399925,0.089520000,23.470100403,_;_;_;400
2,126,deep_fast,vit_attention_fused_400_bytein,block34,800,32,204800,12.175080299,12.249360085,0.074280001,23.470100403,_;_;400
2,127,deep_fast,vit_project_frag,block34,1600,32,409600,12.251600266,12.338640213,0.087040000,23.470100403,_;_;_;_;400;1024;1024
2,128,deep_fast,vit_pack_input,block35,400,256,102400,12.340840340,12.389120102,0.048280001,23.470100403,_;_;409600
2,129,deep_fast,vit_expand_blocked_fp8_frag_bytein,block35,1600,32,1638400,12.395440102,12.447839737,0.052400000,23.470100403,_;_;_;400;1024;4096
2,130,deep_fast,vit_contract_blocked_fp8_frag,block35,400,32,409600,12.450119972,12.531240463,0.081119999,23.470100403,_;_;_;_;400;4096;1024
2,131,deep_fast,vit_qkv_project_normalize_fused_f16compact_fp8_frag,block35,2400,32,1228800,12.533519745,12.622119904,0.088600002,23.470100403,_;_;_;400
2,132,deep_fast,vit_attention_fused_400_bytein,block35,800,32,204800,12.623760223,12.697680473,0.073919997,23.470100403,_;_;400
2,133,deep_fast,vit_project_frag,block35,1600,32,409600,12.699919701,12.785240173,0.085320003,23.470100403,_;_;_;_;400;1024;1024
2,134,deep_fast,vit_pack_input,block36,400,256,102400,12.787440300,12.835960388,0.048519999,23.470100403,_;_;409600
2,135,deep_fast,vit_expand_blocked_fp8_frag_bytein,block36,1600,32,1638400,12.842120171,12.893719673,0.051600002,23.470100403,_;_;_;400;1024;4096
2,136,deep_fast,vit_contract_blocked_fp8_frag,block36,400,32,409600,12.895959854,12.976719856,0.080760002,23.470100403,_;_;_;_;400;4096;1024
2,137,deep_fast,vit_qkv_project_normalize_fused_f16compact_fp8_frag,block36,2400,32,1228800,12.978960037,13.070679665,0.091720000,23.470100403,_;_;_;400
2,138,deep_fast,vit_attention_fused_400_bytein,block36,800,32,204800,13.072360039,13.146400452,0.074040003,23.470100403,_;_;400
2,139,deep_fast,vit_project_frag,block36,1600,32,409600,13.148639679,13.241880417,0.093240000,23.470100403,_;_;_;_;400;1024;1024
2,140,deep_fast,vit_pack_input,block37,400,256,102400,13.244079590,13.292160034,0.048080001,23.470100403,_;_;409600
2,141,deep_fast,vit_expand_blocked_fp8_frag_bytein,block37,1600,32,1638400,13.298119545,13.350040436,0.051920000,23.470100403,_;_;_;400;1024;4096
2,142,deep_fast,vit_contract_blocked_fp8_frag,block37,400,32,409600,13.352279663,13.435480118,0.083200000,23.470100403,_;_;_;_;400;4096;1024
2,143,deep_fast,vit_qkv_project_normalize_fused_f16compact_fp8_frag,block37,2400,32,1228800,13.437760353,13.532079697,0.094319999,23.470100403,_;_;_;400
2,144,deep_fast,vit_attention_fused_400_bytein,block37,800,32,204800,13.533760071,13.609359741,0.075599998,23.470100403,_;_;400
2,145,deep_fast,vit_project_frag,block37,1600,32,409600,13.611639977,13.694720268,0.083080001,23.470100403,_;_;_;_;400;1024;1024
2,146,deep_fast,vit_pack_input,block38,400,256,102400,13.696920395,13.744159698,0.047240000,23.470100403,_;_;409600
2,147,deep_fast,vit_expand_blocked_fp8_frag_bytein,block38,1600,32,1638400,13.750320435,13.801119804,0.050799999,23.470100403,_;_;_;400;1024;4096
2,148,deep_fast,vit_contract_blocked_fp8_frag,block38,400,32,409600,13.803400040,13.883040428,0.079640001,23.470100403,_;_;_;_;400;4096;1024
2,149,deep_fast,vit_qkv_project_normalize_fused_f16compact_fp8_frag,block38,2400,32,1228800,13.885279655,13.980799675,0.095519997,23.470100403,_;_;_;400
2,150,deep_fast,vit_attention_fused_400_bytein,block38,800,32,204800,13.982480049,14.056159973,0.073679999,23.470100403,_;_;400
2,151,deep_fast,vit_project_frag,block38,1600,32,409600,14.058400154,14.130559921,0.072159998,23.470100403,_;_;_;_;400;1024;1024
2,152,deep,vit_gather,block39,1600,256,409600,14.132760048,14.168479919,0.035719998,23.470100403,_;_;_;409600
2,153,deep_fast,decoder_project2x_h16w,block39,800,32,204800,14.175239563,14.245880127,0.070639998,23.470100403,_;_;_;_;25;16;50;30;1024;512
2,154,mh,mh_shift_pack,block40,3584,256,917504,14.248840332,14.303079605,0.054240000,23.470100403,_;_;50;30;56;32;0;0;512;0
2,155,deep_fast,split_mix_blocked_h16w,block40,896,32,917504,14.309639931,14.373000145,0.063359998,23.470100403,_;_;_;1792
2,156,deep_fast,split_ffn_fused_fp8_t8,block40,896,128,917504,14.376319885,14.440400124,0.064080000,23.470100403,_;_;_;_;1792
2,157,deep_fast,split_projection_frag,block40,896,32,917504,14.441960335,14.498840332,0.056880001,23.470100403,_;_;_;_;_;1792
2,158,mh_fast,mh_qkv_normalize_frag_c512,block40,2688,32,2752512,14.502599716,14.576080322,0.073480003,23.470100403,_;_;_;1792
2,159,mh_fused,mh_attention_fused_fp8_out,block40,448,128,448,14.577480316,14.639320374,0.061840001,23.470100403,_;_;_;56;32;512
2,160,mh_fast,mh_attention_project_frag_c512,block40,896,32,917504,14.640800476,14.706760406,0.065959997,23.470100403,_;_;_;_;1792;0;50;30;56;0;0
2,161,mh,mh_shift_pack,block41,4480,256,1146880,14.709799767,14.764800072,0.055000000,23.470100403,_;_;50;30;56;40;4;4;512;0
2,162,deep_fast,split_mix_blocked_h16w,block41,1120,32,1146880,14.771280289,14.840040207,0.068760000,23.470100403,_;_;_;2240
2,163,deep_fast,split_ffn_fused_fp8_t8,block41,1120,128,1146880,14.843919754,14.912079811,0.068159997,23.470100403,_;_;_;_;2240
2,164,deep_fast,split_projection_frag,block41,1120,32,1146880,14.913599968,14.972160339,0.058559999,23.470100403,_;_;_;_;_;2240
2,165,mh_fast,mh_qkv_normalize_frag_c512,block41,3360,32,3440640,14.976360321,15.055279732,0.078919999,23.470100403,_;_;_;2240
2,166,mh_fused,mh_attention_fused_fp8_out,block41,560,128,560,15.056679726,15.137639999,0.080959998,23.470100403,_;_;_;56;40;512
2,167,mh_fast,mh_attention_project_frag_c512,block41,1120,32,1146880,15.139039993,15.205240250,0.066200003,23.470100403,_;_;_;_;2240;0;50;30;56;4;4
2,168,mh,mh_shift_pack,block44,3584,256,917504,15.208279610,15.263360023,0.055080000,23.470100403,_;_;50;30;56;32;0;0;512;0
2,169,deep_fast,split_mix_blocked_h16w,block44,896,32,917504,15.271080017,15.310199738,0.039120000,23.470100403,_;_;_;1792
2,170,deep_fast,split_ffn_fused_fp8_t8,block44,896,128,917504,15.313480377,15.372759819,0.059280001,23.470100403,_;_;_;_;1792
2,171,deep_fast,split_projection_frag,block44,896,32,917504,15.374360085,15.430520058,0.056159999,23.470100403,_;_;_;_;_;1792
2,172,mh_fast,mh_qkv_normalize_frag_c512,block44,2688,32,2752512,15.434280396,15.505080223,0.070799999,23.470100403,_;_;_;1792
2,173,mh_fused,mh_attention_fused_fp8_out,block44,448,128,448,15.506440163,15.566800117,0.060360000,23.470100403,_;_;_;56;32;512
2,174,mh_fast,mh_attention_project_frag_c512,block44,896,32,917504,15.568320274,15.635519981,0.067199998,23.470100403,_;_;_;_;1792;0;50;30;56;0;0
2,175,mh,mh_shift_pack,block45,4480,256,1146880,15.638520241,15.695480347,0.056960002,23.470100403,_;_;50;30;56;40;4;4;512;0
2,176,deep_fast,split_mix_blocked_h16w,block45,1120,32,1146880,15.703359604,15.773759842,0.070400000,23.470100403,_;_;_;2240
2,177,deep_fast,split_ffn_fused_fp8_t8,block45,1120,128,1146880,15.777600288,15.845399857,0.067800000,23.470100403,_;_;_;_;2240
2,178,deep_fast,split_projection_frag,block45,1120,32,1146880,15.846879959,15.905079842,0.058200002,23.470100403,_;_;_;_;_;2240
2,179,mh_fast,mh_qkv_normalize_frag_c512,block45,3360,32,3440640,15.909359932,15.990240097,0.080880001,23.470100403,_;_;_;2240
2,180,mh_fused,mh_attention_fused_fp8_out,block45,560,128,560,15.992839813,16.029800415,0.036959998,23.470100403,_;_;_;56;40;512
2,181,mh_fast,mh_attention_project_frag_c512,block45,1120,32,1146880,16.031240463,16.095399857,0.064159997,23.470100403,_;_;_;_;2240;0;50;30;56;4;4
2,182,mh,mh_shift_pack,block47,4480,256,1146880,16.098440170,16.154520035,0.056079999,23.470100403,_;_;50;30;56;40;0;4;512;0
2,183,deep_fast,split_mix_blocked_h16w,block47,1120,32,1146880,16.160800934,16.231079102,0.070280001,23.470100403,_;_;_;2240
2,184,deep_fast,split_ffn_fused_fp8_t8,block47,1120,128,1146880,16.234880447,16.302480698,0.067599997,23.470100403,_;_;_;_;2240
2,185,deep_fast,split_projection_frag,block47,1120,32,1146880,16.304000854,16.362800598,0.058800001,23.470100403,_;_;_;_;_;2240
2,186,mh_fast,mh_qkv_normalize_frag_c512,block47,3360,32,3440640,16.367120743,16.445640564,0.078520000,23.470100403,_;_;_;2240
2,187,mh_fused,mh_attention_fused_fp8_out,block47,560,128,560,16.446960449,16.510879517,0.063919999,23.470100403,_;_;_;56;40;512
2,188,mh_fast,mh_attention_project_frag_c512,block47,1120,32,1146880,16.512319565,16.587680817,0.075360000,23.470100403,_;_;_;_;2240;0;50;30;56;0;4
2,189,deep_fast,decoder_project2x_h16w_byteout,block48,1504,32,384000,16.590679169,16.689079285,0.098399997,23.470100403,_;_;_;_;50;30;100;60;512;256
2,190,mh_fast,mh_ffn_fused_c256_frag_project_mapped_g128_qkv_bytein_fb,block48,416,512,1703936,16.691080093,16.795240402,0.104160003,23.470100403,_;_;_;_;_;6656;100;60;104;0;0
2,191,mh_fused,c256_attention_project_fb_bout_diag,block48,104,512,104,16.796680450,16.884120941,0.087439999,23.470100403,_;_;_;_;104;64;0;100;60;0;0
2,192,mh_fast,mh_ffn_fused_c256_frag_project_mapped_g128_qkv_bytein_fb,block49,416,512,1703936,16.885799408,16.989440918,0.103639998,23.470100403,_;_;_;_;_;6656;100;60;104;4;4
2,193,mh_fused,c256_attention_project_fb_bout_diag,block49,104,512,104,16.991119385,17.075839996,0.084720001,23.470100403,_;_;_;_;104;64;4;100;60;4;4
2,194,mh_fast,mh_ffn_fused_c256_frag_project_mapped_g128_qkv_bytein_fb,block50,416,512,1703936,17.077560425,17.181560516,0.104000002,23.470100403,_;_;_;_;_;6656;100;60;104;4;0
2,195,mh_fused,c256_attention_project_fb_bout_diag,block50,104,512,104,17.183000565,17.269159317,0.086159997,23.470100403,_;_;_;_;104;64;4;100;60;4;0
2,196,mh_fast,mh_ffn_fused_c256_frag_project_mapped_g128_qkv_bytein_fb,block51,416,512,1703936,17.270839691,17.374679565,0.103840001,23.470100403,_;_;_;_;_;6656;100;60;104;0;4
2,197,mh_fused,c256_attention_project_fb_bout_diag,block51,104,512,104,17.376319885,17.463119507,0.086800002,23.470100403,_;_;_;_;104;64;4;100;60;0;4
2,198,mh_fast,mh_ffn_fused_c256_frag_project_mapped_g128_qkv_bytein_fb,block52,416,512,1703936,17.464839935,17.568439484,0.103600003,23.470100403,_;_;_;_;_;6656;100;60;104;0;0
2,199,mh_fused,c256_attention_project_fb_bout_diag,block52,104,512,104,17.569879532,17.655519485,0.085639998,23.470100403,_;_;_;_;104;64;4;100;60;0;0
2,200,mh_fast,mh_ffn_fused_c256_frag_project_mapped_g128_qkv_bytein_fb,block53,416,512,1703936,17.657239914,17.762039185,0.104800001,23.470100403,_;_;_;_;_;6656;100;60;104;4;4
2,201,mh_fused,c256_attention_project_fb_bout_diag,block53,104,512,104,17.763759613,17.848360062,0.084600002,23.470100403,_;_;_;_;104;64;4;100;60;4;4
2,202,mh_fast,mh_ffn_fused_c256_frag_project_mapped_g128_qkv_bytein_fb,block54,416,512,1703936,17.850080490,17.953920364,0.103840001,23.470100403,_;_;_;_;_;6656;100;60;104;4;0
2,203,mh_fused,c256_attention_project_fb_bout_diag,block54,104,512,104,17.955400467,18.041999817,0.086599998,23.470100403,_;_;_;_;104;64;4;100;60;4;0
2,204,mh_fast,mh_ffn_fused_c256_frag_project_mapped_g128_qkv_bytein_fb,block55,416,512,1703936,18.043720245,18.147640228,0.103919998,23.470100403,_;_;_;_;_;6656;100;60;104;0;4
2,205,mh_fused,c256_attention_project_fb_diag,block55,104,512,104,18.149320602,18.239759445,0.090439998,23.470100403,_;_;_;_;104;64;0;100;60;0;4
2,206,deep_fast,decoder_project2x_h16w_byteout,block56,3000,32,768000,18.242200851,18.335279465,0.093079999,23.470100403,_;_;_;_;100;60;200;120;256;128
2,207,mh_fast,mh_ffn_fused_c128_project_mapped_g128_qkv_bytein_fb,block56,1560,256,3194880,18.337160110,18.463600159,0.126440004,23.470100403,_;_;_;_;_;24960;200;120;208;4;0
2,208,mh_fused,c128_attention_project_fb_bout_diag,block56,390,512,390,18.464960098,18.558399200,0.093440004,23.470100403,_;_;_;_;208;120;4;200;120;4;0
2,209,mh_fast,mh_ffn_fused_c128_project_mapped_g128_qkv_bytein_fb,block57,1600,256,3276800,18.559839249,18.681919098,0.122079998,23.470100403,_;_;_;_;_;25600;200;120;200;0;4
2,210,mh_fused,c128_attention_project_fb_bout_diag,block57,400,512,400,18.688880920,18.777599335,0.088720001,23.470100403,_;_;_;_;200;128;4;200;120;0;4
2,211,mh_fast,mh_ffn_fused_c128_project_g128_qkv_bytein_fb,block58,1500,256,3072000,18.779039383,18.897480011,0.118440002,23.470100403,_;_;_;_;_;24000;200;120;200;0;0
2,212,mh_fused,c128_attention_project_fb_bout_diag,block58,375,512,375,18.898839951,18.984079361,0.085239999,23.470100403,_;_;_;_;200;120;4;0;0;0;0
2,213,mh_fast,mh_ffn_fused_c128_project_mapped_g128_qkv_bytein_fb,block59,1664,256,3407872,18.985559464,19.110040665,0.124480002,23.470100403,_;_;_;_;_;26624;200;120;208;4;4
2,214,mh_fused,c128_attention_project_fb_bout_diag,block59,416,512,416,19.118240356,19.205680847,0.087439999,23.470100403,_;_;_;_;208;128;4;200;120;4;4
2,215,mh_fast,mh_ffn_fused_c128_project_mapped_g128_qkv_bytein_fb,block60,1560,256,3194880,19.207160950,19.336559296,0.129400000,23.470100403,_;_;_;_;_;24960;200;120;208;4;0
2,216,mh_fused,c128_attention_project_fb_bout_diag,block60,390,512,390,19.337959290,19.431039810,0.093079999,23.470100403,_;_;_;_;208;120;4;200;120;4;0
2,217,mh_fast,mh_ffn_fused_c128_project_mapped_g128_qkv_bytein_fb,block61,1600,256,3276800,19.432479858,19.554399490,0.121919997,23.470100403,_;_;_;_;_;25600;200;120;200;0;4
2,218,mh_fused,c128_attention_project_fb_diag,block61,400,512,400,19.560840607,19.653720856,0.092880003,23.470100403,_;_;_;_;200;128;0;200;120;0;4
2,219,deep_fast,decoder_project2x_h16w_byteout,block62,6000,32,1536000,19.655319214,19.776679993,0.121359996,23.470100403,_;_;_;_;200;120;400;240;128;64
2,220,mh_fast,mh_ffn_fused_c64_project_g128_qkv_bytein_fb,block62,6000,128,6144000,19.778999329,19.923599243,0.144600004,23.470100403,_;_;_;_;_;96000;400;240;400;0;0
2,221,mh_fused,c64_attention_project_fb_bout_diag,block62,1500,256,1500,19.924959183,20.034320831,0.109360002,23.470100403,_;_;_;_;400;240;4;0;0;0;0
2,222,mh_fast,mh_ffn_fused_c64_project_mapped_g128_qkv_bytein_fb,block63,6324,128,6475776,20.035720825,20.201719284,0.165999994,23.470100403,_;_;_;_;_;101184;400;240;408;4;4
2,223,mh_fused,c64_attention_project_fb_bout_diag,block63,1581,256,1581,20.203119278,20.328880310,0.125760004,23.470100403,_;_;_;_;408;248;4;400;240;4;4
2,224,mh_fast,mh_ffn_fused_c64_project_mapped_g128_qkv_bytein_fb,block64,6120,128,6266880,20.330320358,20.492919922,0.162599996,23.470100403,_;_;_;_;_;97920;400;240;408;4;0
2,225,mh_fused,c64_attention_project_fb_bout_diag,block64,1530,256,1530,20.494319916,20.619440079,0.125119999,23.470100403,_;_;_;_;408;240;4;400;240;4;0
2,226,mh_fast,mh_ffn_fused_c64_project_mapped_g128_qkv_bytein_fb,block65,6200,128,6348800,20.620960236,20.784479141,0.163519993,23.470100403,_;_;_;_;_;99200;400;240;400;0;4
2,227,mh_fused,c64_attention_project_fb_diag,block65,1550,256,1550,20.785839081,20.916919708,0.131080002,23.470100403,_;_;_;_;400;248;0;400;240;0;4
2,228,deep_fast,decoder_project2x_h16w,block69,12000,32,3072000,20.918479919,21.154119492,0.235640004,23.470100403,_;_;_;_;400;240;800;480;64;32
2,229,c32_fused_ffn,c32_fast_ffn_attention_fused_half_mapped,block69,6000,128,6000,21.157199860,21.447599411,0.290399998,23.470100403,_;_;_;_;6000;0;1;800;480;0;0
2,230,c32_fused_ffn,c32_fast_ffn_attention_fused_half_chain,block69,6161,128,6161,21.449039459,21.733200073,0.284159988,23.470100403,_;_;_;_;6161;3;1;800;480;4;4;800;0;0
2,231,c32_fused_ffn,c32_fast_ffn_attention_fused_half_chain,block69,6060,128,6060,21.734760284,22.014200211,0.279439986,23.470100403,_;_;_;_;6060;3;1;800;480;4;0;808;4;4
2,232,c32_fused_ffn,c32_fast_ffn_attention_fused_half_chain_finish,block69,6100,128,6100,22.015800476,22.329000473,0.313199997,23.470100403,_;_;_;_;_;6100;3;1;800;480;0;4;808;4;0
2,233,c32_fused_ffn,c32_post_merge_head_half,block70,24321,128,24321,22.330560684,23.437799454,1.107239962,23.470100403,_;_;_;_;_;_;_;_;24321;1600;960;4;4;_
3,0,c32_fused_ffn,c32_fast_ffn_attention_fused_half_prefix_finish_main8,pre-down,24000,128,24000,0.004640000,1.112280011,1.107640028,23.503280640,_;_;_;_;_;_;24000;0;1;1600;960;0;0
3,1,c32_fused_ffn,c32_fast_ffn_attention_fused_half_mapped,block4,6000,128,6000,1.113800049,1.426280022,0.312480003,23.503280640,_;_;_;_;6000;0;1;800;480;0;0
3,2,c32_fused_ffn,c32_fast_ffn_attention_fused_half_chain,block4,6161,128,6161,1.427719951,1.726600051,0.298880011,23.503280640,_;_;_;_;6161;3;1;800;480;4;4;800;0;0
3,3,c32_fused_ffn,c32_fast_ffn_attention_fused_half_chain,block4,6060,128,6060,1.728160024,2.020639896,0.292479992,23.503280640,_;_;_;_;6060;3;1;800;480;4;0;808;4;4
3,4,c32_fused_ffn,c32_fast_ffn_attention_fused_half_chain_finish_dcrop,block4,6100,128,6100,2.022239923,2.334759951,0.312519997,23.503280640,_;_;_;_;_;6100;3;1;800;480;0;4;808;4;0
3,5,mh_fast,mh_pool_project_production_h16w,block5,24000,32,6144000,2.336479902,2.421720028,0.085239999,23.503280640,_;_;_;400;240;0;0;32
3,6,mh_fast,mh_ffn_fused_c64_project_g128_qkv_fb,block5,6000,128,6144000,2.428839922,2.572119951,0.143279999,23.503280640,_;_;_;_;_;96000;400;240;400;0;0
3,7,mh_fused,c64_attention_project_fb_bout_diag,block5,1500,256,1500,2.573519945,2.682159901,0.108640000,23.503280640,_;_;_;_;400;240;4;0;0;0;0
3,8,mh_fast,mh_ffn_fused_c64_project_mapped_g128_qkv_bytein_fb,block6,6324,128,6475776,2.683520079,2.850320101,0.166800007,23.503280640,_;_;_;_;_;101184;400;240;408;4;4
3,9,mh_fused,c64_attention_project_fb_bout_diag,block6,1581,256,1581,2.851720095,2.977479935,0.125760004,23.503280640,_;_;_;_;408;248;4;400;240;4;4
3,10,mh_fast,mh_ffn_fused_c64_project_mapped_g128_qkv_bytein_fb,block7,6120,128,6266880,2.978919983,3.139080048,0.160160005,23.503280640,_;_;_;_;_;97920;400;240;408;4;0
3,11,mh_fused,c64_attention_project_fb_bout_diag,block7,1530,256,1530,3.140480042,3.261759996,0.121280000,23.503280640,_;_;_;_;408;240;4;400;240;4;0
3,12,mh_fast,mh_ffn_fused_c64_project_mapped_g128_qkv_bytein_fb,block8,6200,128,6348800,3.263240099,3.425839901,0.162599996,23.503280640,_;_;_;_;_;99200;400;240;400;0;4
3,13,mh_fused,c64_attention_project_fb_diag,block8,1550,256,1550,3.427239895,3.551359892,0.124119997,23.503280640,_;_;_;_;400;248;3;400;240;0;4
3,14,mh_fast,mh_pool_project_group_c64,block9,1500,64,3072000,3.552999973,3.630599976,0.077600002,23.503280640,_;_;_;200;120;400;0;0
3,15,mh_fast,mh_ffn_fused_c128_project_g128_qkv_fb,block9,1500,256,3072000,3.635040045,3.755680084,0.120640002,23.503280640,_;_;_;_;_;24000;200;120;200;0;0
3,16,mh_fused,c128_attention_project_fb_bout_diag,block9,375,512,375,3.756999969,3.840800047,0.083800003,23.503280640,_;_;_;_;200;120;4;0;0;0;0
3,17,mh_fast,mh_ffn_fused_c128_project_mapped_g128_qkv_bytein_fb,block10,1664,256,3407872,3.842279911,3.966039896,0.123760000,23.503280640,_;_;_;_;_;26624;200;120;208;4;4
3,18,mh_fused,c128_attention_project_fb_bout_diag,block10,416,512,416,3.974159956,4.062119961,0.087959997,23.503280640,_;_;_;_;208;128;4;200;120;4;4
3,19,mh_fast,mh_ffn_fused_c128_project_mapped_g128_qkv_bytein_fb,block11,1560,256,3194880,4.063560009,4.190559864,0.127000004,23.503280640,_;_;_;_;_;24960;200;120;208;4;0
3,20,mh_fused,c128_attention_project_fb_bout_diag,block11,390,512,390,4.191959858,4.283999920,0.092040002,23.503280640,_;_;_;_;208;120;4;200;120;4;0
3,21,mh_fast,mh_ffn_fused_c128_project_mapped_g128_qkv_bytein_fb,block12,1600,256,3276800,4.285399914,4.406799793,0.121399999,23.503280640,_;_;_;_;_;25600;200;120;200;0;4
3,22,mh_fused,c128_attention_project_fb_bout_diag,block12,400,512,400,4.414919853,4.501359940,0.086439997,23.503280640,_;_;_;_;200;128;4;200;120;0;4
3,23,mh_fast,mh_ffn_fused_c128_project_g128_qkv_bytein_fb,block13,1500,256,3072000,4.502799988,4.621840000,0.119039997,23.503280640,_;_;_;_;_;24000;200;120;200;0;0
3,24,mh_fused,c128_attention_project_fb_bout_diag,block13,375,512,375,4.624519825,4.709000111,0.084480003,23.503280640,_;_;_;_;200;120;4;0;0;0;0
3,25,mh_fast,mh_ffn_fused_c128_project_mapped_g128_qkv_bytein_fb,block14,1664,256,3407872,4.710400105,4.836080074,0.125680000,23.503280640,_;_;_;_;_;26624;200;120;208;4;4
3,26,mh_fused,c128_attention_project_fb_diag,block14,416,512,416,4.844279766,4.931359768,0.087080002,23.503280640,_;_;_;_;208;128;3;200;120;4;4
3,27,mh_fast,mh_pool_project_group_c128,block15,375,128,1536000,4.932960033,4.993919849,0.060959999,23.503280640,_;_;_;100;60;200;0;0
3,28,mh_fast,mh_ffn_fused_c256_frag_project_mapped_g128_qkv_fb,block15,416,512,1703936,4.998479843,5.106959820,0.108479999,23.503280640,_;_;_;_;_;6656;100;60;104;0;0
3,29,mh_fused,c256_attention_project_fb_bout_diag,block15,104,512,104,5.108359814,5.193920135,0.085560001,23.503280640,_;_;_;_;104;64;4;100;60;0;0
3,30,mh_fast,mh_ffn_fused_c256_frag_project_mapped_g128_qkv_bytein_fb,block16,416,512,1703936,5.195559978,5.304800034,0.109240003,23.503280640,_;_;_;_;_;6656;100;60;104;4;4
3,31,mh_fused,c256_attention_project_fb_bout_diag,block16,104,512,104,5.306320190,5.390480042,0.084160000,23.503280640,_;_;_;_;104;64;4;100;60;4;4
3,32,mh_fast,mh_ffn_fused_c256_frag_project_mapped_g128_qkv_bytein_fb,block17,416,512,1703936,5.392240047,5.500120163,0.107879996,23.503280640,_;_;_;_;_;6656;100;60;104;4;0
3,33,mh_fused,c256_attention_project_fb_bout_diag,block17,104,512,104,5.501520157,5.585959911,0.084440000,23.503280640,_;_;_;_;104;64;4;100;60;4;0
3,34,mh_fast,mh_ffn_fused_c256_frag_project_mapped_g128_qkv_bytein_fb,block18,416,512,1703936,5.587639809,5.697319984,0.109679997,23.503280640,_;_;_;_;_;6656;100;60;104;0;4
3,35,mh_fused,c256_attention_project_fb_bout_diag,block18,104,512,104,5.698840141,5.782559872,0.083719999,23.503280640,_;_;_;_;104;64;4;100;60;0;4
3,36,mh_fast,mh_ffn_fused_c256_frag_project_mapped_g128_qkv_bytein_fb,block19,416,512,1703936,5.784319878,5.892439842,0.108120002,23.503280640,_;_;_;_;_;6656;100;60;104;0;0
3,37,mh_fused,c256_attention_project_fb_bout_diag,block19,104,512,104,5.893839836,5.978199959,0.084360003,23.503280640,_;_;_;_;104;64;4;100;60;0;0
3,38,mh_fast,mh_ffn_fused_c256_frag_project_mapped_g128_qkv_bytein_fb,block20,416,512,1703936,6.092720032,6.093200207,0.000480000,23.503280640,_;_;_;_;_;6656;100;60;104;4;4
3,39,mh_fused,c256_attention_project_fb_bout_diag,block20,104,512,104,6.094759941,6.177879810,0.083120003,23.503280640,_;_;_;_;104;64;4;100;60;4;4
3,40,mh_fast,mh_ffn_fused_c256_frag_project_mapped_g128_qkv_bytein_fb,block21,416,512,1703936,6.179599762,6.285960197,0.106360003,23.503280640,_;_;_;_;_;6656;100;60;104;4;0
3,41,mh_fused,c256_attention_project_fb_bout_diag,block21,104,512,104,6.288559914,6.376719952,0.088160001,23.503280640,_;_;_;_;104;64;4;100;60;4;0
3,42,mh_fast,mh_ffn_fused_c256_frag_project_mapped_g128_qkv_bytein_fb,block22,416,512,1703936,6.378399849,6.487559795,0.109159999,23.503280640,_;_;_;_;_;6656;100;60;104;0;4
3,43,mh_fused,c256_attention_project_fb_diag,block22,104,512,104,6.489120007,6.576960087,0.087839998,23.503280640,_;_;_;_;104;64;3;100;60;0;4
3,44,mh_fast,mh_pool_project_group_c256,block23,94,256,768000,6.579559803,6.640439987,0.060880002,23.503280640,_;_;_;50;30;100;0;0
3,45,mh,mh_shift_pack,block23,3584,256,917504,6.643439770,6.698520184,0.055080000,23.503280640,_;_;50;30;56;32;0;0;512;0
3,46,deep_fast,split_mix_blocked_h16w,block23,896,32,917504,6.706160069,6.765719891,0.059560001,23.503280640,_;_;_;1792
3,47,deep_fast,split_ffn_fused_fp8_t8,block23,896,128,917504,6.769000053,6.835159779,0.066160001,23.503280640,_;_;_;_;1792
3,48,deep_fast,split_projection_frag,block23,896,32,917504,6.836760044,6.869679928,0.032919999,23.503280640,_;_;_;_;_;1792
3,49,mh_fast,mh_qkv_normalize_frag_c512,block23,2688,32,2752512,6.873439789,6.941040039,0.067599997,23.503280640,_;_;_;1792
3,50,mh_fused,mh_attention_fused_fp8_out,block23,448,128,448,6.942440033,7.002799988,0.060360000,23.503280640,_;_;_;56;32;512
3,51,mh_fast,mh_attention_project_frag_c512,block23,896,32,917504,7.004320145,7.065360069,0.061039999,23.503280640,_;_;_;_;1792;0;50;30;56;0;0
3,52,mh,mh_shift_pack,block24,4480,256,1146880,7.068399906,7.123239994,0.054839998,23.503280640,_;_;50;30;56;40;4;4;512;0
3,53,deep_fast,split_mix_blocked_h16w,block24,1120,32,1146880,7.129720211,7.202479839,0.072760001,23.503280640,_;_;_;2240
3,54,deep_fast,split_ffn_fused_fp8_t8,block24,1120,128,1146880,7.206280231,7.273759842,0.067479998,23.503280640,_;_;_;_;2240
3,55,deep_fast,split_projection_frag,block24,1120,32,1146880,7.275279999,7.334799767,0.059519999,23.503280640,_;_;_;_;_;2240
3,56,mh_fast,mh_qkv_normalize_frag_c512,block24,3360,32,3440640,7.339119911,7.418079853,0.078960001,23.503280640,_;_;_;2240
3,57,mh_fused,mh_attention_fused_fp8_out,block24,560,128,560,7.486879826,7.487440109,0.000560000,23.503280640,_;_;_;56;40;512
3,58,mh_fast,mh_attention_project_frag_c512,block24,1120,32,1146880,7.559999943,7.560560226,0.000560000,23.503280640,_;_;_;_;2240;0;50;30;56;4;4
3,59,mh,mh_shift_pack,block25,3584,256,917504,7.563560009,7.616680145,0.053119998,23.503280640,_;_;50;30;56;32;4;0;512;0
3,60,deep_fast,split_mix_blocked_h16w,block25,896,32,917504,7.624400139,7.685999870,0.061600000,23.503280640,_;_;_;1792
3,61,deep_fast,split_ffn_fused_fp8_t8,block25,896,128,917504,7.689280033,7.756440163,0.067160003,23.503280640,_;_;_;_;1792
3,62,deep_fast,split_projection_frag,block25,896,32,917504,7.757959843,7.814839840,0.056880001,23.503280640,_;_;_;_;_;1792
3,63,mh_fast,mh_qkv_normalize_frag_c512,block25,2688,32,2752512,7.818600178,7.889719963,0.071120001,23.503280640,_;_;_;1792
3,64,mh_fused,mh_attention_fused_fp8_out,block25,448,128,448,7.891079903,7.950839996,0.059760001,23.503280640,_;_;_;56;32;512
3,65,mh_fast,mh_attention_project_frag_c512,block25,896,32,917504,7.952320099,8.017359734,0.065040000,23.503280640,_;_;_;_;1792;0;50;30;56;4;0
3,66,mh,mh_shift_pack,block26,4480,256,1146880,8.020319939,8.076359749,0.056040000,23.503280640,_;_;50;30;56;40;0;4;512;0
3,67,deep_fast,split_mix_blocked_h16w,block26,1120,32,1146880,8.082559586,8.151599884,0.069040000,23.503280640,_;_;_;2240
3,68,deep_fast,split_ffn_fused_fp8_t8,block26,1120,128,1146880,8.155400276,8.222680092,0.067280002,23.503280640,_;_;_;_;2240
3,69,deep_fast,split_projection_frag,block26,1120,32,1146880,8.224200249,8.284480095,0.060279999,23.503280640,_;_;_;_;_;2240
3,70,mh_fast,mh_qkv_normalize_frag_c512,block26,3360,32,3440640,8.288760185,8.365880013,0.077119999,23.503280640,_;_;_;2240
3,71,mh_fused,mh_attention_fused_fp8_out,block26,560,128,560,8.368559837,8.405719757,0.037160002,23.503280640,_;_;_;56;40;512
3,72,mh_fast,mh_attention_project_frag_c512,block26,1120,32,1146880,8.407119751,8.474120140,0.067000002,23.503280640,_;_;_;_;2240;0;50;30;56;0;4
3,73,mh,mh_shift_pack,block27,3584,256,917504,8.477120399,8.531399727,0.054280002,23.503280640,_;_;50;30;56;32;0;0;512;0
3,74,deep_fast,split_mix_blocked_h16w,block27,896,32,917504,8.537960052,8.602600098,0.064640000,23.503280640,_;_;_;1792
3,75,deep_fast,split_ffn_fused_fp8_t8,block27,896,128,917504,8.605879784,8.670080185,0.064199999,23.503280640,_;_;_;_;1792
3,76,deep_fast,split_projection_frag,block27,896,32,917504,8.671640396,8.726880074,0.055240002,23.503280640,_;_;_;_;_;1792
3,77,mh_fast,mh_qkv_normalize_frag_c512,block27,2688,32,2752512,8.730640411,8.806799889,0.076159999,23.503280640,_;_;_;1792
3,78,mh_fused,mh_attention_fused_fp8_out,block27,448,128,448,8.808199883,8.865119934,0.056919999,23.503280640,_;_;_;56;32;512
3,79,mh_fast,mh_attention_project_frag_c512,block27,896,32,917504,8.866600037,8.932720184,0.066119999,23.503280640,_;_;_;_;1792;0;50;30;56;0;0
3,80,mh,mh_shift_pack,block28,4480,256,1146880,8.994600296,8.995079994,0.000480000,23.503280640,_;_;50;30;56;40;4;4;512;0
3,81,deep_fast,split_mix_blocked_h16w,block28,1120,32,1146880,9.002960205,9.071399689,0.068439998,23.503280640,_;_;_;2240
3,82,deep_fast,split_ffn_fused_fp8_t8,block28,1120,128,1146880,9.075240135,9.137280464,0.062040001,23.503280640,_;_;_;_;2240
3,83,deep_fast,split_projection_frag,block28,1120,32,1146880,9.138879776,9.191200256,0.052320000,23.503280640,_;_;_;_;_;2240
3,84,mh_fast,mh_qkv_normalize_frag_c512,block28,3360,32,3440640,9.195400238,9.269240379,0.073840000,23.503280640,_;_;_;2240
3,85,mh_fused,mh_attention_fused_fp8_out,block28,560,128,560,9.270600319,9.334679604,0.064080000,23.503280640,_;_;_;56;40;512
3,86,mh_fast,mh_attention_project_frag_c512,block28,1120,32,1146880,9.336079597,9.410360336,0.074280001,23.503280640,_;_;_;_;2240;0;50;30;56;4;4
3,87,mh,mh_shift_pack,block29,3584,256,917504,9.413399696,9.468119621,0.054719999,23.503280640,_;_;50;30;56;32;4;0;512;0
3,88,deep_fast,split_mix_blocked_h16w,block29,896,32,917504,9.475760460,9.537719727,0.061960001,23.503280640,_;_;_;1792
3,89,deep_fast,split_ffn_fused_fp8_t8,block29,896,128,917504,9.541000366,9.600999832,0.059999999,23.503280640,_;_;_;_;1792
3,90,deep_fast,split_projection_frag,block29,896,32,917504,9.602519989,9.659199715,0.056680001,23.503280640,_;_;_;_;_;1792
3,91,mh_fast,mh_qkv_normalize_frag_c512,block29,2688,32,2752512,9.662960052,9.737360001,0.074400000,23.503280640,_;_;_;1792
3,92,mh_fused,mh_attention_fused_fp8_out,block29,448,128,448,9.738719940,9.797639847,0.058920000,23.503280640,_;_;_;56;32;512
3,93,mh_fast,mh_attention_project_frag_c512,block29,896,32,917504,9.799160004,9.891480446,0.092320003,23.503280640,_;_;_;_;1792;0;50;30;56;4;0
3,94,mh,mh_shift_pack,block30,4480,256,1146880,9.894439697,9.950679779,0.056240000,23.503280640,_;_;50;30;56;40;0;4;512;0
3,95,deep_fast,split_mix_blocked_h16w,block30,1120,32,1146880,9.958439827,10.029040337,0.070600003,23.503280640,_;_;_;2240
3,96,deep_fast,split_ffn_fused_fp8_t8,block30,1120,128,1146880,10.032919884,10.101360321,0.068439998,23.503280640,_;_;_;_;2240
3,97,deep_fast,split_projection_frag,block30,1120,32,1146880,10.102879524,10.161479950,0.058600001,23.503280640,_;_;_;_;_;2240
3,98,mh_fast,mh_qkv_normalize_frag_c512,block30,3360,32,3440640,10.165840149,10.243559837,0.077720001,23.503280640,_;_;_;2240
3,99,mh_fused,mh_attention_fused_fp8_out,block30,560,128,560,10.246159554,10.305080414,0.058920000,23.503280640,_;_;_;56;40;512
3,100,mh_fast,mh_attention_project_frag_c512,block30,1120,32,1146880,10.375880241,10.376359940,0.000480000,23.503280640,_;_;_;_;2240;3;50;30;56;0;4
3,101,mh,mh_pool,head,800,256,204800,10.379360199,10.428440094,0.049079999,23.503280640,_;_;25;16;50;25;15;512
3,102,mh_fast,mh_pool_project_production_h16w,head,1600,32,409600,10.433639526,10.492959976,0.059319999,23.503280640,_;_;_;25;16;25;15;512
3,103,deep,vit_gather,block31,1600,256,409600,10.495200157,10.547559738,0.052359998,23.503280640,_;_;_;409600
3,104,deep_fast,vit_pack_input,block31,400,256,102400,10.552720070,10.576720238,0.024000000,23.503280640,_;_;409600
3,105,deep_fast,vit_expand_blocked_fp8_frag_bytein,block31,1600,32,1638400,10.581279755,10.633480072,0.052200001,23.503280640,_;_;_;400;1024;4096
3,106,deep_fast,vit_contract_blocked_fp8_frag,block31,400,32,409600,10.635720253,10.716560364,0.080839999,23.503280640,_;_;_;_;400;4096;1024
3,107,deep_fast,vit_qkv_project_normalize_fused_f16compact_fp8_frag,block31,2400,32,1228800,10.718799591,10.814160347,0.095360003,23.503280640,_;_;_;400
3,108,deep_fast,vit_attention_fused_400_bytein,block31,800,32,204800,10.815839767,10.917960167,0.102119997,23.503280640,_;_;400
3,109,deep_fast,vit_project_frag,block31,1600,32,409600,10.920200348,11.004759789,0.084559999,23.503280640,_;_;_;_;400;1024;1024
3,110,deep_fast,vit_pack_input,block32,400,256,102400,11.006999969,11.056520462,0.049520001,23.503280640,_;_;409600
3,111,deep_fast,vit_expand_blocked_fp8_frag_bytein,block32,1600,32,1638400,11.061479568,11.114439964,0.052960001,23.503280640,_;_;_;400;1024;4096
3,112,deep_fast,vit_contract_blocked_fp8_frag,block32,400,32,409600,11.116640091,11.198960304,0.082319997,23.503280640,_;_;_;_;400;4096;1024
3,113,deep_fast,vit_qkv_project_normalize_fused_f16compact_fp8_frag,block32,2400,32,1228800,11.201199532,11.296039581,0.094839998,23.503280640,_;_;_;400
3,114,deep_fast,vit_attention_fused_400_bytein,block32,800,32,204800,11.297719955,11.371399879,0.073679999,23.503280640,_;_;400
3,115,deep_fast,vit_project_frag,block32,1600,32,409600,11.373640060,11.459520340,0.085879996,23.503280640,_;_;_;_;400;1024;1024
3,116,deep_fast,vit_pack_input,block33,400,256,102400,11.461720467,11.510880470,0.049160000,23.503280640,_;_;409600
3,117,deep_fast,vit_expand_blocked_fp8_frag_bytein,block33,1600,32,1638400,11.516880035,11.592080116,0.075199999,23.503280640,_;_;_;400;1024;4096
3,118,deep_fast,vit_contract_blocked_fp8_frag,block33,400,32,409600,11.594320297,11.676199913,0.081880003,23.503280640,_;_;_;_;400;4096;1024
3,119,deep_fast,vit_qkv_project_normalize_fused_f16compact_fp8_frag,block33,2400,32,1228800,11.678440094,11.771840096,0.093400002,23.503280640,_;_;_;400
3,120,deep_fast,vit_attention_fused_400_bytein,block33,800,32,204800,11.773520470,11.846920013,0.073399998,23.503280640,_;_;400
3,121,deep_fast,vit_project_frag,block33,1600,32,409600,11.849200249,11.935199738,0.086000003,23.503280640,_;_;_;_;400;1024;1024
3,122,deep_fast,vit_pack_input,block34,400,256,102400,11.937439919,11.986960411,0.049520001,23.503280640,_;_;409600
3,123,deep_fast,vit_expand_blocked_fp8_frag_bytein,block34,1600,32,1638400,11.993040085,12.045160294,0.052120000,23.503280640,_;_;_;400;1024;4096
3,124,deep_fast,vit_contract_blocked_fp8_frag,block34,400,32,409600,12.047400475,12.132160187,0.084760003,23.503280640,_;_;_;_;400;4096;1024
3,125,deep_fast,vit_qkv_project_normalize_fused_f16compact_fp8_frag,block34,2400,32,1228800,12.134440422,12.223640442,0.089199997,23.503280640,_;_;_;400
3,126,deep_fast,vit_attention_fused_400_bytein,block34,800,32,204800,12.225359917,12.296919823,0.071560003,23.503280640,_;_;400
3,127,deep_fast,vit_project_frag,block34,1600,32,409600,12.299200058,12.385959625,0.086759999,23.503280640,_;_;_;_;400;1024;1024
3,128,deep_fast,vit_pack_input,block35,400,256,102400,12.388159752,12.437199593,0.049040001,23.503280640,_;_;409600
3,129,deep_fast,vit_expand_blocked_fp8_frag_bytein,block35,1600,32,1638400,12.442119598,12.494839668,0.052719999,23.503280640,_;_;_;400;1024;4096
3,130,deep_fast,vit_contract_blocked_fp8_frag,block35,400,32,409600,12.497079849,12.577960014,0.080880001,23.503280640,_;_;_;_;400;4096;1024
3,131,deep_fast,vit_qkv_project_normalize_fused_f16compact_fp8_frag,block35,2400,32,1228800,12.580200195,12.651679993,0.071479999,23.503280640,_;_;_;400
3,132,deep_fast,vit_attention_fused_400_bytein,block35,800,32,204800,12.653400421,12.727439880,0.074040003,23.503280640,_;_;400
3,133,deep_fast,vit_project_frag,block35,1600,32,409600,12.729680061,12.816960335,0.087279998,23.503280640,_;_;_;_;400;1024;1024
3,134,deep_fast,vit_pack_input,block36,400,256,102400,12.819160461,12.867119789,0.047959998,23.503280640,_;_;409600
3,135,deep_fast,vit_expand_blocked_fp8_frag_bytein,block36,1600,32,1638400,12.873120308,12.946680069,0.073559999,23.503280640,_;_;_;400;1024;4096
3,136,deep_fast,vit_contract_blocked_fp8_frag,block36,400,32,409600,12.948920250,13.030799866,0.081880003,23.503280640,_;_;_;_;400;4096;1024
3,137,deep_fast,vit_qkv_project_normalize_fused_f16compact_fp8_frag,block36,2400,32,1228800,13.033040047,13.126000404,0.092960000,23.503280640,_;_;_;400
3,138,deep_fast,vit_attention_fused_400_bytein,block36,800,32,204800,13.127719879,13.202759743,0.075039998,23.503280640,_;_;400
3,139,deep_fast,vit_project_frag,block36,1600,32,409600,13.204999924,13.293040276,0.088040002,23.503280640,_;_;_;_;400;1024;1024
3,140,deep_fast,vit_pack_input,block37,400,256,102400,13.295280457,13.343239784,0.047959998,23.503280640,_;_;409600
3,141,deep_fast,vit_expand_blocked_fp8_frag_bytein,block37,1600,32,1638400,13.347800255,13.422719955,0.074919999,23.503280640,_;_;_;400;1024;4096
3,142,deep_fast,vit_contract_blocked_fp8_frag,block37,400,32,409600,13.425000191,13.506879807,0.081880003,23.503280640,_;_;_;_;400;4096;1024
3,143,deep_fast,vit_qkv_project_normalize_fused_f16compact_fp8_frag,block37,2400,32,1228800,13.509079933,13.600239754,0.091159999,23.503280640,_;_;_;400
3,144,deep_fast,vit_attention_fused_400_bytein,block37,800,32,204800,13.601960182,13.676320076,0.074359998,23.503280640,_;_;400
3,145,deep_fast,vit_project_frag,block37,1600,32,409600,13.678560257,13.763600349,0.085040003,23.503280640,_;_;_;_;400;1024;1024
3,146,deep_fast,vit_pack_input,block38,400,256,102400,13.765839577,13.816200256,0.050360002,23.503280640,_;_;409600
3,147,deep_fast,vit_expand_blocked_fp8_frag_bytein,block38,1600,32,1638400,13.820799828,13.871800423,0.050999999,23.503280640,_;_;_;400;1024;4096
3,148,deep_fast,vit_contract_blocked_fp8_frag,block38,400,32,409600,13.874079704,13.955760002,0.081680000,23.503280640,_;_;_;_;400;4096;1024
3,149,deep_fast,vit_qkv_project_normalize_fused_f16compact_fp8_frag,block38,2400,32,1228800,13.958000183,14.053680420,0.095679998,23.503280640,_;_;_;400
3,150,deep_fast,vit_attention_fused_400_bytein,block38,800,32,204800,14.055359840,14.128439903,0.073080003,23.503280640,_;_;400
3,151,deep_fast,vit_project_frag,block38,1600,32,409600,14.130680084,14.215720177,0.085040003,23.503280640,_;_;_;_;400;1024;1024
3,152,deep,vit_gather,block39,1600,256,409600,14.217880249,14.269920349,0.052040000,23.503280640,_;_;_;409600
3,153,deep_fast,decoder_project2x_h16w,block39,800,32,204800,14.275159836,14.325400352,0.050239999,23.503280640,_;_;_;_;25;16;50;30;1024;512
3,154,mh,mh_shift_pack,block40,3584,256,917504,14.328359604,14.383199692,0.054839998,23.503280640,_;_;50;30;56;32;0;0;512;0
3,155,deep_fast,split_mix_blocked_h16w,block40,896,32,917504,14.389439583,14.453639984,0.064199999,23.503280640,_;_;_;1792
3,156,deep_fast,split_ffn_fused_fp8_t8,block40,896,128,917504,14.456959724,14.521960258,0.064999998,23.503280640,_;_;_;_;1792
3,157,deep_fast,split_projection_frag,block40,896,32,917504,14.523559570,14.579039574,0.055480000,23.503280640,_;_;_;_;_;1792
3,158,mh_fast,mh_qkv_normalize_frag_c512,block40,2688,32,2752512,14.582880020,14.657320023,0.074440002,23.503280640,_;_;_;1792
3,159,mh_fused,mh_attention_fused_fp8_out,block40,448,128,448,14.658720016,14.720120430,0.061400000,23.503280640,_;_;_;56;32;512
3,160,mh_fast,mh_attention_project_frag_c512,block40,896,32,917504,14.721639633,14.783639908,0.061999999,23.503280640,_;_;_;_;1792;0;50;30;56;0;0
3,161,mh,mh_shift_pack,block41,4480,256,1146880,14.786640167,14.871720314,0.085079998,23.503280640,_;_;50;30;56;40;4;4;512;0
3,162,deep_fast,split_mix_blocked_h16w,block41,1120,32,1146880,14.879520416,14.949119568,0.069600001,23.503280640,_;_;_;2240
3,163,deep_fast,split_ffn_fused_fp8_t8,block41,1120,128,1146880,14.952960014,15.021599770,0.068640001,23.503280640,_;_;_;_;2240
3,164,deep_fast,split_projection_frag,block41,1120,32,1146880,15.023079872,15.083640099,0.060559999,23.503280640,_;_;_;_;_;2240
3,165,mh_fast,mh_qkv_normalize_frag_c512,block41,3360,32,3440640,15.087840080,15.166000366,0.078160003,23.503280640,_;_;_;2240
3,166,mh_fused,mh_attention_fused_fp8_out,block41,560,128,560,15.168600082,15.205800056,0.037200000,23.503280640,_;_;_;56;40;512
3,167,mh_fast,mh_attention_project_frag_c512,block41,1120,32,1146880,15.207200050,15.271360397,0.064159997,23.503280640,_;_;_;_;2240;0;50;30;56;4;4
3,168,mh,mh_shift_pack,block44,3584,256,917504,15.274399757,15.329680443,0.055280000,23.503280640,_;_;50;30;56;32;0;0;512;0
3,169,deep_fast,split_mix_blocked_h16w,block44,896,32,917504,15.336279869,15.398480415,0.062199999,23.503280640,_;_;_;1792
3,170,deep_fast,split_ffn_fused_fp8_t8,block44,896,128,917504,15.401760101,15.466320038,0.064560004,23.503280640,_;_;_;_;1792
3,171,deep_fast,split_projection_frag,block44,896,32,917504,15.467880249,15.523200035,0.055319998,23.503280640,_;_;_;_;_;1792
3,172,mh_fast,mh_qkv_normalize_frag_c512,block44,2688,32,2752512,15.527000427,15.602160454,0.075159997,23.503280640,_;_;_;1792
3,173,mh_fused,mh_attention_fused_fp8_out,block44,448,128,448,15.603560448,15.663760185,0.060199998,23.503280640,_;_;_;56;32;512
3,174,mh_fast,mh_attention_project_frag_c512,block44,896,32,917504,15.665280342,15.733160019,0.067879997,23.503280640,_;_;_;_;1792;0;50;30;56;0;0
3,175,mh,mh_shift_pack,block45,4480,256,1146880,15.736160278,15.795040131,0.058880001,23.503280640,_;_;50;30;56;40;4;4;512;0
3,176,deep_fast,split_mix_blocked_h16w,block45,1120,32,1146880,15.853759766,15.854280472,0.000520000,23.503280640,_;_;_;2240
3,177,deep_fast,split_ffn_fused_fp8_t8,block45,1120,128,1146880,15.918600082,15.919079781,0.000480000,23.503280640,_;_;_;_;2240
3,178,deep_fast,split_projection_frag,block45,1120,32,1146880,15.952799797,15.953280449,0.000480000,23.503280640,_;_;_;_;_;2240
3,179,mh_fast,mh_qkv_normalize_frag_c512,block45,3360,32,3440640,15.957519531,16.038440704,0.080920003,23.503280640,_;_;_;2240
3,180,mh_fused,mh_attention_fused_fp8_out,block45,560,128,560,16.039880753,16.097959518,0.058079999,23.503280640,_;_;_;56;40;512
3,181,mh_fast,mh_attention_project_frag_c512,block45,1120,32,1146880,16.099399567,16.169719696,0.070320003,23.503280640,_;_;_;_;2240;0;50;30;56;4;4
3,182,mh,mh_shift_pack,block47,4480,256,1146880,16.172760010,16.227680206,0.054919999,23.503280640,_;_;50;30;56;40;0;4;512;0
3,183,deep_fast,split_mix_blocked_h16w,block47,1120,32,1146880,16.234239578,16.306560516,0.072319999,23.503280640,_;_;_;2240
3,184,deep_fast,split_ffn_fused_fp8_t8,block47,1120,128,1146880,16.310400009,16.377719879,0.067319997,23.503280640,_;_;_;_;2240
3,185,deep_fast,split_projection_frag,block47,1120,32,1146880,16.379199982,16.435960770,0.056759998,23.503280640,_;_;_;_;_;2240
3,186,mh_fast,mh_qkv_normalize_frag_c512,block47,3360,32,3440640,16.440280914,16.517759323,0.077480003,23.503280640,_;_;_;2240
3,187,mh_fused,mh_attention_fused_fp8_out,block47,560,128,560,16.520320892,16.557199478,0.036880001,23.503280640,_;_;_;56;40;512
3,188,mh_fast,mh_attention_project_frag_c512,block47,1120,32,1146880,16.558599472,16.622600555,0.064000003,23.503280640,_;_;_;_;2240;0;50;30;56;0;4
3,189,deep_fast,decoder_project2x_h16w_byteout,block48,1504,32,384000,16.625640869,16.721040726,0.095399998,23.503280640,_;_;_;_;50;30;100;60;512;256
3,190,mh_fast,mh_ffn_fused_c256_frag_project_mapped_g128_qkv_bytein_fb,block48,416,512,1703936,16.723079681,16.827640533,0.104560003,23.503280640,_;_;_;_;_;6656;100;60;104;0;0
3,191,mh_fused,c256_attention_project_fb_bout_diag,block48,104,512,104,16.829080582,16.910520554,0.081440002,23.503280640,_;_;_;_;104;64;0;100;60;0;0
3,192,mh_fast,mh_ffn_fused_c256_frag_project_mapped_g128_qkv_bytein_fb,block49,416,512,1703936,16.912200928,17.017280579,0.105080001,23.503280640,_;_;_;_;_;6656;100;60;104;4;4
3,193,mh_fused,c256_attention_project_fb_bout_diag,block49,104,512,104,17.018840790,17.103399277,0.084559999,23.503280640,_;_;_;_;104;64;4;100;60;4;4
3,194,mh_fast,mh_ffn_fused_c256_frag_project_mapped_g128_qkv_bytein_fb,block50,416,512,1703936,17.105159760,17.209320068,0.104160003,23.503280640,_;_;_;_;_;6656;100;60;104;4;0
3,195,mh_fused,c256_attention_project_fb_bout_diag,block50,104,512,104,17.210720062,17.297079086,0.086360000,23.503280640,_;_;_;_;104;64;4;100;60;4;0
3,196,mh_fast,mh_ffn_fused_c256_frag_project_mapped_g128_qkv_bytein_fb,block51,416,512,1703936,17.298759460,17.403440475,0.104680002,23.503280640,_;_;_;_;_;6656;100;60;104;0;4
3,197,mh_fused,c256_attention_project_fb_bout_diag,block51,104,512,104,17.405000687,17.488719940,0.083719999,23.503280640,_;_;_;_;104;64;4;100;60;0;4
3,198,mh_fast,mh_ffn_fused_c256_frag_project_mapped_g128_qkv_bytein_fb,block52,416,512,1703936,17.490400314,17.594560623,0.104160003,23.503280640,_;_;_;_;_;6656;100;60;104;0;0
3,199,mh_fused,c256_attention_project_fb_bout_diag,block52,104,512,104,17.596000671,17.681840897,0.085840002,23.503280640,_;_;_;_;104;64;4;100;60;0;0
3,200,mh_fast,mh_ffn_fused_c256_frag_project_mapped_g128_qkv_bytein_fb,block53,416,512,1703936,17.683519363,17.789880753,0.106360003,23.503280640,_;_;_;_;_;6656;100;60;104;4;4
3,201,mh_fused,c256_attention_project_fb_bout_diag,block53,104,512,104,17.791400909,17.899000168,0.107600003,23.503280640,_;_;_;_;104;64;4;100;60;4;4
3,202,mh_fast,mh_ffn_fused_c256_frag_project_mapped_g128_qkv_bytein_fb,block54,416,512,1703936,17.900760651,18.004560471,0.103799999,23.503280640,_;_;_;_;_;6656;100;60;104;4;0
3,203,mh_fused,c256_attention_project_fb_bout_diag,block54,104,512,104,18.006000519,18.091760635,0.085759997,23.503280640,_;_;_;_;104;64;4;100;60;4;0
3,204,mh_fast,mh_ffn_fused_c256_frag_project_mapped_g128_qkv_bytein_fb,block55,416,512,1703936,18.093479156,18.198640823,0.105159998,23.503280640,_;_;_;_;_;6656;100;60;104;0;4
3,205,mh_fused,c256_attention_project_fb_diag,block55,104,512,104,18.200319290,18.287879944,0.087559998,23.503280640,_;_;_;_;104;64;0;100;60;0;4
3,206,deep_fast,decoder_project2x_h16w_byteout,block56,3000,32,768000,18.387920380,18.388399124,0.000480000,23.503280640,_;_;_;_;100;60;200;120;256;128
3,207,mh_fast,mh_ffn_fused_c128_project_mapped_g128_qkv_bytein_fb,block56,1560,256,3194880,18.390279770,18.510839462,0.120559998,23.503280640,_;_;_;_;_;24960;200;120;208;4;0
3,208,mh_fused,c128_attention_project_fb_bout_diag,block56,390,512,390,18.512359619,18.604040146,0.091679998,23.503280640,_;_;_;_;208;120;4;200;120;4;0
3,209,mh_fast,mh_ffn_fused_c128_project_mapped_g128_qkv_bytein_fb,block57,1600,256,3276800,18.605480194,18.725679398,0.120200001,23.503280640,_;_;_;_;_;25600;200;120;200;0;4
3,210,mh_fused,c128_attention_project_fb_bout_diag,block57,400,512,400,18.728319168,18.823280334,0.094959997,23.503280640,_;_;_;_;200;128;4;200;120;0;4
3,211,mh_fast,mh_ffn_fused_c128_project_g128_qkv_bytein_fb,block58,1500,256,3072000,18.824720383,18.943279266,0.118560001,23.503280640,_;_;_;_;_;24000;200;120;200;0;0
3,212,mh_fused,c128_attention_project_fb_bout_diag,block58,375,512,375,18.944639206,19.027919769,0.083279997,23.503280640,_;_;_;_;200;120;4;0;0;0;0
3,213,mh_fast,mh_ffn_fused_c128_project_mapped_g128_qkv_bytein_fb,block59,1664,256,3407872,19.029359818,19.155719757,0.126359999,23.503280640,_;_;_;_;_;26624;200;120;208;4;4
3,214,mh_fused,c128_attention_project_fb_bout_diag,block59,416,512,416,19.163480759,19.250959396,0.087480001,23.503280640,_;_;_;_;208;128;4;200;120;4;4
3,215,mh_fast,mh_ffn_fused_c128_project_mapped_g128_qkv_bytein_fb,block60,1560,256,3194880,19.252399445,19.380479813,0.128079996,23.503280640,_;_;_;_;_;24960;200;120;208;4;0
3,216,mh_fused,c128_attention_project_fb_bout_diag,block60,390,512,390,19.381879807,19.473840714,0.091959998,23.503280640,_;_;_;_;208;120;4;200;120;4;0
3,217,mh_fast,mh_ffn_fused_c128_project_mapped_g128_qkv_bytein_fb,block61,1600,256,3276800,19.475360870,19.595239639,0.119879998,23.503280640,_;_;_;_;_;25600;200;120;200;0;4
3,218,mh_fused,c128_attention_project_fb_diag,block61,400,512,400,19.603439331,19.694959641,0.091519997,23.503280640,_;_;_;_;200;128;0;200;120;0;4
3,219,deep_fast,decoder_project2x_h16w_byteout,block62,6000,32,1536000,19.696559906,19.818080902,0.121519998,23.503280640,_;_;_;_;200;120;400;240;128;64
3,220,mh_fast,mh_ffn_fused_c64_project_g128_qkv_bytein_fb,block62,6000,128,6144000,19.820400238,19.958280563,0.137879997,23.503280640,_;_;_;_;_;96000;400;240;400;0;0
3,221,mh_fused,c64_attention_project_fb_bout_diag,block62,1500,256,1500,19.959760666,20.067880630,0.108120002,23.503280640,_;_;_;_;400;240;4;0;0;0;0
3,222,mh_fast,mh_ffn_fused_c64_project_mapped_g128_qkv_bytein_fb,block63,6324,128,6475776,20.069280624,20.236719131,0.167439997,23.503280640,_;_;_;_;_;101184;400;240;408;4;4
3,223,mh_fused,c64_attention_project_fb_bout_diag,block63,1581,256,1581,20.238159180,20.364839554,0.126680002,23.503280640,_;_;_;_;408;248;4;400;240;4;4
3,224,mh_fast,mh_ffn_fused_c64_project_mapped_g128_qkv_bytein_fb,block64,6120,128,6266880,20.366279602,20.528640747,0.162359998,23.503280640,_;_;_;_;_;97920;400;240;408;4;0
3,225,mh_fused,c64_attention_project_fb_bout_diag,block64,1530,256,1530,20.530080795,20.654359818,0.124279998,23.503280640,_;_;_;_;408;240;4;400;240;4;0
3,226,mh_fast,mh_ffn_fused_c64_project_mapped_g128_qkv_bytein_fb,block65,6200,128,6348800,20.655839920,20.819919586,0.164079994,23.503280640,_;_;_;_;_;99200;400;240;400;0;4
3,227,mh_fused,c64_attention_project_fb_diag,block65,1550,256,1550,20.821279526,20.952920914,0.131640002,23.503280640,_;_;_;_;400;248;0;400;240;0;4
3,228,deep_fast,decoder_project2x_h16w,block69,12000,32,3072000,20.954519272,21.191799164,0.237279996,23.503280640,_;_;_;_;400;240;800;480;64;32
3,229,c32_fused_ffn,c32_fast_ffn_attention_fused_half_mapped,block69,6000,128,6000,21.194839478,21.489080429,0.294239998,23.503280640,_;_;_;_;6000;0;1;800;480;0;0
3,230,c32_fused_ffn,c32_fast_ffn_attention_fused_half_chain,block69,6161,128,6161,21.490480423,21.777379990,0.286900014,23.503280640,_;_;_;_;6161;3;1;800;480;4;4;800;0;0
3,231,c32_fused_ffn,c32_fast_ffn_attention_fused_half_chain,block69,6060,128,6060,21.778980255,22.059379578,0.280400008,23.503280640,_;_;_;_;6060;3;1;800;480;4;0;808;4;4
3,232,c32_fused_ffn,c32_fast_ffn_attention_fused_half_chain_finish,block69,6100,128,6100,22.061019897,22.366579056,0.305559993,23.503280640,_;_;_;_;_;6100;3;1;800;480;0;4;808;4;0
3,233,c32_fused_ffn,c32_post_merge_head_half,block70,24321,128,24321,22.368219376,23.470779419,1.102560043,23.503280640,_;_;_;_;_;_;_;_;24321;1600;960;4;4;_
4,0,c32_fused_ffn,c32_fast_ffn_attention_fused_half_prefix_finish_main8,pre-down,24000,128,24000,0.004360000,1.113039970,1.108680010,23.523279190,_;_;_;_;_;_;24000;0;1;1600;960;0;0
4,1,c32_fused_ffn,c32_fast_ffn_attention_fused_half_mapped,block4,6000,128,6000,1.114560008,1.424520016,0.309960008,23.523279190,_;_;_;_;6000;0;1;800;480;0;0
4,2,c32_fused_ffn,c32_fast_ffn_attention_fused_half_chain,block4,6161,128,6161,1.425920010,1.709679961,0.283760011,23.523279190,_;_;_;_;6161;3;1;800;480;4;4;800;0;0
4,3,c32_fused_ffn,c32_fast_ffn_attention_fused_half_chain,block4,6060,128,6060,1.711279988,1.990039945,0.278759986,23.523279190,_;_;_;_;6060;3;1;800;480;4;0;808;4;4
4,4,c32_fused_ffn,c32_fast_ffn_attention_fused_half_chain_finish_dcrop,block4,6100,128,6100,1.991600037,2.307440042,0.315840006,23.523279190,_;_;_;_;_;6100;3;1;800;480;0;4;808;4;0
4,5,mh_fast,mh_pool_project_production_h16w,block5,24000,32,6144000,2.309079885,2.394200087,0.085120000,23.523279190,_;_;_;400;240;0;0;32
4,6,mh_fast,mh_ffn_fused_c64_project_g128_qkv_fb,block5,6000,128,6144000,2.401200056,2.546439886,0.145239994,23.523279190,_;_;_;_;_;96000;400;240;400;0;0
4,7,mh_fused,c64_attention_project_fb_bout_diag,block5,1500,256,1500,2.547840118,2.656039953,0.108199999,23.523279190,_;_;_;_;400;240;4;0;0;0;0
4,8,mh_fast,mh_ffn_fused_c64_project_mapped_g128_qkv_bytein_fb,block6,6324,128,6475776,2.657439947,2.824120045,0.166679993,23.523279190,_;_;_;_;_;101184;400;240;408;4;4
4,9,mh_fused,c64_attention_project_fb_bout_diag,block6,1581,256,1581,2.825479984,2.952120066,0.126640007,23.523279190,_;_;_;_;408;248;4;400;240;4;4
4,10,mh_fast,mh_ffn_fused_c64_project_mapped_g128_qkv_bytein_fb,block7,6120,128,6266880,2.953560114,3.116400003,0.162839994,23.523279190,_;_;_;_;_;97920;400;240;408;4;0
4,11,mh_fused,c64_attention_project_fb_bout_diag,block7,1530,256,1530,3.117759943,3.239559889,0.121799998,23.523279190,_;_;_;_;408;240;4;400;240;4;0
4,12,mh_fast,mh_ffn_fused_c64_project_mapped_g128_qkv_bytein_fb,block8,6200,128,6348800,3.241080046,3.404680014,0.163599998,23.523279190,_;_;_;_;_;99200;400;240;400;0;4
4,13,mh_fused,c64_attention_project_fb_diag,block8,1550,256,1550,3.406199932,3.524919987,0.118720002,23.523279190,_;_;_;_;400;248;3;400;240;0;4
4,14,mh_fast,mh_pool_project_group_c64,block9,1500,64,3072000,3.526479959,3.603399992,0.076920003,23.523279190,_;_;_;200;120;400;0;0
4,15,mh_fast,mh_ffn_fused_c128_project_g128_qkv_fb,block9,1500,256,3072000,3.607880116,3.726560116,0.118680000,23.523279190,_;_;_;_;_;24000;200;120;200;0;0
4,16,mh_fused,c128_attention_project_fb_bout_diag,block9,375,512,375,3.727920055,3.811399937,0.083480000,23.523279190,_;_;_;_;200;120;4;0;0;0;0
4,17,mh_fast,mh_ffn_fused_c128_project_mapped_g128_qkv_bytein_fb,block10,1664,256,3407872,3.812839985,3.937000036,0.124159999,23.523279190,_;_;_;_;_;26624;200;120;208;4;4
4,18,mh_fused,c128_attention_project_fb_bout_diag,block10,416,512,416,3.945240021,4.031839848,0.086599998,23.523279190,_;_;_;_;208;128;4;200;120;4;4
4,19,mh_fast,mh_ffn_fused_c128_project_mapped_g128_qkv_bytein_fb,block11,1560,256,3194880,4.033319950,4.163519859,0.130199999,23.523279190,_;_;_;_;_;24960;200;120;208;4;0
4,20,mh_fused,c128_attention_project_fb_bout_diag,block11,390,512,390,4.164919853,4.256480217,0.091559999,23.523279190,_;_;_;_;208;120;4;200;120;4;0
4,21,mh_fast,mh_ffn_fused_c128_project_mapped_g128_qkv_bytein_fb,block12,1600,256,3276800,4.257959843,4.378119946,0.120159999,23.523279190,_;_;_;_;_;25600;200;120;200;0;4
4,22,mh_fused,c128_attention_project_fb_bout_diag,block12,400,512,400,4.384960175,4.472959995,0.088000000,23.523279190,_;_;_;_;200;128;4;200;120;0;4
4,23,mh_fast,mh_ffn_fused_c128_project_g128_qkv_bytein_fb,block13,1500,256,3072000,4.474400043,4.591440201,0.117040001,23.523279190,_;_;_;_;_;24000;200;120;200;0;0
4,24,mh_fused,c128_attention_project_fb_bout_diag,block13,375,512,375,4.594079971,4.677279949,0.083200000,23.523279190,_;_;_;_;200;120;4;0;0;0;0
4,25,mh_fast,mh_ffn_fused_c128_project_mapped_g128_qkv_bytein_fb,block14,1664,256,3407872,4.678760052,4.804440022,0.125680000,23.523279190,_;_;_;_;_;26624;200;120;208;4;4
4,26,mh_fused,c128_attention_project_fb_diag,block14,416,512,416,4.811279774,4.900159836,0.088880002,23.523279190,_;_;_;_;208;128;3;200;120;4;4
4,27,mh_fast,mh_pool_project_group_c128,block15,375,128,1536000,4.901919842,4.962240219,0.060320001,23.523279190,_;_;_;100;60;200;0;0
4,28,mh_fast,mh_ffn_fused_c256_frag_project_mapped_g128_qkv_fb,block15,416,512,1703936,4.966800213,5.072599888,0.105800003,23.523279190,_;_;_;_;_;6656;100;60;104;0;0
4,29,mh_fused,c256_attention_project_fb_bout_diag,block15,104,512,104,5.073999882,5.160719872,0.086719997,23.523279190,_;_;_;_;104;64;4;100;60;0;0
4,30,mh_fast,mh_ffn_fused_c256_frag_project_mapped_g128_qkv_bytein_fb,block16,416,512,1703936,5.162399769,5.270040035,0.107639998,23.523279190,_;_;_;_;_;6656;100;60;104;4;4
4,31,mh_fused,c256_attention_project_fb_bout_diag,block16,104,512,104,5.271599770,5.356319904,0.084720001,23.523279190,_;_;_;_;104;64;4;100;60;4;4
4,32,mh_fast,mh_ffn_fused_c256_frag_project_mapped_g128_qkv_bytein_fb,block17,416,512,1703936,5.358039856,5.462800026,0.104759999,23.523279190,_;_;_;_;_;6656;100;60;104;4;0
4,33,mh_fused,c256_attention_project_fb_bout_diag,block17,104,512,104,5.464200020,5.549640179,0.085440002,23.523279190,_;_;_;_;104;64;4;100;60;4;0
4,34,mh_fast,mh_ffn_fused_c256_frag_project_mapped_g128_qkv_bytein_fb,block18,416,512,1703936,5.551320076,5.658160210,0.106840000,23.523279190,_;_;_;_;_;6656;100;60;104;0;4
4,35,mh_fused,c256_attention_project_fb_bout_diag,block18,104,512,104,5.659719944,5.743559837,0.083839998,23.523279190,_;_;_;_;104;64;4;100;60;0;4
4,36,mh_fast,mh_ffn_fused_c256_frag_project_mapped_g128_qkv_bytein_fb,block19,416,512,1703936,5.745279789,5.850480080,0.105200000,23.523279190,_;_;_;_;_;6656;100;60;104;0;0
4,37,mh_fused,c256_attention_project_fb_bout_diag,block19,104,512,104,5.851840019,5.936999798,0.085160002,23.523279190,_;_;_;_;104;64;4;100;60;0;0
4,38,mh_fast,mh_ffn_fused_c256_frag_project_mapped_g128_qkv_bytein_fb,block20,416,512,1703936,5.938680172,6.046840191,0.108159997,23.523279190,_;_;_;_;_;6656;100;60;104;4;4
4,39,mh_fused,c256_attention_project_fb_bout_diag,block20,104,512,104,6.048319817,6.132480145,0.084160000,23.523279190,_;_;_;_;104;64;4;100;60;4;4
4,40,mh_fast,mh_ffn_fused_c256_frag_project_mapped_g128_qkv_bytein_fb,block21,416,512,1703936,6.134200096,6.241040230,0.106840000,23.523279190,_;_;_;_;_;6656;100;60;104;4;0
4,41,mh_fused,c256_attention_project_fb_bout_diag,block21,104,512,104,6.242400169,6.321000099,0.078599997,23.523279190,_;_;_;_;104;64;4;100;60;4;0
4,42,mh_fast,mh_ffn_fused_c256_frag_project_mapped_g128_qkv_bytein_fb,block22,416,512,1703936,6.322679996,6.433080196,0.110399999,23.523279190,_;_;_;_;_;6656;100;60;104;0;4
4,43,mh_fused,c256_attention_project_fb_diag,block22,104,512,104,6.434599876,6.519400120,0.084799998,23.523279190,_;_;_;_;104;64;3;100;60;0;4
4,44,mh_fast,mh_pool_project_group_c256,block23,94,256,768000,6.522039890,6.582039833,0.059999999,23.523279190,_;_;_;50;30;100;0;0
4,45,mh,mh_shift_pack,block23,3584,256,917504,6.585080147,6.640039921,0.054960001,23.523279190,_;_;50;30;56;32;0;0;512;0
4,46,deep_fast,split_mix_blocked_h16w,block23,896,32,917504,6.646359921,6.709360123,0.063000001,23.523279190,_;_;_;1792
4,47,deep_fast,split_ffn_fused_fp8_t8,block23,896,128,917504,6.712679863,6.775479794,0.062799998,23.523279190,_;_;_;_;1792
4,48,deep_fast,split_projection_frag,block23,896,32,917504,6.776999950,6.831960201,0.054960001,23.523279190,_;_;_;_;_;1792
4,49,mh_fast,mh_qkv_normalize_frag_c512,block23,2688,32,2752512,6.835760117,6.910920143,0.075159997,23.523279190,_;_;_;1792
4,50,mh_fused,mh_attention_fused_fp8_out,block23,448,128,448,6.912320137,6.972839832,0.060520001,23.523279190,_;_;_;56;32;512
4,51,mh_fast,mh_attention_project_frag_c512,block23,896,32,917504,6.974319935,7.040440083,0.066119999,23.523279190,_;_;_;_;1792;0;50;30;56;0;0
4,52,mh,mh_shift_pack,block24,4480,256,1146880,7.043399811,7.098599911,0.055199999,23.523279190,_;_;50;30;56;40;4;4;512;0
4,53,deep_fast,split_mix_blocked_h16w,block24,1120,32,1146880,7.106440067,7.175920010,0.069480002,23.523279190,_;_;_;2240
4,54,deep_fast,split_ffn_fused_fp8_t8,block24,1120,128,1146880,7.179759979,7.246880054,0.067120001,23.523279190,_;_;_;_;2240
4,55,deep_fast,split_projection_frag,block24,1120,32,1146880,7.248439789,7.309199810,0.060759999,23.523279190,_;_;_;_;_;2240
4,56,mh_fast,mh_qkv_normalize_frag_c512,block24,3360,32,3440640,7.396039963,7.396560192,0.000520000,23.523279190,_;_;_;2240
4,57,mh_fused,mh_attention_fused_fp8_out,block24,560,128,560,7.397960186,7.460400105,0.062440000,23.523279190,_;_;_;56;40;512
4,58,mh_fast,mh_attention_project_frag_c512,block24,1120,32,1146880,7.461800098,7.525640011,0.063840002,23.523279190,_;_;_;_;2240;0;50;30;56;4;4
4,59,mh,mh_shift_pack,block25,3584,256,917504,7.528639793,7.583159924,0.054520000,23.523279190,_;_;50;30;56;32;4;0;512;0
4,60,deep_fast,split_mix_blocked_h16w,block25,896,32,917504,7.589280128,7.652760029,0.063479997,23.523279190,_;_;_;1792
4,61,deep_fast,split_ffn_fused_fp8_t8,block25,896,128,917504,7.656000137,7.719480038,0.063479997,23.523279190,_;_;_;_;1792
4,62,deep_fast,split_projection_frag,block25,896,32,917504,7.721000195,7.776080132,0.055080000,23.523279190,_;_;_;_;_;1792
4,63,mh_fast,mh_qkv_normalize_frag_c512,block25,2688,32,2752512,7.779839993,7.847599983,0.067759998,23.523279190,_;_;_;1792
4,64,mh_fused,mh_attention_fused_fp8_out,block25,448,128,448,7.849040031,7.909480095,0.060440000,23.523279190,_;_;_;56;32;512
4,65,mh_fast,mh_attention_project_frag_c512,block25,896,32,917504,7.910999775,7.977920055,0.066919997,23.523279190,_;_;_;_;1792;0;50;30;56;4;0
4,66,mh,mh_shift_pack,block26,4480,256,1146880,7.980919838,8.036560059,0.055640001,23.523279190,_;_;50;30;56;40;0;4;512;0
4,67,deep_fast,split_mix_blocked_h16w,block26,1120,32,1146880,8.044440269,8.112520218,0.068080001,23.523279190,_;_;_;2240
4,68,deep_fast,split_ffn_fused_fp8_t8,block26,1120,128,1146880,8.116359711,8.182760239,0.066399999,23.523279190,_;_;_;_;2240
4,69,deep_fast,split_projection_frag,block26,1120,32,1146880,8.184280396,8.243359566,0.059080001,23.523279190,_;_;_;_;_;2240
4,70,mh_fast,mh_qkv_normalize_frag_c512,block26,3360,32,3440640,8.247639656,8.322119713,0.074479997,23.523279190,_;_;_;2240
4,71,mh_fused,mh_attention_fused_fp8_out,block26,560,128,560,8.323479652,8.390800476,0.067319997,23.523279190,_;_;_;56;40;512
4,72,mh_fast,mh_attention_project_frag_c512,block26,1120,32,1146880,8.392200470,8.462400436,0.070200004,23.523279190,_;_;_;_;2240;0;50;30;56;0;4
4,73,mh,mh_shift_pack,block27,3584,256,917504,8.465399742,8.512760162,0.047359999,23.523279190,_;_;50;30;56;32;0;0;512;0
4,74,deep_fast,split_mix_blocked_h16w,block27,896,32,917504,8.518959999,8.559160233,0.040199999,23.523279190,_;_;_;1792
4,75,deep_fast,split_ffn_fused_fp8_t8,block27,896,128,917504,8.562399864,8.621680260,0.059280001,23.523279190,_;_;_;_;1792
4,76,deep_fast,split_projection_frag,block27,896,32,917504,8.623279572,8.680480003,0.057200000,23.523279190,_;_;_;_;_;1792
4,77,mh_fast,mh_qkv_normalize_frag_c512,block27,2688,32,2752512,8.684240341,8.756560326,0.072319999,23.523279190,_;_;_;1792
4,78,mh_fused,mh_attention_fused_fp8_out,block27,448,128,448,8.757960320,8.817839622,0.059880000,23.523279190,_;_;_;56;32;512
4,79,mh_fast,mh_attention_project_frag_c512,block27,896,32,917504,8.819319725,8.885160446,0.065839998,23.523279190,_;_;_;_;1792;0;50;30;56;0;0
4,80,mh,mh_shift_pack,block28,4480,256,1146880,8.888079643,8.943599701,0.055520002,23.523279190,_;_;50;30;56;40;4;4;512;0
4,81,deep_fast,split_mix_blocked_h16w,block28,1120,32,1146880,8.951160431,9.020799637,0.069640003,23.523279190,_;_;_;2240
4,82,deep_fast,split_ffn_fused_fp8_t8,block28,1120,128,1146880,9.024640083,9.090319633,0.065679997,23.523279190,_;_;_;_;2240
4,83,deep_fast,split_projection_frag,block28,1120,32,1146880,9.091839790,9.149800301,0.057960000,23.523279190,_;_;_;_;_;2240
4,84,mh_fast,mh_qkv_normalize_frag_c512,block28,3360,32,3440640,9.153960228,9.230839729,0.076880001,23.523279190,_;_;_;2240
4,85,mh_fused,mh_attention_fused_fp8_out,block28,560,128,560,9.233599663,9.270480156,0.036880001,23.523279190,_;_;_;56;40;512
4,86,mh_fast,mh_attention_project_frag_c512,block28,1120,32,1146880,9.271880150,9.337360382,0.065480001,23.523279190,_;_;_;_;2240;0;50;30;56;4;4
4,87,mh,mh_shift_pack,block29,3584,256,917504,9.340359688,9.394920349,0.054559998,23.523279190,_;_;50;30;56;32;4;0;512;0
4,88,deep_fast,split_mix_blocked_h16w,block29,896,32,917504,9.401040077,9.464159966,0.063120000,23.523279190,_;_;_;1792
4,89,deep_fast,split_ffn_fused_fp8_t8,block29,896,128,917504,9.467439651,9.530520439,0.063079998,23.523279190,_;_;_;_;1792
4,90,deep_fast,split_projection_frag,block29,896,32,917504,9.531999588,9.589200020,0.057200000,23.523279190,_;_;_;_;_;1792
4,91,mh_fast,mh_qkv_normalize_frag_c512,block29,2688,32,2752512,9.593000412,9.666080475,0.073080003,23.523279190,_;_;_;1792
4,92,mh_fused,mh_attention_fused_fp8_out,block29,448,128,448,9.667480469,9.728199959,0.060720000,23.523279190,_;_;_;56;32;512
4,93,mh_fast,mh_attention_project_frag_c512,block29,896,32,917504,9.729680061,9.795359612,0.065679997,23.523279190,_;_;_;_;1792;0;50;30;56;4;0
4,94,mh,mh_shift_pack,block30,4480,256,1146880,9.798319817,9.853560448,0.055240002,23.523279190,_;_;50;30;56;40;0;4;512;0
4,95,deep_fast,split_mix_blocked_h16w,block30,1120,32,1146880,9.860119820,9.929679871,0.069559999,23.523279190,_;_;_;2240
4,96,deep_fast,split_ffn_fused_fp8_t8,block30,1120,128,1146880,9.933520317,10.001440048,0.067919999,23.523279190,_;_;_;_;2240
4,97,deep_fast,split_projection_frag,block30,1120,32,1146880,10.002920151,10.060720444,0.057799999,23.523279190,_;_;_;_;_;2240
4,98,mh_fast,mh_qkv_normalize_frag_c512,block30,3360,32,3440640,10.064999580,10.141519547,0.076520003,23.523279190,_;_;_;2240
4,99,mh_fused,mh_attention_fused_fp8_out,block30,560,128,560,10.144160271,10.203160286,0.059000000,23.523279190,_;_;_;56;40;512
4,100,mh_fast,mh_attention_project_frag_c512,block30,1120,32,1146880,10.204560280,10.278320312,0.073760003,23.523279190,_;_;_;_;2240;3;50;30;56;0;4
4,101,mh,mh_pool,head,800,256,204800,10.281319618,10.332719803,0.051399998,23.523279190,_;_;25;16;50;25;15;512
4,102,mh_fast,mh_pool_project_production_h16w,head,1600,32,409600,10.339159966,10.428879738,0.089720003,23.523279190,_;_;_;25;16;25;15;512
4,103,deep,vit_gather,block31,1600,256,409600,10.431159973,10.482399940,0.051240001,23.523279190,_;_;_;409600
4,104,deep_fast,vit_pack_input,block31,400,256,102400,10.489000320,10.538880348,0.049880002,23.523279190,_;_;409600
4,105,deep_fast,vit_expand_blocked_fp8_frag_bytein,block31,1600,32,1638400,10.545080185,10.624520302,0.079439998,23.523279190,_;_;_;400;1024;4096
4,106,deep_fast,vit_contract_blocked_fp8_frag,block31,400,32,409600,10.626759529,10.706640244,0.079879999,23.523279190,_;_;_;_;400;4096;1024
4,107,deep_fast,vit_qkv_project_normalize_fused_f16compact_fp8_frag,block31,2400,32,1228800,10.708880424,10.799639702,0.090760000,23.523279190,_;_;_;400
4,108,deep_fast,vit_attention_fused_400_bytein,block31,800,32,204800,10.801360130,10.874480247,0.073119998,23.523279190,_;_;400
4,109,deep_fast,vit_project_frag,block31,1600,32,409600,10.876680374,10.960160255,0.083480000,23.523279190,_;_;_;_;400;1024;1024
4,110,deep_fast,vit_pack_input,block32,400,256,102400,10.962360382,11.013400078,0.051040001,23.523279190,_;_;409600
4,111,deep_fast,vit_expand_blocked_fp8_frag_bytein,block32,1600,32,1638400,11.019359589,11.071000099,0.051640000,23.523279190,_;_;_;400;1024;4096
4,112,deep_fast,vit_contract_blocked_fp8_frag,block32,400,32,409600,11.073280334,11.154239655,0.080959998,23.523279190,_;_;_;_;400;4096;1024
4,113,deep_fast,vit_qkv_project_normalize_fused_f16compact_fp8_frag,block32,2400,32,1228800,11.156519890,11.247280121,0.090760000,23.523279190,_;_;_;400
4,114,deep_fast,vit_attention_fused_400_bytein,block32,800,32,204800,11.248999596,11.321840286,0.072839998,23.523279190,_;_;400
4,115,deep_fast,vit_project_frag,block32,1600,32,409600,11.324159622,11.408359528,0.084200002,23.523279190,_;_;_;_;400;1024;1024
4,116,deep_fast,vit_pack_input,block33,400,256,102400,11.410559654,11.459119797,0.048560001,23.523279190,_;_;409600
4,117,deep_fast,vit_expand_blocked_fp8_frag_bytein,block33,1600,32,1638400,11.465040207,11.539919853,0.074879996,23.523279190,_;_;_;400;1024;4096
4,118,deep_fast,vit_contract_blocked_fp8_frag,block33,400,32,409600,11.542200089,11.623840332,0.081639998,23.523279190,_;_;_;_;400;4096;1024
4,119,deep_fast,vit_qkv_project_normalize_fused_f16compact_fp8_frag,block33,2400,32,1228800,11.626040459,11.715439796,0.089400001,23.523279190,_;_;_;400
4,120,deep_fast,vit_attention_fused_400_bytein,block33,800,32,204800,11.717120171,11.791480064,0.074359998,23.523279190,_;_;400
4,121,deep_fast,vit_project_frag,block33,1600,32,409600,11.793720245,11.878199577,0.084480003,23.523279190,_;_;_;_;400;1024;1024
4,122,deep_fast,vit_pack_input,block34,400,256,102400,11.880439758,11.929120064,0.048680000,23.523279190,_;_;409600
4,123,deep_fast,vit_expand_blocked_fp8_frag_bytein,block34,1600,32,1638400,11.935359955,11.986920357,0.051560000,23.523279190,_;_;_;400;1024;4096
4,124,deep_fast,vit_contract_blocked_fp8_frag,block34,400,32,409600,11.989159584,12.072400093,0.083240002,23.523279190,_;_;_;_;400;4096;1024
4,125,deep_fast,vit_qkv_project_normalize_fused_f16compact_fp8_frag,block34,2400,32,1228800,12.074640274,12.171759605,0.097120002,23.523279190,_;_;_;400
4,126,deep_fast,vit_attention_fused_400_bytein,block34,800,32,204800,12.173439980,12.247799873,0.074359998,23.523279190,_;_;400
4,127,deep_fast,vit_project_frag,block34,1600,32,409600,12.250040054,12.335639954,0.085600004,23.523279190,_;_;_;_;400;1024;1024
4,128,deep_fast,vit_pack_input,block35,400,256,102400,12.337840080,12.386679649,0.048840001,23.523279190,_;_;409600
4,129,deep_fast,vit_expand_blocked_fp8_frag_bytein,block35,1600,32,1638400,12.392919540,12.444399834,0.051479999,23.523279190,_;_;_;400;1024;4096
4,130,deep_fast,vit_contract_blocked_fp8_frag,block35,400,32,409600,12.446640015,12.527239799,0.080600001,23.523279190,_;_;_;_;400;4096;1024
4,131,deep_fast,vit_qkv_project_normalize_fused_f16compact_fp8_frag,block35,2400,32,1228800,12.529479980,12.622719765,0.093240000,23.523279190,_;_;_;400
4,132,deep_fast,vit_attention_fused_400_bytein,block35,800,32,204800,12.624440193,12.698679924,0.074239999,23.523279190,_;_;400
4,133,deep_fast,vit_project_frag,block35,1600,32,409600,12.700920105,12.787719727,0.086800002,23.523279190,_;_;_;_;400;1024;1024
4,134,deep_fast,vit_pack_input,block36,400,256,102400,12.789919853,12.838239670,0.048319999,23.523279190,_;_;409600
4,135,deep_fast,vit_expand_blocked_fp8_frag_bytein,block36,1600,32,1638400,12.844440460,12.895959854,0.051520001,23.523279190,_;_;_;400;1024;4096
4,136,deep_fast,vit_contract_blocked_fp8_frag,block36,400,32,409600,12.898200035,12.979120255,0.080920003,23.523279190,_;_;_;_;400;4096;1024
4,137,deep_fast,vit_qkv_project_normalize_fused_f16compact_fp8_frag,block36,2400,32,1228800,12.981399536,13.073240280,0.091839999,23.523279190,_;_;_;400
4,138,deep_fast,vit_attention_fused_400_bytein,block36,800,32,204800,13.074919701,13.148679733,0.073760003,23.523279190,_;_;400
4,139,deep_fast,vit_project_frag,block36,1600,32,409600,13.150959969,13.235079765,0.084119998,23.523279190,_;_;_;_;400;1024;1024
4,140,deep_fast,vit_pack_input,block37,400,256,102400,13.237319946,13.288760185,0.051440001,23.523279190,_;_;409600
4,141,deep_fast,vit_expand_blocked_fp8_frag_bytein,block37,1600,32,1638400,13.293760300,13.373319626,0.079559997,23.523279190,_;_;_;400;1024;4096
4,142,deep_fast,vit_contract_blocked_fp8_frag,block37,400,32,409600,13.375559807,13.456720352,0.081160001,23.523279190,_;_;_;_;400;4096;1024
4,143,deep_fast,vit_qkv_project_normalize_fused_f16compact_fp8_frag,block37,2400,32,1228800,13.458959579,13.550600052,0.091640003,23.523279190,_;_;_;400
4,144,deep_fast,vit_attention_fused_400_bytein,block37,800,32,204800,13.552280426,13.625559807,0.073279999,23.523279190,_;_;400
4,145,deep_fast,vit_project_frag,block37,1600,32,409600,13.627759933,13.711959839,0.084200002,23.523279190,_;_;_;_;400;1024;1024
4,146,deep_fast,vit_pack_input,block38,400,256,102400,13.714200020,13.763039589,0.048840001,23.523279190,_;_;409600
4,147,deep_fast,vit_expand_blocked_fp8_frag_bytein,block38,1600,32,1638400,13.769000053,13.821559906,0.052560002,23.523279190,_;_;_;400;1024;4096
4,148,deep_fast,vit_contract_blocked_fp8_frag,block38,400,32,409600,13.823840141,13.908359528,0.084519997,23.523279190,_;_;_;_;400;4096;1024
4,149,deep_fast,vit_qkv_project_normalize_fused_f16compact_fp8_frag,block38,2400,32,1228800,13.910599709,14.001759529,0.091159999,23.523279190,_;_;_;400
4,150,deep_fast,vit_attention_fused_400_bytein,block38,800,32,204800,14.003439903,14.100640297,0.097199999,23.523279190,_;_;400
4,151,deep_fast,vit_project_frag,block38,1600,32,409600,14.102919579,14.191760063,0.088840000,23.523279190,_;_;_;_;400;1024;1024
4,152,deep,vit_gather,block39,1600,256,409600,14.193960190,14.245280266,0.051320001,23.523279190,_;_;_;409600
4,153,deep_fast,decoder_project2x_h16w,block39,800,32,204800,14.252120018,14.298359871,0.046239998,23.523279190,_;_;_;_;25;16;50;30;1024;512
4,154,mh,mh_shift_pack,block40,3584,256,917504,14.301320076,14.354359627,0.053040002,23.523279190,_;_;50;30;56;32;0;0;512;0
4,155,deep_fast,split_mix_blocked_h16w,block40,896,32,917504,14.362199783,14.425239563,0.063040003,23.523279190,_;_;_;1792
4,156,deep_fast,split_ffn_fused_fp8_t8,block40,896,128,917504,14.428560257,14.492719650,0.064159997,23.523279190,_;_;_;_;1792
4,157,deep_fast,split_projection_frag,block40,896,32,917504,14.494239807,14.553159714,0.058920000,23.523279190,_;_;_;_;_;1792
4,158,mh_fast,mh_qkv_normalize_frag_c512,block40,2688,32,2752512,14.556960106,14.630359650,0.073399998,23.523279190,_;_;_;1792
4,159,mh_fused,mh_attention_fused_fp8_out,block40,448,128,448,14.631759644,14.694399834,0.062639996,23.523279190,_;_;_;56;32;512
4,160,mh_fast,mh_attention_project_frag_c512,block40,896,32,917504,14.695879936,14.757280350,0.061400000,23.523279190,_;_;_;_;1792;0;50;30;56;0;0
4,161,mh,mh_shift_pack,block41,4480,256,1146880,14.760279655,14.816280365,0.056000002,23.523279190,_;_;50;30;56;40;4;4;512;0
4,162,deep_fast,split_mix_blocked_h16w,block41,1120,32,1146880,14.822520256,14.893520355,0.071000002,23.523279190,_;_;_;2240
4,163,deep_fast,split_ffn_fused_fp8_t8,block41,1120,128,1146880,14.897359848,14.965680122,0.068319999,23.523279190,_;_;_;_;2240
4,164,deep_fast,split_projection_frag,block41,1120,32,1146880,14.967200279,15.025839806,0.058639999,23.523279190,_;_;_;_;_;2240
4,165,mh_fast,mh_qkv_normalize_frag_c512,block41,3360,32,3440640,15.030119896,15.108240128,0.078120001,23.523279190,_;_;_;2240
4,166,mh_fused,mh_attention_fused_fp8_out,block41,560,128,560,15.110919952,15.149080276,0.038160000,23.523279190,_;_;_;56;40;512
4,167,mh_fast,mh_attention_project_frag_c512,block41,1120,32,1146880,15.150520325,15.220600128,0.070079997,23.523279190,_;_;_;_;2240;0;50;30;56;4;4
4,168,mh,mh_shift_pack,block44,3584,256,917504,15.223640442,15.306119919,0.082479998,23.523279190,_;_;50;30;56;32;0;0;512;0
4,169,deep_fast,split_mix_blocked_h16w,block44,896,32,917504,15.313960075,15.376879692,0.062919997,23.523279190,_;_;_;1792
4,170,deep_fast,split_ffn_fused_fp8_t8,block44,896,128,917504,15.380120277,15.445280075,0.065159999,23.523279190,_;_;_;_;1792
4,171,deep_fast,split_projection_frag,block44,896,32,917504,15.446880341,15.502880096,0.056000002,23.523279190,_;_;_;_;_;1792
4,172,mh_fast,mh_qkv_normalize_frag_c512,block44,2688,32,2752512,15.506640434,15.579799652,0.073160000,23.523279190,_;_;_;1792
4,173,mh_fused,mh_attention_fused_fp8_out,block44,448,128,448,15.581159592,15.642439842,0.061280001,23.523279190,_;_;_;56;32;512
4,174,mh_fast,mh_attention_project_frag_c512,block44,896,32,917504,15.643919945,15.710359573,0.066440001,23.523279190,_;_;_;_;1792;0;50;30;56;0;0
4,175,mh,mh_shift_pack,block45,4480,256,1146880,15.713399887,15.772520065,0.059119999,23.523279190,_;_;50;30;56;40;4;4;512;0
4,176,deep_fast,split_mix_blocked_h16w,block45,1120,32,1146880,15.778719902,15.849479675,0.070759997,23.523279190,_;_;_;2240
4,177,deep_fast,split_ffn_fused_fp8_t8,block45,1120,128,1146880,15.853320122,15.920479774,0.067160003,23.523279190,_;_;_;_;2240
4,178,deep_fast,split_projection_frag,block45,1120,32,1146880,15.921999931,15.980640411,0.058639999,23.523279190,_;_;_;_;_;2240
4,179,mh_fast,mh_qkv_normalize_frag_c512,block45,3360,32,3440640,15.984919548,16.039039612,0.054120000,23.523279190,_;_;_;2240
4,180,mh_fused,mh_attention_fused_fp8_out,block45,560,128,560,16.040439606,16.102560043,0.062120002,23.523279190,_;_;_;56;40;512
4,181,mh_fast,mh_attention_project_frag_c512,block45,1120,32,1146880,16.103960037,16.176719666,0.072760001,23.523279190,_;_;_;_;2240;0;50;30;56;4;4
4,182,mh,mh_shift_pack,block47,4480,256,1146880,16.179719925,16.236759186,0.057039998,23.523279190,_;_;50;30;56;40;0;4;512;0
4,183,deep_fast,split_mix_blocked_h16w,block47,1120,32,1146880,16.244560242,16.315120697,0.070560001,23.523279190,_;_;_;2240
4,184,deep_fast,split_ffn_fused_fp8_t8,block47,1120,128,1146880,16.319000244,16.386640549,0.067639999,23.523279190,_;_;_;_;2240
4,185,deep_fast,split_projection_frag,block47,1120,32,1146880,16.388120651,16.446319580,0.058200002,23.523279190,_;_;_;_;_;2240
4,186,mh_fast,mh_qkv_normalize_frag_c512,block47,3360,32,3440640,16.450599670,16.525760651,0.075159997,23.523279190,_;_;_;2240
4,187,mh_fused,mh_attention_fused_fp8_out,block47,560,128,560,16.528360367,16.565280914,0.036920000,23.523279190,_;_;_;56;40;512
4,188,mh_fast,mh_attention_project_frag_c512,block47,1120,32,1146880,16.566719055,16.631399155,0.064680003,23.523279190,_;_;_;_;2240;0;50;30;56;0;4
4,189,deep_fast,decoder_project2x_h16w_byteout,block48,1504,32,384000,16.634399414,16.730600357,0.096199997,23.523279190,_;_;_;_;50;30;100;60;512;256
4,190,mh_fast,mh_ffn_fused_c256_frag_project_mapped_g128_qkv_bytein_fb,block48,416,512,1703936,16.732639313,16.837520599,0.104879998,23.523279190,_;_;_;_;_;6656;100;60;104;0;0
4,191,mh_fused,c256_attention_project_fb_bout_diag,block48,104,512,104,16.838920593,16.907279968,0.068360001,23.523279190,_;_;_;_;104;64;0;100;60;0;0
4,192,mh_fast,mh_ffn_fused_c256_frag_project_mapped_g128_qkv_bytein_fb,block49,416,512,1703936,16.909000397,16.995159149,0.086159997,23.523279190,_;_;_;_;_;6656;100;60;104;4;4
4,193,mh_fused,c256_attention_project_fb_bout_diag,block49,104,512,104,16.996759415,17.081560135,0.084799998,23.523279190,_;_;_;_;104;64;4;100;60;4;4
4,194,mh_fast,mh_ffn_fused_c256_frag_project_mapped_g128_qkv_bytein_fb,block50,416,512,1703936,17.083240509,17.188640594,0.105400003,23.523279190,_;_;_;_;_;6656;100;60;104;4;0
4,195,mh_fused,c256_attention_project_fb_bout_diag,block50,104,512,104,17.190080643,17.277200699,0.087119997,23.523279190,_;_;_;_;104;64;4;100;60;4;0
4,196,mh_fast,mh_ffn_fused_c256_frag_project_mapped_g128_qkv_bytein_fb,block51,416,512,1703936,17.278919220,17.383800507,0.104879998,23.523279190,_;_;_;_;_;6656;100;60;104;0;4
4,197,mh_fused,c256_attention_project_fb_bout_diag,block51,104,512,104,17.385480881,17.496120453,0.110639997,23.523279190,_;_;_;_;104;64;4;100;60;0;4
4,198,mh_fast,mh_ffn_fused_c256_frag_project_mapped_g128_qkv_bytein_fb,block52,416,512,1703936,17.497880936,17.604200363,0.106320001,23.523279190,_;_;_;_;_;6656;100;60;104;0;0
4,199,mh_fused,c256_attention_project_fb_bout_diag,block52,104,512,104,17.605600357,17.691959381,0.086360000,23.523279190,_;_;_;_;104;64;4;100;60;0;0
4,200,mh_fast,mh_ffn_fused_c256_frag_project_mapped_g128_qkv_bytein_fb,block53,416,512,1703936,17.693639755,17.800039291,0.106399998,23.523279190,_;_;_;_;_;6656;100;60;104;4;4
4,201,mh_fused,c256_attention_project_fb_bout_diag,block53,104,512,104,17.801559448,17.885639191,0.084080003,23.523279190,_;_;_;_;104;64;4;100;60;4;4
4,202,mh_fast,mh_ffn_fused_c256_frag_project_mapped_g128_qkv_bytein_fb,block54,416,512,1703936,17.887359619,17.992759705,0.105400003,23.523279190,_;_;_;_;_;6656;100;60;104;4;0
4,203,mh_fused,c256_attention_project_fb_bout_diag,block54,104,512,104,17.994199753,18.081840515,0.087640002,23.523279190,_;_;_;_;104;64;4;100;60;4;0
4,204,mh_fast,mh_ffn_fused_c256_frag_project_mapped_g128_qkv_bytein_fb,block55,416,512,1703936,18.083520889,18.190240860,0.106720001,23.523279190,_;_;_;_;_;6656;100;60;104;0;4
4,205,mh_fused,c256_attention_project_fb_diag,block55,104,512,104,18.191799164,18.279359818,0.087559998,23.523279190,_;_;_;_;104;64;0;100;60;0;4
4,206,deep_fast,decoder_project2x_h16w_byteout,block56,3000,32,768000,18.281799316,18.378000259,0.096199997,23.523279190,_;_;_;_;100;60;200;120;256;128
4,207,mh_fast,mh_ffn_fused_c128_project_mapped_g128_qkv_bytein_fb,block56,1560,256,3194880,18.379880905,18.502359390,0.122479998,23.523279190,_;_;_;_;_;24960;200;120;208;4;0
4,208,mh_fused,c128_attention_project_fb_bout_diag,block56,390,512,390,18.503799438,18.597160339,0.093359999,23.523279190,_;_;_;_;208;120;4;200;120;4;0
4,209,mh_fast,mh_ffn_fused_c128_project_mapped_g128_qkv_bytein_fb,block57,1600,256,3276800,18.598640442,18.717359543,0.118720002,23.523279190,_;_;_;_;_;25600;200;120;200;0;4
4,210,mh_fused,c128_attention_project_fb_bout_diag,block57,400,512,400,18.719999313,18.814880371,0.094880000,23.523279190,_;_;_;_;200;128;4;200;120;0;4
4,211,mh_fast,mh_ffn_fused_c128_project_g128_qkv_bytein_fb,block58,1500,256,3072000,18.816320419,18.931280136,0.114960000,23.523279190,_;_;_;_;_;24000;200;120;200;0;0
4,212,mh_fused,c128_attention_project_fb_bout_diag,block58,375,512,375,18.933959961,19.017240524,0.083279997,23.523279190,_;_;_;_;200;120;4;0;0;0;0
4,213,mh_fast,mh_ffn_fused_c128_project_mapped_g128_qkv_bytein_fb,block59,1664,256,3407872,19.018720627,19.137960434,0.119240001,23.523279190,_;_;_;_;_;26624;200;120;208;4;4
4,214,mh_fused,c128_attention_project_fb_bout_diag,block59,416,512,416,19.145759583,19.236360550,0.090599999,23.523279190,_;_;_;_;208;128;4;200;120;4;4
4,215,mh_fast,mh_ffn_fused_c128_project_mapped_g128_qkv_bytein_fb,block60,1560,256,3194880,19.237840652,19.366199493,0.128360003,23.523279190,_;_;_;_;_;24960;200;120;208;4;0
4,216,mh_fused,c128_attention_project_fb_bout_diag,block60,390,512,390,19.367599487,19.460079193,0.092479996,23.523279190,_;_;_;_;208;120;4;200;120;4;0
4,217,mh_fast,mh_ffn_fused_c128_project_mapped_g128_qkv_bytein_fb,block61,1600,256,3276800,19.461519241,19.581359863,0.119840004,23.523279190,_;_;_;_;_;25600;200;120;200;0;4
4,218,mh_fused,c128_attention_project_fb_diag,block61,400,512,400,19.589599609,19.680799484,0.091200002,23.523279190,_;_;_;_;200;128;0;200;120;0;4
4,219,deep_fast,decoder_project2x_h16w_byteout,block62,6000,32,1536000,19.682479858,19.804840088,0.122359999,23.523279190,_;_;_;_;200;120;400;240;128;64
4,220,mh_fast,mh_ffn_fused_c64_project_g128_qkv_bytein_fb,block62,6000,128,6144000,19.807159424,19.952039719,0.144879997,23.523279190,_;_;_;_;_;96000;400;240;400;0;0
4,221,mh_fused,c64_attention_project_fb_bout_diag,block62,1500,256,1500,19.953399658,20.061319351,0.107919998,23.523279190,_;_;_;_;400;240;4;0;0;0;0
4,222,mh_fast,mh_ffn_fused_c64_project_mapped_g128_qkv_bytein_fb,block63,6324,128,6475776,20.062679291,20.229600906,0.166920006,23.523279190,_;_;_;_;_;101184;400;240;408;4;4
4,223,mh_fused,c64_attention_project_fb_bout_diag,block63,1581,256,1581,20.231039047,20.358320236,0.127279997,23.523279190,_;_;_;_;408;248;4;400;240;4;4
4,224,mh_fast,mh_ffn_fused_c64_project_mapped_g128_qkv_bytein_fb,block64,6120,128,6266880,20.359800339,20.521720886,0.161919996,23.523279190,_;_;_;_;_;97920;400;240;408;4;0
4,225,mh_fused,c64_attention_project_fb_bout_diag,block64,1530,256,1530,20.523120880,20.647680283,0.124559999,23.523279190,_;_;_;_;408;240;4;400;240;4;0
4,226,mh_fast,mh_ffn_fused_c64_project_mapped_g128_qkv_bytein_fb,block65,6200,128,6348800,20.649200439,20.812120438,0.162919998,23.523279190,_;_;_;_;_;99200;400;240;400;0;4
4,227,mh_fused,c64_attention_project_fb_diag,block65,1550,256,1550,20.813560486,20.944360733,0.130799994,23.523279190,_;_;_;_;400;248;0;400;240;0;4
4,228,deep_fast,decoder_project2x_h16w,block69,12000,32,3072000,20.945959091,21.181760788,0.235799998,23.523279190,_;_;_;_;400;240;800;480;64;32
4,229,c32_fused_ffn,c32_fast_ffn_attention_fused_half_mapped,block69,6000,128,6000,21.184799194,21.480779648,0.295980006,23.523279190,_;_;_;_;6000;0;1;800;480;0;0
4,230,c32_fused_ffn,c32_fast_ffn_attention_fused_half_chain,block69,6161,128,6161,21.482219696,21.769479752,0.287259996,23.523279190,_;_;_;_;6161;3;1;800;480;4;4;800;0;0
4,231,c32_fused_ffn,c32_fast_ffn_attention_fused_half_chain,block69,6060,128,6060,21.771080017,22.052980423,0.281899989,23.523279190,_;_;_;_;6060;3;1;800;480;4;0;808;4;4
4,232,c32_fused_ffn,c32_fast_ffn_attention_fused_half_chain_finish,block69,6100,128,6100,22.054540634,22.369480133,0.314940006,23.523279190,_;_;_;_;_;6100;3;1;800;480;0;4;808;4;0
4,233,c32_fused_ffn,c32_post_merge_head_half,block70,24321,128,24321,22.371080399,23.493980408,1.122900009,23.523279190,_;_;_;_;_;_;_;_;24321;1600;960;4;4;_
5,0,c32_fused_ffn,c32_fast_ffn_attention_fused_half_prefix_finish_main8,pre-down,24000,128,24000,0.005840000,1.113880038,1.108039975,23.036720276,_;_;_;_;_;_;24000;0;1;1600;960;0;0
5,1,c32_fused_ffn,c32_fast_ffn_attention_fused_half_mapped,block4,6000,128,6000,1.115440011,1.429999948,0.314559996,23.036720276,_;_;_;_;6000;0;1;800;480;0;0
5,2,c32_fused_ffn,c32_fast_ffn_attention_fused_half_chain,block4,6161,128,6161,1.431439996,1.733440042,0.301999986,23.036720276,_;_;_;_;6161;3;1;800;480;4;4;800;0;0
5,3,c32_fused_ffn,c32_fast_ffn_attention_fused_half_chain,block4,6060,128,6060,1.735000014,2.031359911,0.296359986,23.036720276,_;_;_;_;6060;3;1;800;480;4;0;808;4;4
5,4,c32_fused_ffn,c32_fast_ffn_attention_fused_half_chain_finish_dcrop,block4,6100,128,6100,2.032919884,2.348799944,0.315880001,23.036720276,_;_;_;_;_;6100;3;1;800;480;0;4;808;4;0
5,5,mh_fast,mh_pool_project_production_h16w,block5,24000,32,6144000,2.350440025,2.433880091,0.083439998,23.036720276,_;_;_;400;240;0;0;32
5,6,mh_fast,mh_ffn_fused_c64_project_g128_qkv_fb,block5,6000,128,6144000,2.441760063,2.581680059,0.139919996,23.036720276,_;_;_;_;_;96000;400;240;400;0;0
5,7,mh_fused,c64_attention_project_fb_bout_diag,block5,1500,256,1500,2.583120108,2.691440105,0.108319998,23.036720276,_;_;_;_;400;240;4;0;0;0;0
5,8,mh_fast,mh_ffn_fused_c64_project_mapped_g128_qkv_bytein_fb,block6,6324,128,6475776,2.692800045,2.858160019,0.165360004,23.036720276,_;_;_;_;_;101184;400;240;408;4;4
5,9,mh_fused,c64_attention_project_fb_bout_diag,block6,1581,256,1581,2.859560013,2.985239983,0.125680000,23.036720276,_;_;_;_;408;248;4;400;240;4;4
5,10,mh_fast,mh_ffn_fused_c64_project_mapped_g128_qkv_bytein_fb,block7,6120,128,6266880,2.986680031,3.145960093,0.159280002,23.036720276,_;_;_;_;_;97920;400;240;408;4;0
5,11,mh_fused,c64_attention_project_fb_bout_diag,block7,1530,256,1530,3.147360086,3.267719984,0.120360002,23.036720276,_;_;_;_;408;240;4;400;240;4;0
5,12,mh_fast,mh_ffn_fused_c64_project_mapped_g128_qkv_bytein_fb,block8,6200,128,6348800,3.269200087,3.425640106,0.156440005,23.036720276,_;_;_;_;_;99200;400;240;400;0;4
5,13,mh_fused,c64_attention_project_fb_diag,block8,1550,256,1550,3.427040100,3.548959970,0.121919997,23.036720276,_;_;_;_;400;248;3;400;240;0;4
5,14,mh_fast,mh_pool_project_group_c64,block9,1500,64,3072000,3.550519943,3.626280069,0.075759999,23.036720276,_;_;_;200;120;400;0;0
5,15,mh_fast,mh_ffn_fused_c128_project_g128_qkv_fb,block9,1500,256,3072000,3.630759954,3.747800112,0.117040001,23.036720276,_;_;_;_;_;24000;200;120;200;0;0
5,16,mh_fused,c128_attention_project_fb_bout_diag,block9,375,512,375,3.749119997,3.832279921,0.083159998,23.036720276,_;_;_;_;200;120;4;0;0;0;0
5,17,mh_fast,mh_ffn_fused_c128_project_mapped_g128_qkv_bytein_fb,block10,1664,256,3407872,3.833760023,3.954560041,0.120800003,23.036720276,_;_;_;_;_;26624;200;120;208;4;4
5,18,mh_fused,c128_attention_project_fb_bout_diag,block10,416,512,416,3.960959911,4.052440166,0.091480002,23.036720276,_;_;_;_;208;128;4;200;120;4;4
5,19,mh_fast,mh_ffn_fused_c128_project_mapped_g128_qkv_bytein_fb,block11,1560,256,3194880,4.053880215,4.178880215,0.125000000,23.036720276,_;_;_;_;_;24960;200;120;208;4;0
5,20,mh_fused,c128_attention_project_fb_bout_diag,block11,390,512,390,4.180240154,4.270400047,0.090159997,23.036720276,_;_;_;_;208;120;4;200;120;4;0
5,21,mh_fast,mh_ffn_fused_c128_project_mapped_g128_qkv_bytein_fb,block12,1600,256,3276800,4.271880150,4.389080048,0.117200002,23.036720276,_;_;_;_;_;25600;200;120;200;0;4
5,22,mh_fused,c128_attention_project_fb_bout_diag,block12,400,512,400,4.397240162,4.483839989,0.086599998,23.036720276,_;_;_;_;200;128;4;200;120;0;4
5,23,mh_fast,mh_ffn_fused_c128_project_g128_qkv_bytein_fb,block13,1500,256,3072000,4.485239983,4.603119850,0.117880002,23.036720276,_;_;_;_;_;24000;200;120;200;0;0
5,24,mh_fused,c128_attention_project_fb_bout_diag,block13,375,512,375,4.604440212,4.687600136,0.083159998,23.036720276,_;_;_;_;200;120;4;0;0;0;0
5,25,mh_fast,mh_ffn_fused_c128_project_mapped_g128_qkv_bytein_fb,block14,1664,256,3407872,4.689000130,4.816319942,0.127320006,23.036720276,_;_;_;_;_;26624;200;120;208;4;4
5,26,mh_fused,c128_attention_project_fb_diag,block14,416,512,416,4.824520111,4.912399769,0.087880000,23.036720276,_;_;_;_;208;128;3;200;120;4;4
5,27,mh_fast,mh_pool_project_group_c128,block15,375,128,1536000,4.914120197,4.972760201,0.058639999,23.036720276,_;_;_;100;60;200;0;0
5,28,mh_fast,mh_ffn_fused_c256_frag_project_mapped_g128_qkv_fb,block15,416,512,1703936,4.977280140,5.083799839,0.106519997,23.036720276,_;_;_;_;_;6656;100;60;104;0;0
5,29,mh_fused,c256_attention_project_fb_bout_diag,block15,104,512,104,5.085199833,5.168320179,0.083120003,23.036720276,_;_;_;_;104;64;4;100;60;0;0
5,30,mh_fast,mh_ffn_fused_c256_frag_project_mapped_g128_qkv_bytein_fb,block16,416,512,1703936,5.170040131,5.277679920,0.107639998,23.036720276,_;_;_;_;_;6656;100;60;104;4;4
5,31,mh_fused,c256_attention_project_fb_bout_diag,block16,104,512,104,5.279240131,5.361800194,0.082560003,23.036720276,_;_;_;_;104;64;4;100;60;4;4
5,32,mh_fast,mh_ffn_fused_c256_frag_project_mapped_g128_qkv_bytein_fb,block17,416,512,1703936,5.363520145,5.469120026,0.105599999,23.036720276,_;_;_;_;_;6656;100;60;104;4;0
5,33,mh_fused,c256_attention_project_fb_bout_diag,block17,104,512,104,5.470479965,5.554520130,0.084040001,23.036720276,_;_;_;_;104;64;4;100;60;4;0
5,34,mh_fast,mh_ffn_fused_c256_frag_project_mapped_g128_qkv_bytein_fb,block18,416,512,1703936,5.556200027,5.660960197,0.104759999,23.036720276,_;_;_;_;_;6656;100;60;104;0;4
5,35,mh_fused,c256_attention_project_fb_bout_diag,block18,104,512,104,5.662559986,5.744520187,0.081960000,23.036720276,_;_;_;_;104;64;4;100;60;0;4
5,36,mh_fast,mh_ffn_fused_c256_frag_project_mapped_g128_qkv_bytein_fb,block19,416,512,1703936,5.746240139,5.851560116,0.105319999,23.036720276,_;_;_;_;_;6656;100;60;104;0;0
5,37,mh_fused,c256_attention_project_fb_bout_diag,block19,104,512,104,5.852960110,5.937280178,0.084320001,23.036720276,_;_;_;_;104;64;4;100;60;0;0
5,38,mh_fast,mh_ffn_fused_c256_frag_project_mapped_g128_qkv_bytein_fb,block20,416,512,1703936,5.938960075,6.045479774,0.106519997,23.036720276,_;_;_;_;_;6656;100;60;104;4;4
5,39,mh_fused,c256_attention_project_fb_bout_diag,block20,104,512,104,6.047080040,6.129799843,0.082719997,23.036720276,_;_;_;_;104;64;4;100;60;4;4
5,40,mh_fast,mh_ffn_fused_c256_frag_project_mapped_g128_qkv_bytein_fb,block21,416,512,1703936,6.131519794,6.235640049,0.104120001,23.036720276,_;_;_;_;_;6656;100;60;104;4;0
5,41,mh_fused,c256_attention_project_fb_bout_diag,block21,104,512,104,6.236999989,6.320199966,0.083200000,23.036720276,_;_;_;_;104;64;4;100;60;4;0
5,42,mh_fast,mh_ffn_fused_c256_frag_project_mapped_g128_qkv_bytein_fb,block22,416,512,1703936,6.321839809,6.426360130,0.104520001,23.036720276,_;_;_;_;_;6656;100;60;104;0;4
5,43,mh_fused,c256_attention_project_fb_diag,block22,104,512,104,6.427959919,6.511199951,0.083240002,23.036720276,_;_;_;_;104;64;3;100;60;0;4
5,44,mh_fast,mh_pool_project_group_c256,block23,94,256,768000,6.513800144,6.572040081,0.058240000,23.036720276,_;_;_;50;30;100;0;0
5,45,mh,mh_shift_pack,block23,3584,256,917504,6.626760006,6.627240181,0.000480000,23.036720276,_;_;50;30;56;32;0;0;512;0
5,46,deep_fast,split_mix_blocked_h16w,block23,896,32,917504,6.672039986,6.672520161,0.000480000,23.036720276,_;_;_;1792
5,47,deep_fast,split_ffn_fused_fp8_t8,block23,896,128,917504,6.675799847,6.736159801,0.060360000,23.036720276,_;_;_;_;1792
5,48,deep_fast,split_projection_frag,block23,896,32,917504,6.737800121,6.786759853,0.048960000,23.036720276,_;_;_;_;_;1792
5,49,mh_fast,mh_qkv_normalize_frag_c512,block23,2688,32,2752512,6.790599823,6.862239838,0.071640000,23.036720276,_;_;_;1792
5,50,mh_fused,mh_attention_fused_fp8_out,block23,448,128,448,6.863679886,6.923439980,0.059760001,23.036720276,_;_;_;56;32;512
5,51,mh_fast,mh_attention_project_frag_c512,block23,896,32,917504,6.924920082,6.994080067,0.069159999,23.036720276,_;_;_;_;1792;0;50;30;56;0;0
5,52,mh,mh_shift_pack,block24,4480,256,1146880,6.997079849,7.051159859,0.054079998,23.036720276,_;_;50;30;56;40;4;4;512;0
5,53,deep_fast,split_mix_blocked_h16w,block24,1120,32,1146880,7.057400227,7.127560139,0.070160002,23.036720276,_;_;_;2240
5,54,deep_fast,split_ffn_fused_fp8_t8,block24,1120,128,1146880,7.131360054,7.196680069,0.065320000,23.036720276,_;_;_;_;2240
5,55,deep_fast,split_projection_frag,block24,1120,32,1146880,7.198160172,7.253640175,0.055480000,23.036720276,_;_;_;_;_;2240
5,56,mh_fast,mh_qkv_normalize_frag_c512,block24,3360,32,3440640,7.257919788,7.335159779,0.077239998,23.036720276,_;_;_;2240
5,57,mh_fused,mh_attention_fused_fp8_out,block24,560,128,560,7.336559772,7.398640156,0.062080000,23.036720276,_;_;_;56;40;512
5,58,mh_fast,mh_attention_project_frag_c512,block24,1120,32,1146880,7.400040150,7.467919827,0.067879997,23.036720276,_;_;_;_;2240;0;50;30;56;4;4
5,59,mh,mh_shift_pack,block25,3584,256,917504,7.471000195,7.522920132,0.051920000,23.036720276,_;_;50;30;56;32;4;0;512;0
5,60,deep_fast,split_mix_blocked_h16w,block25,896,32,917504,7.530640125,7.565519810,0.034880001,23.036720276,_;_;_;1792
5,61,deep_fast,split_ffn_fused_fp8_t8,block25,896,128,917504,7.568799973,7.625679970,0.056880001,23.036720276,_;_;_;_;1792
5,62,deep_fast,split_projection_frag,block25,896,32,917504,7.627280235,7.683040142,0.055760000,23.036720276,_;_;_;_;_;1792
5,63,mh_fast,mh_qkv_normalize_frag_c512,block25,2688,32,2752512,7.686800003,7.763199806,0.076399997,23.036720276,_;_;_;1792
5,64,mh_fused,mh_attention_fused_fp8_out,block25,448,128,448,7.764560223,7.823560238,0.059000000,23.036720276,_;_;_;56;32;512
5,65,mh_fast,mh_attention_project_frag_c512,block25,896,32,917504,7.825039864,7.890679836,0.065640002,23.036720276,_;_;_;_;1792;0;50;30;56;4;0
5,66,mh,mh_shift_pack,block26,4480,256,1146880,7.893640041,7.950560093,0.056919999,23.036720276,_;_;50;30;56;40;0;4;512;0
5,67,deep_fast,split_mix_blocked_h16w,block26,1120,32,1146880,7.958519936,8.025440216,0.066919997,23.036720276,_;_;_;2240
5,68,deep_fast,split_ffn_fused_fp8_t8,block26,1120,128,1146880,8.029239655,8.094880104,0.065640002,23.036720276,_;_;_;_;2240
5,69,deep_fast,split_projection_frag,block26,1120,32,1146880,8.096360207,8.151880264,0.055520002,23.036720276,_;_;_;_;_;2240
5,70,mh_fast,mh_qkv_normalize_frag_c512,block26,3360,32,3440640,8.156120300,8.233599663,0.077480003,23.036720276,_;_;_;2240
5,71,mh_fused,mh_attention_fused_fp8_out,block26,560,128,560,8.234959602,8.298800468,0.063840002,23.036720276,_;_;_;56;40;512
5,72,mh_fast,mh_attention_project_frag_c512,block26,1120,32,1146880,8.300239563,8.362919807,0.062679999,23.036720276,_;_;_;_;2240;0;50;30;56;0;4
5,73,mh,mh_shift_pack,block27,3584,256,917504,8.365920067,8.418239594,0.052320000,23.036720276,_;_;50;30;56;32;0;0;512;0
5,74,deep_fast,split_mix_blocked_h16w,block27,896,32,917504,8.487600327,8.488039970,0.000440000,23.036720276,_;_;_;1792
5,75,deep_fast,split_ffn_fused_fp8_t8,block27,896,128,917504,8.491359711,8.550760269,0.059400000,23.036720276,_;_;_;_;1792
5,76,deep_fast,split_projection_frag,block27,896,32,917504,8.557680130,8.586640358,0.028960001,23.036720276,_;_;_;_;_;1792
5,77,mh_fast,mh_qkv_normalize_frag_c512,block27,2688,32,2752512,8.590399742,8.655879974,0.065480001,23.036720276,_;_;_;1792
5,78,mh_fused,mh_attention_fused_fp8_out,block27,448,128,448,8.657279968,8.708880424,0.051600002,23.036720276,_;_;_;56;32;512
5,79,mh_fast,mh_attention_project_frag_c512,block27,896,32,917504,8.710359573,8.776599884,0.066239998,23.036720276,_;_;_;_;1792;0;50;30;56;0;0
5,80,mh,mh_shift_pack,block28,4480,256,1146880,8.779600143,8.833919525,0.054320000,23.036720276,_;_;50;30;56;40;4;4;512;0
5,81,deep_fast,split_mix_blocked_h16w,block28,1120,32,1146880,8.840120316,8.909600258,0.069480002,23.036720276,_;_;_;2240
5,82,deep_fast,split_ffn_fused_fp8_t8,block28,1120,128,1146880,8.913439751,8.979519844,0.066079997,23.036720276,_;_;_;_;2240
5,83,deep_fast,split_projection_frag,block28,1120,32,1146880,8.981040001,9.058239937,0.077200003,23.036720276,_;_;_;_;_;2240
5,84,mh_fast,mh_qkv_normalize_frag_c512,block28,3360,32,3440640,9.062479973,9.139519691,0.077040002,23.036720276,_;_;_;2240
5,85,mh_fused,mh_attention_fused_fp8_out,block28,560,128,560,9.202599525,9.203160286,0.000560000,23.036720276,_;_;_;56;40;512
5,86,mh_fast,mh_attention_project_frag_c512,block28,1120,32,1146880,9.275719643,9.276200294,0.000480000,23.036720276,_;_;_;_;2240;0;50;30;56;4;4
5,87,mh,mh_shift_pack,block29,3584,256,917504,9.279239655,9.330479622,0.051240001,23.036720276,_;_;50;30;56;32;4;0;512;0
5,88,deep_fast,split_mix_blocked_h16w,block29,896,32,917504,9.338120461,9.373760223,0.035640001,23.036720276,_;_;_;1792
5,89,deep_fast,split_ffn_fused_fp8_t8,block29,896,128,917504,9.377079964,9.439080238,0.061999999,23.036720276,_;_;_;_;1792
5,90,deep_fast,split_projection_frag,block29,896,32,917504,9.440560341,9.493160248,0.052600000,23.036720276,_;_;_;_;_;1792
5,91,mh_fast,mh_qkv_normalize_frag_c512,block29,2688,32,2752512,9.496919632,9.570560455,0.073639996,23.036720276,_;_;_;1792
5,92,mh_fused,mh_attention_fused_fp8_out,block29,448,128,448,9.571960449,9.627200127,0.055240002,23.036720276,_;_;_;56;32;512
5,93,mh_fast,mh_attention_project_frag_c512,block29,896,32,917504,9.628680229,9.695639610,0.066960000,23.036720276,_;_;_;_;1792;0;50;30;56;4;0
5,94,mh,mh_shift_pack,block30,4480,256,1146880,9.698639870,9.754759789,0.056120001,23.036720276,_;_;50;30;56;40;0;4;512;0
5,95,deep_fast,split_mix_blocked_h16w,block30,1120,32,1146880,9.762439728,9.831279755,0.068839997,23.036720276,_;_;_;2240
5,96,deep_fast,split_ffn_fused_fp8_t8,block30,1120,128,1146880,9.835120201,9.902520180,0.067400001,23.036720276,_;_;_;_;2240
5,97,deep_fast,split_projection_frag,block30,1120,32,1146880,9.904040337,9.964559555,0.060520001,23.036720276,_;_;_;_;_;2240
5,98,mh_fast,mh_qkv_normalize_frag_c512,block30,3360,32,3440640,9.968799591,10.045840263,0.077040002,23.036720276,_;_;_;2240
5,99,mh_fused,mh_attention_fused_fp8_out,block30,560,128,560,10.047240257,10.109720230,0.062479999,23.036720276,_;_;_;56;40;512
5,100,mh_fast,mh_attention_project_frag_c512,block30,1120,32,1146880,10.111080170,10.179200172,0.068120003,23.036720276,_;_;_;_;2240;3;50;30;56;0;4
5,101,mh,mh_pool,head,800,256,204800,10.182239532,10.230719566,0.048480000,23.036720276,_;_;25;16;50;25;15;512
5,102,mh_fast,mh_pool_project_production_h16w,head,1600,32,409600,10.237119675,10.294960022,0.057840001,23.036720276,_;_;_;25;16;25;15;512
5,103,deep,vit_gather,block31,1600,256,409600,10.297200203,10.346920013,0.049720000,23.036720276,_;_;_;409600
5,104,deep_fast,vit_pack_input,block31,400,256,102400,10.353719711,10.373559952,0.019840000,23.036720276,_;_;409600
5,105,deep_fast,vit_expand_blocked_fp8_frag_bytein,block31,1600,32,1638400,10.378160477,10.453760147,0.075599998,23.036720276,_;_;_;400;1024;4096
5,106,deep_fast,vit_contract_blocked_fp8_frag,block31,400,32,409600,10.456000328,10.533920288,0.077919997,23.036720276,_;_;_;_;400;4096;1024
5,107,deep_fast,vit_qkv_project_normalize_fused_f16compact_fp8_frag,block31,2400,32,1228800,10.536199570,10.627280235,0.091080002,23.036720276,_;_;_;400
5,108,deep_fast,vit_attention_fused_400_bytein,block31,800,32,204800,10.628999710,10.701439857,0.072439998,23.036720276,_;_;400
5,109,deep_fast,vit_project_frag,block31,1600,32,409600,10.703639984,10.786879539,0.083240002,23.036720276,_;_;_;_;400;1024;1024
5,110,deep_fast,vit_pack_input,block32,400,256,102400,10.789119720,10.836279869,0.047160000,23.036720276,_;_;409600
5,111,deep_fast,vit_expand_blocked_fp8_frag_bytein,block32,1600,32,1638400,10.842320442,10.892640114,0.050319999,23.036720276,_;_;_;400;1024;4096
5,112,deep_fast,vit_contract_blocked_fp8_frag,block32,400,32,409600,10.894920349,10.973959923,0.079039998,23.036720276,_;_;_;_;400;4096;1024
5,113,deep_fast,vit_qkv_project_normalize_fused_f16compact_fp8_frag,block32,2400,32,1228800,10.976200104,11.066960335,0.090760000,23.036720276,_;_;_;400
5,114,deep_fast,vit_attention_fused_400_bytein,block32,800,32,204800,11.068679810,11.141320229,0.072640002,23.036720276,_;_;400
5,115,deep_fast,vit_project_frag,block32,1600,32,409600,11.143560410,11.226840019,0.083279997,23.036720276,_;_;_;_;400;1024;1024
5,116,deep_fast,vit_pack_input,block33,400,256,102400,11.229040146,11.275560379,0.046519998,23.036720276,_;_;409600
5,117,deep_fast,vit_expand_blocked_fp8_frag_bytein,block33,1600,32,1638400,11.280159950,11.331919670,0.051759999,23.036720276,_;_;_;400;1024;4096
5,118,deep_fast,vit_contract_blocked_fp8_frag,block33,400,32,409600,11.334199905,11.408960342,0.074759997,23.036720276,_;_;_;_;400;4096;1024
5,119,deep_fast,vit_qkv_project_normalize_fused_f16compact_fp8_frag,block33,2400,32,1228800,11.411239624,11.500399590,0.089160003,23.036720276,_;_;_;400
5,120,deep_fast,vit_attention_fused_400_bytein,block33,800,32,204800,11.502120018,11.574520111,0.072400004,23.036720276,_;_;400
5,121,deep_fast,vit_project_frag,block33,1600,32,409600,11.576760292,11.661879539,0.085120000,23.036720276,_;_;_;_;400;1024;1024
5,122,deep_fast,vit_pack_input,block34,400,256,102400,11.664039612,11.711359978,0.047320001,23.036720276,_;_;409600
5,123,deep_fast,vit_expand_blocked_fp8_frag_bytein,block34,1600,32,1638400,11.717320442,11.767519951,0.050200000,23.036720276,_;_;_;400;1024;4096
5,124,deep_fast,vit_contract_blocked_fp8_frag,block34,400,32,409600,11.769760132,11.849399567,0.079640001,23.036720276,_;_;_;_;400;4096;1024
5,125,deep_fast,vit_qkv_project_normalize_fused_f16compact_fp8_frag,block34,2400,32,1228800,11.851639748,11.943240166,0.091600001,23.036720276,_;_;_;400
5,126,deep_fast,vit_attention_fused_400_bytein,block34,800,32,204800,11.944959641,12.016320229,0.071359999,23.036720276,_;_;400
5,127,deep_fast,vit_project_frag,block34,1600,32,409600,12.101360321,12.101920128,0.000560000,23.036720276,_;_;_;_;400;1024;1024
5,128,deep_fast,vit_pack_input,block35,400,256,102400,12.152799606,12.153160095,0.000360000,23.036720276,_;_;409600
5,129,deep_fast,vit_expand_blocked_fp8_frag_bytein,block35,1600,32,1638400,12.157759666,12.209759712,0.052000001,23.036720276,_;_;_;400;1024;4096
5,130,deep_fast,vit_contract_blocked_fp8_frag,block35,400,32,409600,12.212039948,12.286040306,0.074000001,23.036720276,_;_;_;_;400;4096;1024
5,131,deep_fast,vit_qkv_project_normalize_fused_f16compact_fp8_frag,block35,2400,32,1228800,12.288319588,12.378840446,0.090520002,23.036720276,_;_;_;400
5,132,deep_fast,vit_attention_fused_400_bytein,block35,800,32,204800,12.452440262,12.452960014,0.000520000,23.036720276,_;_;400
5,133,deep_fast,vit_project_frag,block35,1600,32,409600,12.455200195,12.535240173,0.080040000,23.036720276,_;_;_;_;400;1024;1024
5,134,deep_fast,vit_pack_input,block36,400,256,102400,12.537480354,12.579520226,0.042040002,23.036720276,_;_;409600
5,135,deep_fast,vit_expand_blocked_fp8_frag_bytein,block36,1600,32,1638400,12.584079742,12.635000229,0.050919998,23.036720276,_;_;_;400;1024;4096
5,136,deep_fast,vit_contract_blocked_fp8_frag,block36,400,32,409600,12.637240410,12.713080406,0.075839996,23.036720276,_;_;_;_;400;4096;1024
5,137,deep_fast,vit_qkv_project_normalize_fused_f16compact_fp8_frag,block36,2400,32,1228800,12.715319633,12.803919792,0.088600002,23.036720276,_;_;_;400
5,138,deep_fast,vit_attention_fused_400_bytein,block36,800,32,204800,12.805600166,12.871680260,0.066079997,23.036720276,_;_;400
5,139,deep_fast,vit_project_frag,block36,1600,32,409600,12.873920441,12.950679779,0.076760001,23.036720276,_;_;_;_;400;1024;1024
5,140,deep_fast,vit_pack_input,block37,400,256,102400,12.952879906,13.000880241,0.048000000,23.036720276,_;_;409600
5,141,deep_fast,vit_expand_blocked_fp8_frag_bytein,block37,1600,32,1638400,13.005479813,13.057040215,0.051560000,23.036720276,_;_;_;400;1024;4096
5,142,deep_fast,vit_contract_blocked_fp8_frag,block37,400,32,409600,13.140119553,13.140600204,0.000480000,23.036720276,_;_;_;_;400;4096;1024
5,143,deep_fast,vit_qkv_project_normalize_fused_f16compact_fp8_frag,block37,2400,32,1228800,13.231479645,13.232119560,0.000640000,23.036720276,_;_;_;400
5,144,deep_fast,vit_attention_fused_400_bytein,block37,800,32,204800,13.233799934,13.303400040,0.069600001,23.036720276,_;_;400
5,145,deep_fast,vit_project_frag,block37,1600,32,409600,13.305640221,13.384200096,0.078560002,23.036720276,_;_;_;_;400;1024;1024
5,146,deep_fast,vit_pack_input,block38,400,256,102400,13.386400223,13.432800293,0.046399999,23.036720276,_;_;409600
5,147,deep_fast,vit_expand_blocked_fp8_frag_bytein,block38,1600,32,1638400,13.438799858,13.488719940,0.049920000,23.036720276,_;_;_;400;1024;4096
5,148,deep_fast,vit_contract_blocked_fp8_frag,block38,400,32,409600,13.490960121,13.569919586,0.078960001,23.036720276,_;_;_;_;400;4096;1024
5,149,deep_fast,vit_qkv_project_normalize_fused_f16compact_fp8_frag,block38,2400,32,1228800,13.572159767,13.660960197,0.088799998,23.036720276,_;_;_;400
5,150,deep_fast,vit_attention_fused_400_bytein,block38,800,32,204800,13.662639618,13.733759880,0.071120001,23.036720276,_;_;400
5,151,deep_fast,vit_project_frag,block38,1600,32,409600,13.817119598,13.817680359,0.000560000,23.036720276,_;_;_;_;400;1024;1024
5,152,deep,vit_gather,block39,1600,256,409600,13.867480278,13.867839813,0.000360000,23.036720276,_;_;_;409600
5,153,deep_fast,decoder_project2x_h16w,block39,800,32,204800,13.873080254,13.921520233,0.048439998,23.036720276,_;_;_;_;25;16;50;30;1024;512
5,154,mh,mh_shift_pack,block40,3584,256,917504,13.924480438,13.972479820,0.048000000,23.036720276,_;_;50;30;56;32;0;0;512;0
5,155,deep_fast,split_mix_blocked_h16w,block40,896,32,917504,13.978679657,14.040679932,0.061999999,23.036720276,_;_;_;1792
5,156,deep_fast,split_ffn_fused_fp8_t8,block40,896,128,917504,14.043959618,14.107159615,0.063199997,23.036720276,_;_;_;_;1792
5,157,deep_fast,split_projection_frag,block40,896,32,917504,14.108759880,14.162759781,0.054000001,23.036720276,_;_;_;_;_;1792
5,158,mh_fast,mh_qkv_normalize_frag_c512,block40,2688,32,2752512,14.166520119,14.239760399,0.073239997,23.036720276,_;_;_;1792
5,159,mh_fused,mh_attention_fused_fp8_out,block40,448,128,448,14.241120338,14.300200462,0.059080001,23.036720276,_;_;_;56;32;512
5,160,mh_fast,mh_attention_project_frag_c512,block40,896,32,917504,14.301679611,14.368359566,0.066679999,23.036720276,_;_;_;_;1792;0;50;30;56;0;0
5,161,mh,mh_shift_pack,block41,4480,256,1146880,14.371359825,14.425040245,0.053679999,23.036720276,_;_;50;30;56;40;4;4;512;0
5,162,deep_fast,split_mix_blocked_h16w,block41,1120,32,1146880,14.431599617,14.503720284,0.072120003,23.036720276,_;_;_;2240
5,163,deep_fast,split_ffn_fused_fp8_t8,block41,1120,128,1146880,14.507559776,14.573559761,0.066000000,23.036720276,_;_;_;_;2240
5,164,deep_fast,split_projection_frag,block41,1120,32,1146880,14.575079918,14.630880356,0.055799998,23.036720276,_;_;_;_;_;2240
5,165,mh_fast,mh_qkv_normalize_frag_c512,block41,3360,32,3440640,14.635160446,14.712759972,0.077600002,23.036720276,_;_;_;2240
5,166,mh_fused,mh_attention_fused_fp8_out,block41,560,128,560,14.714079857,14.777119637,0.063040003,23.036720276,_;_;_;56;40;512
5,167,mh_fast,mh_attention_project_frag_c512,block41,1120,32,1146880,14.778559685,14.847240448,0.068680003,23.036720276,_;_;_;_;2240;0;50;30;56;4;4
5,168,mh,mh_shift_pack,block44,3584,256,917504,14.850279808,14.903840065,0.053560000,23.036720276,_;_;50;30;56;32;0;0;512;0
5,169,deep_fast,split_mix_blocked_h16w,block44,896,32,917504,14.911680222,14.974160194,0.062479999,23.036720276,_;_;_;1792
5,170,deep_fast,split_ffn_fused_fp8_t8,block44,896,128,917504,14.977439880,15.041159630,0.063720003,23.036720276,_;_;_;_;1792
5,171,deep_fast,split_projection_frag,block44,896,32,917504,15.042679787,15.095959663,0.053280000,23.036720276,_;_;_;_;_;1792
5,172,mh_fast,mh_qkv_normalize_frag_c512,block44,2688,32,2752512,15.099720001,15.165519714,0.065800004,23.036720276,_;_;_;1792
5,173,mh_fused,mh_attention_fused_fp8_out,block44,448,128,448,15.166879654,15.223839760,0.056960002,23.036720276,_;_;_;56;32;512
5,174,mh_fast,mh_attention_project_frag_c512,block44,896,32,917504,15.225319862,15.283920288,0.058600001,23.036720276,_;_;_;_;1792;0;50;30;56;0;0
5,175,mh,mh_shift_pack,block45,4480,256,1146880,15.286879539,15.343600273,0.056720000,23.036720276,_;_;50;30;56;40;4;4;512;0
5,176,deep_fast,split_mix_blocked_h16w,block45,1120,32,1146880,15.351400375,15.420280457,0.068879999,23.036720276,_;_;_;2240
5,177,deep_fast,split_ffn_fused_fp8_t8,block45,1120,128,1146880,15.424119949,15.489319801,0.065200001,23.036720276,_;_;_;_;2240
5,178,deep_fast,split_projection_frag,block45,1120,32,1146880,15.490839958,15.546600342,0.055760000,23.036720276,_;_;_;_;_;2240
5,179,mh_fast,mh_qkv_normalize_frag_c512,block45,3360,32,3440640,15.550880432,15.626919746,0.076040000,23.036720276,_;_;_;2240
5,180,mh_fused,mh_attention_fused_fp8_out,block45,560,128,560,15.628279686,15.691040039,0.062760003,23.036720276,_;_;_;56;40;512
5,181,mh_fast,mh_attention_project_frag_c512,block45,1120,32,1146880,15.692440033,15.760880470,0.068439998,23.036720276,_;_;_;_;2240;0;50;30;56;4;4
5,182,mh,mh_shift_pack,block47,4480,256,1146880,15.763919830,15.818360329,0.054439999,23.036720276,_;_;50;30;56;40;0;4;512;0
5,183,deep_fast,split_mix_blocked_h16w,block47,1120,32,1146880,15.824600220,15.894920349,0.070320003,23.036720276,_;_;_;2240
5,184,deep_fast,split_ffn_fused_fp8_t8,block47,1120,128,1146880,15.898759842,15.964679718,0.065920003,23.036720276,_;_;_;_;2240
5,185,deep_fast,split_projection_frag,block47,1120,32,1146880,15.966159821,16.021200180,0.055039998,23.036720276,_;_;_;_;_;2240
5,186,mh_fast,mh_qkv_normalize_frag_c512,block47,3360,32,3440640,16.025560379,16.103559494,0.078000002,23.036720276,_;_;_;2240
5,187,mh_fused,mh_attention_fused_fp8_out,block47,560,128,560,16.104959488,16.167680740,0.062720001,23.036720276,_;_;_;56;40;512
5,188,mh_fast,mh_attention_project_frag_c512,block47,1120,32,1146880,16.169080734,16.237680435,0.068599999,23.036720276,_;_;_;_;2240;0;50;30;56;0;4
5,189,deep_fast,decoder_project2x_h16w_byteout,block48,1504,32,384000,16.240680695,16.334680557,0.093999997,23.036720276,_;_;_;_;50;30;100;60;512;256
5,190,mh_fast,mh_ffn_fused_c256_frag_project_mapped_g128_qkv_bytein_fb,block48,416,512,1703936,16.336719513,16.441839218,0.105120003,23.036720276,_;_;_;_;_;6656;100;60;104;0;0
5,191,mh_fused,c256_attention_project_fb_bout_diag,block48,104,512,104,16.443239212,16.528560638,0.085320003,23.036720276,_;_;_;_;104;64;0;100;60;0;0
5,192,mh_fast,mh_ffn_fused_c256_frag_project_mapped_g128_qkv_bytein_fb,block49,416,512,1703936,16.530279160,16.634519577,0.104240000,23.036720276,_;_;_;_;_;6656;100;60;104;4;4
5,193,mh_fused,c256_attention_project_fb_bout_diag,block49,104,512,104,16.636039734,16.718759537,0.082719997,23.036720276,_;_;_;_;104;64;4;100;60;4;4
5,194,mh_fast,mh_ffn_fused_c256_frag_project_mapped_g128_qkv_bytein_fb,block50,416,512,1703936,16.720479965,16.823320389,0.102839999,23.036720276,_;_;_;_;_;6656;100;60;104;4;0
5,195,mh_fused,c256_attention_project_fb_bout_diag,block50,104,512,104,16.824760437,16.908800125,0.084040001,23.036720276,_;_;_;_;104;64;4;100;60;4;0
5,196,mh_fast,mh_ffn_fused_c256_frag_project_mapped_g128_qkv_bytein_fb,block51,416,512,1703936,16.910440445,17.014280319,0.103840001,23.036720276,_;_;_;_;_;6656;100;60;104;0;4
5,197,mh_fused,c256_attention_project_fb_bout_diag,block51,104,512,104,17.015840530,17.098400116,0.082560003,23.036720276,_;_;_;_;104;64;4;100;60;0;4
5,198,mh_fast,mh_ffn_fused_c256_frag_project_mapped_g128_qkv_bytein_fb,block52,416,512,1703936,17.100120544,17.202760696,0.102640003,23.036720276,_;_;_;_;_;6656;100;60;104;0;0
5,199,mh_fused,c256_attention_project_fb_bout_diag,block52,104,512,104,17.204160690,17.287200928,0.083039999,23.036720276,_;_;_;_;104;64;4;100;60;0;0
5,200,mh_fast,mh_ffn_fused_c256_frag_project_mapped_g128_qkv_bytein_fb,block53,416,512,1703936,17.288879395,17.393720627,0.104840003,23.036720276,_;_;_;_;_;6656;100;60;104;4;4
5,201,mh_fused,c256_attention_project_fb_bout_diag,block53,104,512,104,17.395240784,17.477840424,0.082599998,23.036720276,_;_;_;_;104;64;4;100;60;4;4
5,202,mh_fast,mh_ffn_fused_c256_frag_project_mapped_g128_qkv_bytein_fb,block54,416,512,1703936,17.479600906,17.581960678,0.102360003,23.036720276,_;_;_;_;_;6656;100;60;104;4;0
5,203,mh_fused,c256_attention_project_fb_bout_diag,block54,104,512,104,17.583400726,17.667200089,0.083800003,23.036720276,_;_;_;_;104;64;4;100;60;4;0
5,204,mh_fast,mh_ffn_fused_c256_frag_project_mapped_g128_qkv_bytein_fb,block55,416,512,1703936,17.668920517,17.773719788,0.104800001,23.036720276,_;_;_;_;_;6656;100;60;104;0;4
5,205,mh_fused,c256_attention_project_fb_diag,block55,104,512,104,17.775199890,17.864599228,0.089400001,23.036720276,_;_;_;_;104;64;0;100;60;0;4
5,206,deep_fast,decoder_project2x_h16w_byteout,block56,3000,32,768000,17.867080688,17.954000473,0.086920001,23.036720276,_;_;_;_;100;60;200;120;256;128
5,207,mh_fast,mh_ffn_fused_c128_project_mapped_g128_qkv_bytein_fb,block56,1560,256,3194880,17.955879211,18.075359344,0.119479999,23.036720276,_;_;_;_;_;24960;200;120;208;4;0
5,208,mh_fused,c128_attention_project_fb_bout_diag,block56,390,512,390,18.076799393,18.167440414,0.090640001,23.036720276,_;_;_;_;208;120;4;200;120;4;0
5,209,mh_fast,mh_ffn_fused_c128_project_mapped_g128_qkv_bytein_fb,block57,1600,256,3276800,18.168960571,18.282440186,0.113480002,23.036720276,_;_;_;_;_;25600;200;120;200;0;4
5,210,mh_fused,c128_attention_project_fb_bout_diag,block57,400,512,400,18.289920807,18.381639481,0.091720000,23.036720276,_;_;_;_;200;128;4;200;120;0;4
5,211,mh_fast,mh_ffn_fused_c128_project_g128_qkv_bytein_fb,block58,1500,256,3072000,18.383079529,18.499719620,0.116640002,23.036720276,_;_;_;_;_;24000;200;120;200;0;0
5,212,mh_fused,c128_attention_project_fb_bout_diag,block58,375,512,375,18.501079559,18.587959290,0.086879998,23.036720276,_;_;_;_;200;120;4;0;0;0;0
5,213,mh_fast,mh_ffn_fused_c128_project_mapped_g128_qkv_bytein_fb,block59,1664,256,3407872,18.589439392,18.712760925,0.123319998,23.036720276,_;_;_;_;_;26624;200;120;208;4;4
5,214,mh_fused,c128_attention_project_fb_bout_diag,block59,416,512,416,18.720880508,18.808919907,0.088040002,23.036720276,_;_;_;_;208;128;4;200;120;4;4
5,215,mh_fast,mh_ffn_fused_c128_project_mapped_g128_qkv_bytein_fb,block60,1560,256,3194880,18.810359955,18.938400269,0.128040001,23.036720276,_;_;_;_;_;24960;200;120;208;4;0
5,216,mh_fused,c128_attention_project_fb_bout_diag,block60,390,512,390,18.939760208,19.032560349,0.092799999,23.036720276,_;_;_;_;208;120;4;200;120;4;0
5,217,mh_fast,mh_ffn_fused_c128_project_mapped_g128_qkv_bytein_fb,block61,1600,256,3276800,19.034040451,19.153919220,0.119879998,23.036720276,_;_;_;_;_;25600;200;120;200;0;4
5,218,mh_fused,c128_attention_project_fb_diag,block61,400,512,400,19.162160873,19.252840042,0.090680003,23.036720276,_;_;_;_;200;128;0;200;120;0;4
5,219,deep_fast,decoder_project2x_h16w_byteout,block62,6000,32,1536000,19.254480362,19.374240875,0.119759999,23.036720276,_;_;_;_;200;120;400;240;128;64
5,220,mh_fast,mh_ffn_fused_c64_project_g128_qkv_bytein_fb,block62,6000,128,6144000,19.376560211,19.519079208,0.142519996,23.036720276,_;_;_;_;_;96000;400;240;400;0;0
5,221,mh_fused,c64_attention_project_fb_bout_diag,block62,1500,256,1500,19.520439148,19.626560211,0.106119998,23.036720276,_;_;_;_;400;240;4;0;0;0;0
5,222,mh_fast,mh_ffn_fused_c64_project_mapped_g128_qkv_bytein_fb,block63,6324,128,6475776,19.627920151,19.793600082,0.165680006,23.036720276,_;_;_;_;_;101184;400;240;408;4;4
5,223,mh_fused,c64_attention_project_fb_bout_diag,block63,1581,256,1581,19.795000076,19.920080185,0.125080004,23.036720276,_;_;_;_;408;248;4;400;240;4;4
5,224,mh_fast,mh_ffn_fused_c64_project_mapped_g128_qkv_bytein_fb,block64,6120,128,6266880,19.921520233,20.082679749,0.161160007,23.036720276,_;_;_;_;_;97920;400;240;408;4;0
5,225,mh_fused,c64_attention_project_fb_bout_diag,block64,1530,256,1530,20.084079742,20.206800461,0.122720003,23.036720276,_;_;_;_;408;240;4;400;240;4;0
5,226,mh_fast,mh_ffn_fused_c64_project_mapped_g128_qkv_bytein_fb,block65,6200,128,6348800,20.208280563,20.373720169,0.165439993,23.036720276,_;_;_;_;_;99200;400;240;400;0;4
5,227,mh_fused,c64_attention_project_fb_diag,block65,1550,256,1550,20.375360489,20.499759674,0.124399997,23.036720276,_;_;_;_;400;248;0;400;240;0;4
5,228,deep_fast,decoder_project2x_h16w,block69,12000,32,3072000,20.501359940,20.733959198,0.232600003,23.036720276,_;_;_;_;400;240;800;480;64;32
5,229,c32_fused_ffn,c32_fast_ffn_attention_fused_half_mapped,block69,6000,128,6000,20.737039566,21.021419525,0.284379989,23.036720276,_;_;_;_;6000;0;1;800;480;0;0
5,230,c32_fused_ffn,c32_fast_ffn_attention_fused_half_chain,block69,6161,128,6161,21.022819519,21.314519882,0.291700006,23.036720276,_;_;_;_;6161;3;1;800;480;4;4;800;0;0
5,231,c32_fused_ffn,c32_fast_ffn_attention_fused_half_chain,block69,6060,128,6060,21.316120148,21.608419418,0.292299986,23.036720276,_;_;_;_;6060;3;1;800;480;4;0;808;4;4
5,232,c32_fused_ffn,c32_fast_ffn_attention_fused_half_chain_finish,block69,6100,128,6100,21.610019684,21.912220001,0.302199990,23.036720276,_;_;_;_;_;6100;3;1;800;480;0;4;808;4;0
5,233,c32_fused_ffn,c32_post_merge_head_half,block70,24321,128,24321,21.913860321,23.013719559,1.099859953,23.036720276,_;_;_;_;_;_;_;_;24321;1600;960;4;4;_
6,0,c32_fused_ffn,c32_fast_ffn_attention_fused_half_prefix_finish_main8,pre-down,24000,128,24000,0.007920000,1.122679949,1.114760041,23.287500381,_;_;_;_;_;_;24000;0;1;1600;960;0;0
6,1,c32_fused_ffn,c32_fast_ffn_attention_fused_half_mapped,block4,6000,128,6000,1.124240041,1.420680046,0.296440005,23.287500381,_;_;_;_;6000;0;1;800;480;0;0
6,2,c32_fused_ffn,c32_fast_ffn_attention_fused_half_chain,block4,6161,128,6161,1.422160029,1.709439993,0.287279993,23.287500381,_;_;_;_;6161;3;1;800;480;4;4;800;0;0
6,3,c32_fused_ffn,c32_fast_ffn_attention_fused_half_chain,block4,6060,128,6060,1.711040020,1.993600011,0.282559991,23.287500381,_;_;_;_;6060;3;1;800;480;4;0;808;4;4
6,4,c32_fused_ffn,c32_fast_ffn_attention_fused_half_chain_finish_dcrop,block4,6100,128,6100,1.995159984,2.309279919,0.314119995,23.287500381,_;_;_;_;_;6100;3;1;800;480;0;4;808;4;0
6,5,mh_fast,mh_pool_project_production_h16w,block5,24000,32,6144000,2.310960054,2.396239996,0.085280001,23.287500381,_;_;_;400;240;0;0;32
6,6,mh_fast,mh_ffn_fused_c64_project_g128_qkv_fb,block5,6000,128,6144000,2.403280020,2.551239967,0.147960007,23.287500381,_;_;_;_;_;96000;400;240;400;0;0
6,7,mh_fused,c64_attention_project_fb_bout_diag,block5,1500,256,1500,2.552599907,2.660799980,0.108199999,23.287500381,_;_;_;_;400;240;4;0;0;0;0
6,8,mh_fast,mh_ffn_fused_c64_project_mapped_g128_qkv_bytein_fb,block6,6324,128,6475776,2.662199974,2.831880093,0.169679999,23.287500381,_;_;_;_;_;101184;400;240;408;4;4
6,9,mh_fused,c64_attention_project_fb_bout_diag,block6,1581,256,1581,2.833240032,2.959719896,0.126479998,23.287500381,_;_;_;_;408;248;4;400;240;4;4
6,10,mh_fast,mh_ffn_fused_c64_project_mapped_g128_qkv_bytein_fb,block7,6120,128,6266880,2.961199999,3.127640009,0.166439995,23.287500381,_;_;_;_;_;97920;400;240;408;4;0
6,11,mh_fused,c64_attention_project_fb_bout_diag,block7,1530,256,1530,3.128999949,3.252320051,0.123319998,23.287500381,_;_;_;_;408;240;4;400;240;4;0
6,12,mh_fast,mh_ffn_fused_c64_project_mapped_g128_qkv_bytein_fb,block8,6200,128,6348800,3.253839970,3.418879986,0.165040001,23.287500381,_;_;_;_;_;99200;400;240;400;0;4
6,13,mh_fused,c64_attention_project_fb_diag,block8,1550,256,1550,3.420239925,3.544840097,0.124600001,23.287500381,_;_;_;_;400;248;3;400;240;0;4
6,14,mh_fast,mh_pool_project_group_c64,block9,1500,64,3072000,3.546400070,3.623840094,0.077440001,23.287500381,_;_;_;200;120;400;0;0
6,15,mh_fast,mh_ffn_fused_c128_project_g128_qkv_fb,block9,1500,256,3072000,3.628360033,3.747679949,0.119319998,23.287500381,_;_;_;_;_;24000;200;120;200;0;0
6,16,mh_fused,c128_attention_project_fb_bout_diag,block9,375,512,375,3.749039888,3.831720114,0.082680002,23.287500381,_;_;_;_;200;120;4;0;0;0;0
6,17,mh_fast,mh_ffn_fused_c128_project_mapped_g128_qkv_bytein_fb,block10,1664,256,3407872,3.833159924,3.958280087,0.125119999,23.287500381,_;_;_;_;_;26624;200;120;208;4;4
6,18,mh_fused,c128_attention_project_fb_bout_diag,block10,416,512,416,3.966399908,4.056560040,0.090159997,23.287500381,_;_;_;_;208;128;4;200;120;4;4
6,19,mh_fast,mh_ffn_fused_c128_project_mapped_g128_qkv_bytein_fb,block11,1560,256,3194880,4.058000088,4.187320232,0.129319996,23.287500381,_;_;_;_;_;24960;200;120;208;4;0
6,20,mh_fused,c128_attention_project_fb_bout_diag,block11,390,512,390,4.188680172,4.280479908,0.091799997,23.287500381,_;_;_;_;208;120;4;200;120;4;0
6,21,mh_fast,mh_ffn_fused_c128_project_mapped_g128_qkv_bytein_fb,block12,1600,256,3276800,4.281960011,4.402679920,0.120719999,23.287500381,_;_;_;_;_;25600;200;120;200;0;4
6,22,mh_fused,c128_attention_project_fb_bout_diag,block12,400,512,400,4.410799980,4.495960236,0.085160002,23.287500381,_;_;_;_;200;128;4;200;120;0;4
6,23,mh_fast,mh_ffn_fused_c128_project_g128_qkv_bytein_fb,block13,1500,256,3072000,4.497439861,4.618400097,0.120959997,23.287500381,_;_;_;_;_;24000;200;120;200;0;0
6,24,mh_fused,c128_attention_project_fb_bout_diag,block13,375,512,375,4.619760036,4.703639984,0.083880000,23.287500381,_;_;_;_;200;120;4;0;0;0;0
6,25,mh_fast,mh_ffn_fused_c128_project_mapped_g128_qkv_bytein_fb,block14,1664,256,3407872,4.705080032,4.832600117,0.127519995,23.287500381,_;_;_;_;_;26624;200;120;208;4;4
6,26,mh_fused,c128_attention_project_fb_diag,block14,416,512,416,4.839439869,4.932720184,0.093280002,23.287500381,_;_;_;_;208;128;3;200;120;4;4
6,27,mh_fast,mh_pool_project_group_c128,block15,375,128,1536000,4.934400082,4.995160103,0.060759999,23.287500381,_;_;_;100;60;200;0;0
6,28,mh_fast,mh_ffn_fused_c256_frag_project_mapped_g128_qkv_fb,block15,416,512,1703936,4.999639988,5.108759880,0.109119996,23.287500381,_;_;_;_;_;6656;100;60;104;0;0
6,29,mh_fused,c256_attention_project_fb_bout_diag,block15,104,512,104,5.110079765,5.196040154,0.085960001,23.287500381,_;_;_;_;104;64;4;100;60;0;0
6,30,mh_fast,mh_ffn_fused_c256_frag_project_mapped_g128_qkv_bytein_fb,block16,416,512,1703936,5.197720051,5.305880070,0.108159997,23.287500381,_;_;_;_;_;6656;100;60;104;4;4
6,31,mh_fused,c256_attention_project_fb_bout_diag,block16,104,512,104,5.307360172,5.392000198,0.084639996,23.287500381,_;_;_;_;104;64;4;100;60;4;4
6,32,mh_fast,mh_ffn_fused_c256_frag_project_mapped_g128_qkv_bytein_fb,block17,416,512,1703936,5.393720150,5.496079922,0.102360003,23.287500381,_;_;_;_;_;6656;100;60;104;4;0
6,33,mh_fused,c256_attention_project_fb_bout_diag,block17,104,512,104,5.497479916,5.584199905,0.086719997,23.287500381,_;_;_;_;104;64;4;100;60;4;0
6,34,mh_fast,mh_ffn_fused_c256_frag_project_mapped_g128_qkv_bytein_fb,block18,416,512,1703936,5.585879803,5.693480015,0.107600003,23.287500381,_;_;_;_;_;6656;100;60;104;0;4
6,35,mh_fused,c256_attention_project_fb_bout_diag,block18,104,512,104,5.695079803,5.778279781,0.083200000,23.287500381,_;_;_;_;104;64;4;100;60;0;4
6,36,mh_fast,mh_ffn_fused_c256_frag_project_mapped_g128_qkv_bytein_fb,block19,416,512,1703936,5.780039787,5.885399818,0.105360001,23.287500381,_;_;_;_;_;6656;100;60;104;0;0
6,37,mh_fused,c256_attention_project_fb_bout_diag,block19,104,512,104,5.886760235,5.971600056,0.084840000,23.287500381,_;_;_;_;104;64;4;100;60;0;0
6,38,mh_fast,mh_ffn_fused_c256_frag_project_mapped_g128_qkv_bytein_fb,block20,416,512,1703936,5.973279953,6.081480026,0.108199999,23.287500381,_;_;_;_;_;6656;100;60;104;4;4
6,39,mh_fused,c256_attention_project_fb_bout_diag,block20,104,512,104,6.083040237,6.167600155,0.084559999,23.287500381,_;_;_;_;104;64;4;100;60;4;4
6,40,mh_fast,mh_ffn_fused_c256_frag_project_mapped_g128_qkv_bytein_fb,block21,416,512,1703936,6.169320107,6.269639969,0.100319996,23.287500381,_;_;_;_;_;6656;100;60;104;4;0
6,41,mh_fused,c256_attention_project_fb_bout_diag,block21,104,512,104,6.271039963,6.355800152,0.084760003,23.287500381,_;_;_;_;104;64;4;100;60;4;0
6,42,mh_fast,mh_ffn_fused_c256_frag_project_mapped_g128_qkv_bytein_fb,block22,416,512,1703936,6.357480049,6.465559959,0.108080000,23.287500381,_;_;_;_;_;6656;100;60;104;0;4
6,43,mh_fused,c256_attention_project_fb_diag,block22,104,512,104,6.467080116,6.552239895,0.085160002,23.287500381,_;_;_;_;104;64;3;100;60;0;4
6,44,mh_fast,mh_pool_project_group_c256,block23,94,256,768000,6.554840088,6.615479946,0.060640000,23.287500381,_;_;_;50;30;100;0;0
6,45,mh,mh_shift_pack,block23,3584,256,917504,6.618480206,6.673160076,0.054680001,23.287500381,_;_;50;30;56;32;0;0;512;0
6,46,deep_fast,split_mix_blocked_h16w,block23,896,32,917504,6.679599762,6.740640163,0.061039999,23.287500381,_;_;_;1792
6,47,deep_fast,split_ffn_fused_fp8_t8,block23,896,128,917504,6.743879795,6.807600021,0.063720003,23.287500381,_;_;_;_;1792
6,48,deep_fast,split_projection_frag,block23,896,32,917504,6.809080124,6.865520000,0.056439999,23.287500381,_;_;_;_;_;1792
6,49,mh_fast,mh_qkv_normalize_frag_c512,block23,2688,32,2752512,6.869279861,6.941840172,0.072559997,23.287500381,_;_;_;1792
6,50,mh_fused,mh_attention_fused_fp8_out,block23,448,128,448,6.943240166,7.004240036,0.061000001,23.287500381,_;_;_;56;32;512
6,51,mh_fast,mh_attention_project_frag_c512,block23,896,32,917504,7.005720139,7.071199894,0.065480001,23.287500381,_;_;_;_;1792;0;50;30;56;0;0
6,52,mh,mh_shift_pack,block24,4480,256,1146880,7.074200153,7.129519939,0.055319998,23.287500381,_;_;50;30;56;40;4;4;512;0
6,53,deep_fast,split_mix_blocked_h16w,block24,1120,32,1146880,7.137440205,7.206280231,0.068839997,23.287500381,_;_;_;2240
6,54,deep_fast,split_ffn_fused_fp8_t8,block24,1120,128,1146880,7.210120201,7.277520180,0.067400001,23.287500381,_;_;_;_;2240
6,55,deep_fast,split_projection_frag,block24,1120,32,1146880,7.278999805,7.337319851,0.058320001,23.287500381,_;_;_;_;_;2240
6,56,mh_fast,mh_qkv_normalize_frag_c512,block24,3360,32,3440640,7.341680050,7.417600155,0.075920001,23.287500381,_;_;_;2240
6,57,mh_fused,mh_attention_fused_fp8_out,block24,560,128,560,7.420199871,7.457039833,0.036839999,23.287500381,_;_;_;56;40;512
6,58,mh_fast,mh_attention_project_frag_c512,block24,1120,32,1146880,7.458479881,7.524320126,0.065839998,23.287500381,_;_;_;_;2240;0;50;30;56;4;4
6,59,mh,mh_shift_pack,block25,3584,256,917504,7.527359962,7.581840038,0.054480001,23.287500381,_;_;50;30;56;32;4;0;512;0
6,60,deep_fast,split_mix_blocked_h16w,block25,896,32,917504,7.588200092,7.650839806,0.062639996,23.287500381,_;_;_;1792
6,61,deep_fast,split_ffn_fused_fp8_t8,block25,896,128,917504,7.654079914,7.718039989,0.063960001,23.287500381,_;_;_;_;1792
6,62,deep_fast,split_projection_frag,block25,896,32,917504,7.719520092,7.776159763,0.056639999,23.287500381,_;_;_;_;_;1792
6,63,mh_fast,mh_qkv_normalize_frag_c512,block25,2688,32,2752512,7.779880047,7.851880074,0.071999997,23.287500381,_;_;_;1792
6,64,mh_fused,mh_attention_fused_fp8_out,block25,448,128,448,7.853240013,7.914040089,0.060800001,23.287500381,_;_;_;56;32;512
6,65,mh_fast,mh_attention_project_frag_c512,block25,896,32,917504,7.915559769,7.980160236,0.064599998,23.287500381,_;_;_;_;1792;0;50;30;56;4;0
6,66,mh,mh_shift_pack,block26,4480,256,1146880,7.983119965,8.040360451,0.057240002,23.287500381,_;_;50;30;56;40;0;4;512;0
6,67,deep_fast,split_mix_blocked_h16w,block26,1120,32,1146880,8.048239708,8.116680145,0.068439998,23.287500381,_;_;_;2240
6,68,deep_fast,split_ffn_fused_fp8_t8,block26,1120,128,1146880,8.120519638,8.188240051,0.067720003,23.287500381,_;_;_;_;2240
6,69,deep_fast,split_projection_frag,block26,1120,32,1146880,8.189720154,8.258000374,0.068279997,23.287500381,_;_;_;_;_;2240
6,70,mh_fast,mh_qkv_normalize_frag_c512,block26,3360,32,3440640,8.262240410,8.340840340,0.078599997,23.287500381,_;_;_;2240
6,71,mh_fused,mh_attention_fused_fp8_out,block26,560,128,560,8.343480110,8.381279945,0.037799999,23.287500381,_;_;_;56;40;512
6,72,mh_fast,mh_attention_project_frag_c512,block26,1120,32,1146880,8.382679939,8.466079712,0.083400004,23.287500381,_;_;_;_;2240;0;50;30;56;0;4
6,73,mh,mh_shift_pack,block27,3584,256,917504,8.469079971,8.527440071,0.058359999,23.287500381,_;_;50;30;56;32;0;0;512;0
6,74,deep_fast,split_mix_blocked_h16w,block27,896,32,917504,8.533880234,8.595640182,0.061760001,23.287500381,_;_;_;1792
6,75,deep_fast,split_ffn_fused_fp8_t8,block27,896,128,917504,8.598959923,8.663120270,0.064159997,23.287500381,_;_;_;_;1792
6,76,deep_fast,split_projection_frag,block27,896,32,917504,8.664679527,8.721879959,0.057200000,23.287500381,_;_;_;_;_;1792
6,77,mh_fast,mh_qkv_normalize_frag_c512,block27,2688,32,2752512,8.725680351,8.797639847,0.071960002,23.287500381,_;_;_;1792
6,78,mh_fused,mh_attention_fused_fp8_out,block27,448,128,448,8.799039841,8.860119820,0.061080001,23.287500381,_;_;_;56;32;512
6,79,mh_fast,mh_attention_project_frag_c512,block27,896,32,917504,8.861599922,8.927800179,0.066200003,23.287500381,_;_;_;_;1792;0;50;30;56;0;0
6,80,mh,mh_shift_pack,block28,4480,256,1146880,8.930800438,8.986559868,0.055760000,23.287500381,_;_;50;30;56;40;4;4;512;0
6,81,deep_fast,split_mix_blocked_h16w,block28,1120,32,1146880,8.994159698,9.065999985,0.071840003,23.287500381,_;_;_;2240
6,82,deep_fast,split_ffn_fused_fp8_t8,block28,1120,128,1146880,9.069840431,9.138239861,0.068400003,23.287500381,_;_;_;_;2240
6,83,deep_fast,split_projection_frag,block28,1120,32,1146880,9.139760017,9.197959900,0.058200002,23.287500381,_;_;_;_;_;2240
6,84,mh_fast,mh_qkv_normalize_frag_c512,block28,3360,32,3440640,9.202159882,9.278400421,0.076240003,23.287500381,_;_;_;2240
6,85,mh_fused,mh_attention_fused_fp8_out,block28,560,128,560,9.281000137,9.318880081,0.037880000,23.287500381,_;_;_;56;40;512
6,86,mh_fast,mh_attention_project_frag_c512,block28,1120,32,1146880,9.320320129,9.386440277,0.066119999,23.287500381,_;_;_;_;2240;0;50;30;56;4;4
6,87,mh,mh_shift_pack,block29,3584,256,917504,9.389439583,9.442040443,0.052600000,23.287500381,_;_;50;30;56;32;4;0;512;0
6,88,deep_fast,split_mix_blocked_h16w,block29,896,32,917504,9.448479652,9.508159637,0.059680000,23.287500381,_;_;_;1792
6,89,deep_fast,split_ffn_fused_fp8_t8,block29,896,128,917504,9.511440277,9.575679779,0.064240001,23.287500381,_;_;_;_;1792
6,90,deep_fast,split_projection_frag,block29,896,32,917504,9.577199936,9.635120392,0.057920001,23.287500381,_;_;_;_;_;1792
6,91,mh_fast,mh_qkv_normalize_frag_c512,block29,2688,32,2752512,9.638919830,9.712200165,0.073279999,23.287500381,_;_;_;1792
6,92,mh_fused,mh_attention_fused_fp8_out,block29,448,128,448,9.713560104,9.772999763,0.059440002,23.287500381,_;_;_;56;32;512
6,93,mh_fast,mh_attention_project_frag_c512,block29,896,32,917504,9.774479866,9.840720177,0.066239998,23.287500381,_;_;_;_;1792;0;50;30;56;4;0
6,94,mh,mh_shift_pack,block30,4480,256,1146880,9.843720436,9.901040077,0.057319999,23.287500381,_;_;50;30;56;40;0;4;512;0
6,95,deep_fast,split_mix_blocked_h16w,block30,1120,32,1146880,9.908519745,9.978879929,0.070359997,23.287500381,_;_;_;2240
6,96,deep_fast,split_ffn_fused_fp8_t8,block30,1120,128,1146880,9.982720375,10.051679611,0.068960004,23.287500381,_;_;_;_;2240
6,97,deep_fast,split_projection_frag,block30,1120,32,1146880,10.053199768,10.111240387,0.058040000,23.287500381,_;_;_;_;_;2240
6,98,mh_fast,mh_qkv_normalize_frag_c512,block30,3360,32,3440640,10.115559578,10.194080353,0.078520000,23.287500381,_;_;_;2240
6,99,mh_fused,mh_attention_fused_fp8_out,block30,560,128,560,10.195480347,10.259799957,0.064319998,23.287500381,_;_;_;56;40;512
6,100,mh_fast,mh_attention_project_frag_c512,block30,1120,32,1146880,10.261199951,10.334959984,0.073760003,23.287500381,_;_;_;_;2240;3;50;30;56;0;4
6,101,mh,mh_pool,head,800,256,204800,10.338000298,10.388159752,0.050159998,23.287500381,_;_;25;16;50;25;15;512
6,102,mh_fast,mh_pool_project_production_h16w,head,1600,32,409600,10.393239975,10.484199524,0.090960003,23.287500381,_;_;_;25;16;25;15;512
6,103,deep,vit_gather,block31,1600,256,409600,10.486439705,10.536680222,0.050239999,23.287500381,_;_;_;409600
6,104,deep_fast,vit_pack_input,block31,400,256,102400,10.542240143,10.587240219,0.045000002,23.287500381,_;_;409600
6,105,deep_fast,vit_expand_blocked_fp8_frag_bytein,block31,1600,32,1638400,10.593119621,10.645319939,0.052200001,23.287500381,_;_;_;400;1024;4096
6,106,deep_fast,vit_contract_blocked_fp8_frag,block31,400,32,409600,10.647560120,10.729200363,0.081639998,23.287500381,_;_;_;_;400;4096;1024
6,107,deep_fast,vit_qkv_project_normalize_fused_f16compact_fp8_frag,block31,2400,32,1228800,10.731479645,10.821680069,0.090200000,23.287500381,_;_;_;400
6,108,deep_fast,vit_attention_fused_400_bytein,block31,800,32,204800,10.823360443,10.898039818,0.074680001,23.287500381,_;_;400
6,109,deep_fast,vit_project_frag,block31,1600,32,409600,10.900279999,10.984640121,0.084360003,23.287500381,_;_;_;_;400;1024;1024
6,110,deep_fast,vit_pack_input,block32,400,256,102400,10.986840248,11.053720474,0.066880003,23.287500381,_;_;409600
6,111,deep_fast,vit_expand_blocked_fp8_frag_bytein,block32,1600,32,1638400,11.059760094,11.136400223,0.076640002,23.287500381,_;_;_;400;1024;4096
6,112,deep_fast,vit_contract_blocked_fp8_frag,block32,400,32,409600,11.138640404,11.219920158,0.081280001,23.287500381,_;_;_;_;400;4096;1024
6,113,deep_fast,vit_qkv_project_normalize_fused_f16compact_fp8_frag,block32,2400,32,1228800,11.222160339,11.314559937,0.092399999,23.287500381,_;_;_;400
6,114,deep_fast,vit_attention_fused_400_bytein,block32,800,32,204800,11.316280365,11.389519691,0.073239997,23.287500381,_;_;400
6,115,deep_fast,vit_project_frag,block32,1600,32,409600,11.391759872,11.476280212,0.084519997,23.287500381,_;_;_;_;400;1024;1024
6,116,deep_fast,vit_pack_input,block33,400,256,102400,11.478440285,11.530400276,0.051959999,23.287500381,_;_;409600
6,117,deep_fast,vit_expand_blocked_fp8_frag_bytein,block33,1600,32,1638400,11.536399841,11.588760376,0.052359998,23.287500381,_;_;_;400;1024;4096
6,118,deep_fast,vit_contract_blocked_fp8_frag,block33,400,32,409600,11.590999603,11.671680450,0.080679998,23.287500381,_;_;_;_;400;4096;1024
6,119,deep_fast,vit_qkv_project_normalize_fused_f16compact_fp8_frag,block33,2400,32,1228800,11.673919678,11.768600464,0.094679996,23.287500381,_;_;_;400
6,120,deep_fast,vit_attention_fused_400_bytein,block33,800,32,204800,11.770319939,11.844360352,0.074040003,23.287500381,_;_;400
6,121,deep_fast,vit_project_frag,block33,1600,32,409600,11.846599579,11.930959702,0.084360003,23.287500381,_;_;_;_;400;1024;1024
6,122,deep_fast,vit_pack_input,block34,400,256,102400,11.933199883,11.981760025,0.048560001,23.287500381,_;_;409600
6,123,deep_fast,vit_expand_blocked_fp8_frag_bytein,block34,1600,32,1638400,11.987799644,12.062680244,0.074879996,23.287500381,_;_;_;400;1024;4096
6,124,deep_fast,vit_contract_blocked_fp8_frag,block34,400,32,409600,12.064959526,12.146360397,0.081400000,23.287500381,_;_;_;_;400;4096;1024
6,125,deep_fast,vit_qkv_project_normalize_fused_f16compact_fp8_frag,block34,2400,32,1228800,12.148599625,12.239640236,0.091040000,23.287500381,_;_;_;400
6,126,deep_fast,vit_attention_fused_400_bytein,block34,800,32,204800,12.241359711,12.314559937,0.073200002,23.287500381,_;_;400
6,127,deep_fast,vit_project_frag,block34,1600,32,409600,12.316800117,12.383999825,0.067199998,23.287500381,_;_;_;_;400;1024;1024
6,128,deep_fast,vit_pack_input,block35,400,256,102400,12.385959625,12.405520439,0.019560000,23.287500381,_;_;409600
6,129,deep_fast,vit_expand_blocked_fp8_frag_bytein,block35,1600,32,1638400,12.443320274,12.500439644,0.057119999,23.287500381,_;_;_;400;1024;4096
6,130,deep_fast,vit_contract_blocked_fp8_frag,block35,400,32,409600,12.502679825,12.585439682,0.082759999,23.287500381,_;_;_;_;400;4096;1024
6,131,deep_fast,vit_qkv_project_normalize_fused_f16compact_fp8_frag,block35,2400,32,1228800,12.587679863,12.678520203,0.090839997,23.287500381,_;_;_;400
6,132,deep_fast,vit_attention_fused_400_bytein,block35,800,32,204800,12.680239677,12.751919746,0.071680002,23.287500381,_;_;400
6,133,deep_fast,vit_project_frag,block35,1600,32,409600,12.754159927,12.841600418,0.087439999,23.287500381,_;_;_;_;400;1024;1024
6,134,deep_fast,vit_pack_input,block36,400,256,102400,12.843799591,12.890399933,0.046599999,23.287500381,_;_;409600
6,135,deep_fast,vit_expand_blocked_fp8_frag_bytein,block36,1600,32,1638400,12.896479607,12.946640015,0.050159998,23.287500381,_;_;_;400;1024;4096
6,136,deep_fast,vit_contract_blocked_fp8_frag,block36,400,32,409600,12.948920250,13.028920174,0.079999998,23.287500381,_;_;_;_;400;4096;1024
6,137,deep_fast,vit_qkv_project_normalize_fused_f16compact_fp8_frag,block36,2400,32,1228800,13.031200409,13.122440338,0.091240004,23.287500381,_;_;_;400
6,138,deep_fast,vit_attention_fused_400_bytein,block36,800,32,204800,13.124119759,13.192919731,0.068800002,23.287500381,_;_;400
6,139,deep_fast,vit_project_frag,block36,1600,32,409600,13.195159912,13.277759552,0.082599998,23.287500381,_;_;_;_;400;1024;1024
6,140,deep_fast,vit_pack_input,block37,400,256,102400,13.279959679,13.326720238,0.046760000,23.287500381,_;_;409600
6,141,deep_fast,vit_expand_blocked_fp8_frag_bytein,block37,1600,32,1638400,13.332799911,13.382599831,0.049800001,23.287500381,_;_;_;400;1024;4096
6,142,deep_fast,vit_contract_blocked_fp8_frag,block37,400,32,409600,13.384840012,13.464079857,0.079240002,23.287500381,_;_;_;_;400;4096;1024
6,143,deep_fast,vit_qkv_project_normalize_fused_f16compact_fp8_frag,block37,2400,32,1228800,13.466360092,13.555040359,0.088679999,23.287500381,_;_;_;400
6,144,deep_fast,vit_attention_fused_400_bytein,block37,800,32,204800,13.556759834,13.634320259,0.077560000,23.287500381,_;_;400
6,145,deep_fast,vit_project_frag,block37,1600,32,409600,13.636560440,13.714639664,0.078079998,23.287500381,_;_;_;_;400;1024;1024
6,146,deep_fast,vit_pack_input,block38,400,256,102400,13.716799736,13.763279915,0.046480000,23.287500381,_;_;409600
6,147,deep_fast,vit_expand_blocked_fp8_frag_bytein,block38,1600,32,1638400,13.767999649,13.844920158,0.076920003,23.287500381,_;_;_;400;1024;4096
6,148,deep_fast,vit_contract_blocked_fp8_frag,block38,400,32,409600,13.847120285,13.926079750,0.078960001,23.287500381,_;_;_;_;400;4096;1024
6,149,deep_fast,vit_qkv_project_normalize_fused_f16compact_fp8_frag,block38,2400,32,1228800,13.928319931,14.020759583,0.092440002,23.287500381,_;_;_;400
6,150,deep_fast,vit_attention_fused_400_bytein,block38,800,32,204800,14.022439957,14.095279694,0.072839998,23.287500381,_;_;400
6,151,deep_fast,vit_project_frag,block38,1600,32,409600,14.097519875,14.181079865,0.083559997,23.287500381,_;_;_;_;400;1024;1024
6,152,deep,vit_gather,block39,1600,256,409600,14.183279991,14.233200073,0.049920000,23.287500381,_;_;_;409600
6,153,deep_fast,decoder_project2x_h16w,block39,800,32,204800,14.240159988,14.312720299,0.072559997,23.287500381,_;_;_;_;25;16;50;30;1024;512
6,154,mh,mh_shift_pack,block40,3584,256,917504,14.315679550,14.368880272,0.053199999,23.287500381,_;_;50;30;56;32;0;0;512;0
6,155,deep_fast,split_mix_blocked_h16w,block40,896,32,917504,14.376520157,14.434679985,0.058160000,23.287500381,_;_;_;1792
6,156,deep_fast,split_ffn_fused_fp8_t8,block40,896,128,917504,14.438039780,14.501119614,0.063079998,23.287500381,_;_;_;_;1792
6,157,deep_fast,split_projection_frag,block40,896,32,917504,14.502719879,14.558199883,0.055480000,23.287500381,_;_;_;_;_;1792
6,158,mh_fast,mh_qkv_normalize_frag_c512,block40,2688,32,2752512,14.561960220,14.633720398,0.071759999,23.287500381,_;_;_;1792
6,159,mh_fused,mh_attention_fused_fp8_out,block40,448,128,448,14.635120392,14.693759918,0.058639999,23.287500381,_;_;_;56;32;512
6,160,mh_fast,mh_attention_project_frag_c512,block40,896,32,917504,14.695240021,14.760239601,0.064999998,23.287500381,_;_;_;_;1792;0;50;30;56;0;0
6,161,mh,mh_shift_pack,block41,4480,256,1146880,14.763279915,14.817159653,0.053879999,23.287500381,_;_;50;30;56;40;4;4;512;0
6,162,deep_fast,split_mix_blocked_h16w,block41,1120,32,1146880,14.823679924,14.871839523,0.048160002,23.287500381,_;_;_;2240
6,163,deep_fast,split_ffn_fused_fp8_t8,block41,1120,128,1146880,14.875679970,14.942399979,0.066720001,23.287500381,_;_;_;_;2240
6,164,deep_fast,split_projection_frag,block41,1120,32,1146880,14.943880081,15.000720024,0.056839999,23.287500381,_;_;_;_;_;2240
6,165,mh_fast,mh_qkv_normalize_frag_c512,block41,3360,32,3440640,15.004920006,15.080519676,0.075599998,23.287500381,_;_;_;2240
6,166,mh_fused,mh_attention_fused_fp8_out,block41,560,128,560,15.083200455,15.118240356,0.035039999,23.287500381,_;_;_;56;40;512
6,167,mh_fast,mh_attention_project_frag_c512,block41,1120,32,1146880,15.119680405,15.182279587,0.062600002,23.287500381,_;_;_;_;2240;0;50;30;56;4;4
6,168,mh,mh_shift_pack,block44,3584,256,917504,15.185319901,15.238120079,0.052800000,23.287500381,_;_;50;30;56;32;0;0;512;0
6,169,deep_fast,split_mix_blocked_h16w,block44,896,32,917504,15.245719910,15.304880142,0.059160002,23.287500381,_;_;_;1792
6,170,deep_fast,split_ffn_fused_fp8_t8,block44,896,128,917504,15.308199883,15.370759964,0.062560000,23.287500381,_;_;_;_;1792
6,171,deep_fast,split_projection_frag,block44,896,32,917504,15.372320175,15.428159714,0.055840001,23.287500381,_;_;_;_;_;1792
6,172,mh_fast,mh_qkv_normalize_frag_c512,block44,2688,32,2752512,15.431920052,15.503800392,0.071879998,23.287500381,_;_;_;1792
6,173,mh_fused,mh_attention_fused_fp8_out,block44,448,128,448,15.505200386,15.564680099,0.059480000,23.287500381,_;_;_;56;32;512
6,174,mh_fast,mh_attention_project_frag_c512,block44,896,32,917504,15.566200256,15.633239746,0.067039996,23.287500381,_;_;_;_;1792;0;50;30;56;0;0
6,175,mh,mh_shift_pack,block45,4480,256,1146880,15.636240005,15.690400124,0.054159999,23.287500381,_;_;50;30;56;40;4;4;512;0
6,176,deep_fast,split_mix_blocked_h16w,block45,1120,32,1146880,15.696880341,15.744959831,0.048080001,23.287500381,_;_;_;2240
6,177,deep_fast,split_ffn_fused_fp8_t8,block45,1120,128,1146880,15.748800278,15.815719604,0.066919997,23.287500381,_;_;_;_;2240
6,178,deep_fast,split_projection_frag,block45,1120,32,1146880,15.817199707,15.874239922,0.057039998,23.287500381,_;_;_;_;_;2240
6,179,mh_fast,mh_qkv_normalize_frag_c512,block45,3360,32,3440640,15.878520012,15.953639984,0.075120002,23.287500381,_;_;_;2240
6,180,mh_fused,mh_attention_fused_fp8_out,block45,560,128,560,15.956239700,15.991359711,0.035119999,23.287500381,_;_;_;56;40;512
6,181,mh_fast,mh_attention_project_frag_c512,block45,1120,32,1146880,15.992799759,16.055959702,0.063160002,23.287500381,_;_;_;_;2240;0;50;30;56;4;4
6,182,mh,mh_shift_pack,block47,4480,256,1146880,16.059040070,16.113439560,0.054400001,23.287500381,_;_;50;30;56;40;0;4;512;0
6,183,deep_fast,split_mix_blocked_h16w,block47,1120,32,1146880,16.120040894,16.168479919,0.048439998,23.287500381,_;_;_;2240
6,184,deep_fast,split_ffn_fused_fp8_t8,block47,1120,128,1146880,16.172279358,16.239200592,0.066919997,23.287500381,_;_;_;_;2240
6,185,deep_fast,split_projection_frag,block47,1120,32,1146880,16.240760803,16.297439575,0.056680001,23.287500381,_;_;_;_;_;2240
6,186,mh_fast,mh_qkv_normalize_frag_c512,block47,3360,32,3440640,16.301759720,16.377159119,0.075400002,23.287500381,_;_;_;2240
6,187,mh_fused,mh_attention_fused_fp8_out,block47,560,128,560,16.379720688,16.415359497,0.035640001,23.287500381,_;_;_;56;40;512
6,188,mh_fast,mh_attention_project_frag_c512,block47,1120,32,1146880,16.416719437,16.481319427,0.064599998,23.287500381,_;_;_;_;2240;0;50;30;56;0;4
6,189,deep_fast,decoder_project2x_h16w_byteout,block48,1504,32,384000,16.484319687,16.578519821,0.094200000,23.287500381,_;_;_;_;50;30;100;60;512;256
6,190,mh_fast,mh_ffn_fused_c256_frag_project_mapped_g128_qkv_bytein_fb,block48,416,512,1703936,16.580520630,16.683319092,0.102799997,23.287500381,_;_;_;_;_;6656;100;60;104;0;0
6,191,mh_fused,c256_attention_project_fb_bout_diag,block48,104,512,104,16.684759140,16.769639969,0.084880002,23.287500381,_;_;_;_;104;64;0;100;60;0;0
6,192,mh_fast,mh_ffn_fused_c256_frag_project_mapped_g128_qkv_bytein_fb,block49,416,512,1703936,16.771320343,16.876640320,0.105319999,23.287500381,_;_;_;_;_;6656;100;60;104;4;4
6,193,mh_fused,c256_attention_project_fb_bout_diag,block49,104,512,104,16.878160477,16.960920334,0.082759999,23.287500381,_;_;_;_;104;64;4;100;60;4;4
6,194,mh_fast,mh_ffn_fused_c256_frag_project_mapped_g128_qkv_bytein_fb,block50,416,512,1703936,16.962640762,17.066200256,0.103560001,23.287500381,_;_;_;_;_;6656;100;60;104;4;0
6,195,mh_fused,c256_attention_project_fb_bout_diag,block50,104,512,104,17.067640305,17.151760101,0.084119998,23.287500381,_;_;_;_;104;64;4;100;60;4;0
6,196,mh_fast,mh_ffn_fused_c256_frag_project_mapped_g128_qkv_bytein_fb,block51,416,512,1703936,17.153440475,17.258720398,0.105279997,23.287500381,_;_;_;_;_;6656;100;60;104;0;4
6,197,mh_fused,c256_attention_project_fb_bout_diag,block51,104,512,104,17.260240555,17.342840195,0.082599998,23.287500381,_;_;_;_;104;64;4;100;60;0;4
6,198,mh_fast,mh_ffn_fused_c256_frag_project_mapped_g128_qkv_bytein_fb,block52,416,512,1703936,17.344600677,17.447999954,0.103399999,23.287500381,_;_;_;_;_;6656;100;60;104;0;0
6,199,mh_fused,c256_attention_project_fb_bout_diag,block52,104,512,104,17.449480057,17.532880783,0.083400004,23.287500381,_;_;_;_;104;64;4;100;60;0;0
6,200,mh_fast,mh_ffn_fused_c256_frag_project_mapped_g128_qkv_bytein_fb,block53,416,512,1703936,17.534559250,17.639280319,0.104719996,23.287500381,_;_;_;_;_;6656;100;60;104;4;4
6,201,mh_fused,c256_attention_project_fb_bout_diag,block53,104,512,104,17.640840530,17.723760605,0.082920000,23.287500381,_;_;_;_;104;64;4;100;60;4;4
6,202,mh_fast,mh_ffn_fused_c256_frag_project_mapped_g128_qkv_bytein_fb,block54,416,512,1703936,17.725479126,17.830879211,0.105400003,23.287500381,_;_;_;_;_;6656;100;60;104;4;0
6,203,mh_fused,c256_attention_project_fb_bout_diag,block54,104,512,104,17.832319260,17.916280746,0.083959997,23.287500381,_;_;_;_;104;64;4;100;60;4;0
6,204,mh_fast,mh_ffn_fused_c256_frag_project_mapped_g128_qkv_bytein_fb,block55,416,512,1703936,17.917959213,18.022039413,0.104079999,23.287500381,_;_;_;_;_;6656;100;60;104;0;4
6,205,mh_fused,c256_attention_project_fb_diag,block55,104,512,104,18.023559570,18.109119415,0.085560001,23.287500381,_;_;_;_;104;64;0;100;60;0;4
6,206,deep_fast,decoder_project2x_h16w_byteout,block56,3000,32,768000,18.111759186,18.203680038,0.091920003,23.287500381,_;_;_;_;100;60;200;120;256;128
6,207,mh_fast,mh_ffn_fused_c128_project_mapped_g128_qkv_bytein_fb,block56,1560,256,3194880,18.205560684,18.331319809,0.125760004,23.287500381,_;_;_;_;_;24960;200;120;208;4;0
6,208,mh_fused,c128_attention_project_fb_bout_diag,block56,390,512,390,18.332719803,18.424280167,0.091559999,23.287500381,_;_;_;_;208;120;4;200;120;4;0
6,209,mh_fast,mh_ffn_fused_c128_project_mapped_g128_qkv_bytein_fb,block57,1600,256,3276800,18.425720215,18.544839859,0.119120002,23.287500381,_;_;_;_;_;25600;200;120;200;0;4
6,210,mh_fused,c128_attention_project_fb_bout_diag,block57,400,512,400,18.552560806,18.640640259,0.088079996,23.287500381,_;_;_;_;200;128;4;200;120;0;4
6,211,mh_fast,mh_ffn_fused_c128_project_g128_qkv_bytein_fb,block58,1500,256,3072000,18.642080307,18.758960724,0.116880000,23.287500381,_;_;_;_;_;24000;200;120;200;0;0
6,212,mh_fused,c128_attention_project_fb_bout_diag,block58,375,512,375,18.760320663,18.843919754,0.083600000,23.287500381,_;_;_;_;200;120;4;0;0;0;0
6,213,mh_fast,mh_ffn_fused_c128_project_mapped_g128_qkv_bytein_fb,block59,1664,256,3407872,18.845399857,18.968999863,0.123599999,23.287500381,_;_;_;_;_;26624;200;120;208;4;4
6,214,mh_fused,c128_attention_project_fb_bout_diag,block59,416,512,416,18.975400925,19.042240143,0.066840000,23.287500381,_;_;_;_;208;128;4;200;120;4;4
6,215,mh_fast,mh_ffn_fused_c128_project_mapped_g128_qkv_bytein_fb,block60,1560,256,3194880,19.043840408,19.168960571,0.125119999,23.287500381,_;_;_;_;_;24960;200;120;208;4;0
6,216,mh_fused,c128_attention_project_fb_bout_diag,block60,390,512,390,19.170440674,19.260040283,0.089599997,23.287500381,_;_;_;_;208;120;4;200;120;4;0
6,217,mh_fast,mh_ffn_fused_c128_project_mapped_g128_qkv_bytein_fb,block61,1600,256,3276800,19.261560440,19.379560471,0.118000001,23.287500381,_;_;_;_;_;25600;200;120;200;0;4
6,218,mh_fused,c128_attention_project_fb_diag,block61,400,512,400,19.386440277,19.478960037,0.092519999,23.287500381,_;_;_;_;200;128;0;200;120;0;4
6,219,deep_fast,decoder_project2x_h16w_byteout,block62,6000,32,1536000,19.480960846,19.603000641,0.122040004,23.287500381,_;_;_;_;200;120;400;240;128;64
6,220,mh_fast,mh_ffn_fused_c64_project_g128_qkv_bytein_fb,block62,6000,128,6144000,19.605119705,19.748920441,0.143800005,23.287500381,_;_;_;_;_;96000;400;240;400;0;0
6,221,mh_fused,c64_attention_project_fb_bout_diag,block62,1500,256,1500,19.750640869,19.868360519,0.117720000,23.287500381,_;_;_;_;400;240;4;0;0;0;0
6,222,mh_fast,mh_ffn_fused_c64_project_mapped_g128_qkv_bytein_fb,block63,6324,128,6475776,19.869800568,20.035160065,0.165360004,23.287500381,_;_;_;_;_;101184;400;240;408;4;4
6,223,mh_fused,c64_attention_project_fb_bout_diag,block63,1581,256,1581,20.036600113,20.149759293,0.113159999,23.287500381,_;_;_;_;408;248;4;400;240;4;4
6,224,mh_fast,mh_ffn_fused_c64_project_mapped_g128_qkv_bytein_fb,block64,6120,128,6266880,20.151199341,20.311920166,0.160720006,23.287500381,_;_;_;_;_;97920;400;240;408;4;0
6,225,mh_fused,c64_attention_project_fb_bout_diag,block64,1530,256,1530,20.313320160,20.435480118,0.122160003,23.287500381,_;_;_;_;408;240;4;400;240;4;0
6,226,mh_fast,mh_ffn_fused_c64_project_mapped_g128_qkv_bytein_fb,block65,6200,128,6348800,20.436960220,20.598680496,0.161719993,23.287500381,_;_;_;_;_;99200;400;240;400;0;4
6,227,mh_fused,c64_attention_project_fb_diag,block65,1550,256,1550,20.600120544,20.729120255,0.128999993,23.287500381,_;_;_;_;400;248;0;400;240;0;4
6,228,deep_fast,decoder_project2x_h16w,block69,12000,32,3072000,20.730760574,20.965480804,0.234720007,23.287500381,_;_;_;_;400;240;800;480;64;32
6,229,c32_fused_ffn,c32_fast_ffn_attention_fused_half_mapped,block69,6000,128,6000,20.968559265,21.269399643,0.300839990,23.287500381,_;_;_;_;6000;0;1;800;480;0;0
6,230,c32_fused_ffn,c32_fast_ffn_attention_fused_half_chain,block69,6161,128,6161,21.270879745,21.555099487,0.284220010,23.287500381,_;_;_;_;6161;3;1;800;480;4;4;800;0;0
6,231,c32_fused_ffn,c32_fast_ffn_attention_fused_half_chain,block69,6060,128,6060,21.556699753,21.834499359,0.277799994,23.287500381,_;_;_;_;6060;3;1;800;480;4;0;808;4;4
6,232,c32_fused_ffn,c32_fast_ffn_attention_fused_half_chain_finish,block69,6100,128,6100,21.836059570,22.147899628,0.311839998,23.287500381,_;_;_;_;_;6100;3;1;800;480;0;4;808;4;0
6,233,c32_fused_ffn,c32_post_merge_head_half,block70,24321,128,24321,22.149499893,23.256700516,1.107200027,23.287500381,_;_;_;_;_;_;_;_;24321;1600;960;4;4;_
7,0,c32_fused_ffn,c32_fast_ffn_attention_fused_half_prefix_finish_main8,pre-down,24000,128,24000,0.005960000,1.113559961,1.107599974,23.477020264,_;_;_;_;_;_;24000;0;1;1600;960;0;0
7,1,c32_fused_ffn,c32_fast_ffn_attention_fused_half_mapped,block4,6000,128,6000,1.115159988,1.424679995,0.309520006,23.477020264,_;_;_;_;6000;0;1;800;480;0;0
7,2,c32_fused_ffn,c32_fast_ffn_attention_fused_half_chain,block4,6161,128,6161,1.426120043,1.710039973,0.283919990,23.477020264,_;_;_;_;6161;3;1;800;480;4;4;800;0;0
7,3,c32_fused_ffn,c32_fast_ffn_attention_fused_half_chain,block4,6060,128,6060,1.711599946,2.005239964,0.293639988,23.477020264,_;_;_;_;6060;3;1;800;480;4;0;808;4;4
7,4,c32_fused_ffn,c32_fast_ffn_attention_fused_half_chain_finish_dcrop,block4,6100,128,6100,2.006839991,2.318559885,0.311720014,23.477020264,_;_;_;_;_;6100;3;1;800;480;0;4;808;4;0
7,5,mh_fast,mh_pool_project_production_h16w,block5,24000,32,6144000,2.320199966,2.403359890,0.083159998,23.477020264,_;_;_;400;240;0;0;32
7,6,mh_fast,mh_ffn_fused_c64_project_g128_qkv_fb,block5,6000,128,6144000,2.411839962,2.553240061,0.141399994,23.477020264,_;_;_;_;_;96000;400;240;400;0;0
7,7,mh_fused,c64_attention_project_fb_bout_diag,block5,1500,256,1500,2.554640055,2.662159920,0.107519999,23.477020264,_;_;_;_;400;240;4;0;0;0;0
7,8,mh_fast,mh_ffn_fused_c64_project_mapped_g128_qkv_bytein_fb,block6,6324,128,6475776,2.663480043,2.827919960,0.164440006,23.477020264,_;_;_;_;_;101184;400;240;408;4;4
7,9,mh_fused,c64_attention_project_fb_bout_diag,block6,1581,256,1581,2.829279900,2.953560114,0.124279998,23.477020264,_;_;_;_;408;248;4;400;240;4;4
7,10,mh_fast,mh_ffn_fused_c64_project_mapped_g128_qkv_bytein_fb,block7,6120,128,6266880,2.954999924,3.114559889,0.159559995,23.477020264,_;_;_;_;_;97920;400;240;408;4;0
7,11,mh_fused,c64_attention_project_fb_bout_diag,block7,1530,256,1530,3.115920067,3.237240076,0.121320002,23.477020264,_;_;_;_;408;240;4;400;240;4;0
7,12,mh_fast,mh_ffn_fused_c64_project_mapped_g128_qkv_bytein_fb,block8,6200,128,6348800,3.238759995,3.398799896,0.160040006,23.477020264,_;_;_;_;_;99200;400;240;400;0;4
7,13,mh_fused,c64_attention_project_fb_diag,block8,1550,256,1550,3.400160074,3.523560047,0.123400003,23.477020264,_;_;_;_;400;248;3;400;240;0;4
7,14,mh_fast,mh_pool_project_group_c64,block9,1500,64,3072000,3.525120020,3.600280046,0.075159997,23.477020264,_;_;_;200;120;400;0;0
7,15,mh_fast,mh_ffn_fused_c128_project_g128_qkv_fb,block9,1500,256,3072000,3.604799986,3.726680040,0.121880002,23.477020264,_;_;_;_;_;24000;200;120;200;0;0
7,16,mh_fused,c128_attention_project_fb_bout_diag,block9,375,512,375,3.728080034,3.810359955,0.082280003,23.477020264,_;_;_;_;200;120;4;0;0;0;0
7,17,mh_fast,mh_ffn_fused_c128_project_mapped_g128_qkv_bytein_fb,block10,1664,256,3407872,3.811840057,3.934920073,0.123080000,23.477020264,_;_;_;_;_;26624;200;120;208;4;4
7,18,mh_fused,c128_attention_project_fb_bout_diag,block10,416,512,416,3.943120003,4.028800011,0.085680000,23.477020264,_;_;_;_;208;128;4;200;120;4;4
7,19,mh_fast,mh_ffn_fused_c128_project_mapped_g128_qkv_bytein_fb,block11,1560,256,3194880,4.030240059,4.157000065,0.126760006,23.477020264,_;_;_;_;_;24960;200;120;208;4;0
7,20,mh_fused,c128_attention_project_fb_bout_diag,block11,390,512,390,4.158360004,4.249360085,0.090999998,23.477020264,_;_;_;_;208;120;4;200;120;4;0
7,21,mh_fast,mh_ffn_fused_c128_project_mapped_g128_qkv_bytein_fb,block12,1600,256,3276800,4.250840187,4.369800091,0.118960001,23.477020264,_;_;_;_;_;25600;200;120;200;0;4
7,22,mh_fused,c128_attention_project_fb_bout_diag,block12,400,512,400,4.376760006,4.463759899,0.086999997,23.477020264,_;_;_;_;200;128;4;200;120;0;4
7,23,mh_fast,mh_ffn_fused_c128_project_g128_qkv_bytein_fb,block13,1500,256,3072000,4.465199947,4.584640026,0.119439997,23.477020264,_;_;_;_;_;24000;200;120;200;0;0
7,24,mh_fused,c128_attention_project_fb_bout_diag,block13,375,512,375,4.587279797,4.669239998,0.081960000,23.477020264,_;_;_;_;200;120;4;0;0;0;0
7,25,mh_fast,mh_ffn_fused_c128_project_mapped_g128_qkv_bytein_fb,block14,1664,256,3407872,4.670720100,4.794960022,0.124240004,23.477020264,_;_;_;_;_;26624;200;120;208;4;4
7,26,mh_fused,c128_attention_project_fb_diag,block14,416,512,416,4.802800179,4.889639854,0.086839996,23.477020264,_;_;_;_;208;128;3;200;120;4;4
7,27,mh_fast,mh_pool_project_group_c128,block15,375,128,1536000,4.891320229,4.950759888,0.059440002,23.477020264,_;_;_;100;60;200;0;0
7,28,mh_fast,mh_ffn_fused_c256_frag_project_mapped_g128_qkv_fb,block15,416,512,1703936,4.955359936,5.061920166,0.106559999,23.477020264,_;_;_;_;_;6656;100;60;104;0;0
7,29,mh_fused,c256_attention_project_fb_bout_diag,block15,104,512,104,5.063320160,5.146240234,0.082920000,23.477020264,_;_;_;_;104;64;4;100;60;0;0
7,30,mh_fast,mh_ffn_fused_c256_frag_project_mapped_g128_qkv_bytein_fb,block16,416,512,1703936,5.147920132,5.253160000,0.105240002,23.477020264,_;_;_;_;_;6656;100;60;104;4;4
7,31,mh_fused,c256_attention_project_fb_bout_diag,block16,104,512,104,5.254720211,5.337120056,0.082400002,23.477020264,_;_;_;_;104;64;4;100;60;4;4
7,32,mh_fast,mh_ffn_fused_c256_frag_project_mapped_g128_qkv_bytein_fb,block17,416,512,1703936,5.338840008,5.442840099,0.104000002,23.477020264,_;_;_;_;_;6656;100;60;104;4;0
7,33,mh_fused,c256_attention_project_fb_bout_diag,block17,104,512,104,5.444240093,5.527999878,0.083760001,23.477020264,_;_;_;_;104;64;4;100;60;4;0
7,34,mh_fast,mh_ffn_fused_c256_frag_project_mapped_g128_qkv_bytein_fb,block18,416,512,1703936,5.529679775,5.652719975,0.123039998,23.477020264,_;_;_;_;_;6656;100;60;104;0;4
7,35,mh_fused,c256_attention_project_fb_bout_diag,block18,104,512,104,5.654240131,5.737480164,0.083240002,23.477020264,_;_;_;_;104;64;4;100;60;0;4
7,36,mh_fast,mh_ffn_fused_c256_frag_project_mapped_g128_qkv_bytein_fb,block19,416,512,1703936,5.739200115,5.843719959,0.104520001,23.477020264,_;_;_;_;_;6656;100;60;104;0;0
7,37,mh_fused,c256_attention_project_fb_bout_diag,block19,104,512,104,5.845119953,5.933959961,0.088840000,23.477020264,_;_;_;_;104;64;4;100;60;0;0
7,38,mh_fast,mh_ffn_fused_c256_frag_project_mapped_g128_qkv_bytein_fb,block20,416,512,1703936,5.935599804,6.042079926,0.106480002,23.477020264,_;_;_;_;_;6656;100;60;104;4;4
7,39,mh_fused,c256_attention_project_fb_bout_diag,block20,104,512,104,6.043560028,6.126200199,0.082640000,23.477020264,_;_;_;_;104;64;4;100;60;4;4
7,40,mh_fast,mh_ffn_fused_c256_frag_project_mapped_g128_qkv_bytein_fb,block21,416,512,1703936,6.127920151,6.234240055,0.106320001,23.477020264,_;_;_;_;_;6656;100;60;104;4;0
7,41,mh_fused,c256_attention_project_fb_bout_diag,block21,104,512,104,6.235599995,6.319359779,0.083760001,23.477020264,_;_;_;_;104;64;4;100;60;4;0
7,42,mh_fast,mh_ffn_fused_c256_frag_project_mapped_g128_qkv_bytein_fb,block22,416,512,1703936,6.321040154,6.428400040,0.107359998,23.477020264,_;_;_;_;_;6656;100;60;104;0;4
7,43,mh_fused,c256_attention_project_fb_diag,block22,104,512,104,6.429959774,6.513239861,0.083279997,23.477020264,_;_;_;_;104;64;3;100;60;0;4
7,44,mh_fast,mh_pool_project_group_c256,block23,94,256,768000,6.515840054,6.572720051,0.056880001,23.477020264,_;_;_;50;30;100;0;0
7,45,mh,mh_shift_pack,block23,3584,256,917504,6.575759888,6.629280090,0.053520001,23.477020264,_;_;50;30;56;32;0;0;512;0
7,46,deep_fast,split_mix_blocked_h16w,block23,896,32,917504,6.635439873,6.696479797,0.061039999,23.477020264,_;_;_;1792
7,47,deep_fast,split_ffn_fused_fp8_t8,block23,896,128,917504,6.699800014,6.757440090,0.057640001,23.477020264,_;_;_;_;1792
7,48,deep_fast,split_projection_frag,block23,896,32,917504,6.758959770,6.812960148,0.054000001,23.477020264,_;_;_;_;_;1792
7,49,mh_fast,mh_qkv_normalize_frag_c512,block23,2688,32,2752512,6.816720009,6.889200211,0.072480001,23.477020264,_;_;_;1792
7,50,mh_fused,mh_attention_fused_fp8_out,block23,448,128,448,6.890600204,6.948679924,0.058079999,23.477020264,_;_;_;56;32;512
7,51,mh_fast,mh_attention_project_frag_c512,block23,896,32,917504,6.950160027,7.015079975,0.064920001,23.477020264,_;_;_;_;1792;0;50;30;56;0;0
7,52,mh,mh_shift_pack,block24,4480,256,1146880,7.018080235,7.074679852,0.056600001,23.477020264,_;_;50;30;56;40;4;4;512;0
7,53,deep_fast,split_mix_blocked_h16w,block24,1120,32,1146880,7.081160069,7.129079819,0.047920000,23.477020264,_;_;_;2240
7,54,deep_fast,split_ffn_fused_fp8_t8,block24,1120,128,1146880,7.132880211,7.199920177,0.067039996,23.477020264,_;_;_;_;2240
7,55,deep_fast,split_projection_frag,block24,1120,32,1146880,7.201360226,7.258240223,0.056880001,23.477020264,_;_;_;_;_;2240
7,56,mh_fast,mh_qkv_normalize_frag_c512,block24,3360,32,3440640,7.262519836,7.336840153,0.074320003,23.477020264,_;_;_;2240
7,57,mh_fused,mh_attention_fused_fp8_out,block24,560,128,560,7.339439869,7.374440193,0.035000000,23.477020264,_;_;_;56;40;512
7,58,mh_fast,mh_attention_project_frag_c512,block24,1120,32,1146880,7.375879765,7.438360214,0.062479999,23.477020264,_;_;_;_;2240;0;50;30;56;4;4
7,59,mh,mh_shift_pack,block25,3584,256,917504,7.441400051,7.494800091,0.053399999,23.477020264,_;_;50;30;56;32;4;0;512;0
7,60,deep_fast,split_mix_blocked_h16w,block25,896,32,917504,7.500879765,7.564280033,0.063400000,23.477020264,_;_;_;1792
7,61,deep_fast,split_ffn_fused_fp8_t8,block25,896,128,917504,7.567560196,7.630440235,0.062880002,23.477020264,_;_;_;_;1792
7,62,deep_fast,split_projection_frag,block25,896,32,917504,7.631959915,7.687640190,0.055679999,23.477020264,_;_;_;_;_;1792
7,63,mh_fast,mh_qkv_normalize_frag_c512,block25,2688,32,2752512,7.691359997,7.762279987,0.070919998,23.477020264,_;_;_;1792
7,64,mh_fused,mh_attention_fused_fp8_out,block25,448,128,448,7.763679981,7.822159767,0.058479998,23.477020264,_;_;_;56;32;512
7,65,mh_fast,mh_attention_project_frag_c512,block25,896,32,917504,7.823679924,7.888239861,0.064560004,23.477020264,_;_;_;_;1792;0;50;30;56;4;0
7,66,mh,mh_shift_pack,block26,4480,256,1146880,7.891240120,7.944600105,0.053360000,23.477020264,_;_;50;30;56;40;0;4;512;0
7,67,deep_fast,split_mix_blocked_h16w,block26,1120,32,1146880,7.952559948,8.020199776,0.067639999,23.477020264,_;_;_;2240
7,68,deep_fast,split_ffn_fused_fp8_t8,block26,1120,128,1146880,8.024040222,8.093480110,0.069440000,23.477020264,_;_;_;_;2240
7,69,deep_fast,split_projection_frag,block26,1120,32,1146880,8.094960213,8.152480125,0.057519998,23.477020264,_;_;_;_;_;2240
7,70,mh_fast,mh_qkv_normalize_frag_c512,block26,3360,32,3440640,8.156760216,8.231840134,0.075080000,23.477020264,_;_;_;2240
7,71,mh_fused,mh_attention_fused_fp8_out,block26,560,128,560,8.234479904,8.269359589,0.034880001,23.477020264,_;_;_;56;40;512
7,72,mh_fast,mh_attention_project_frag_c512,block26,1120,32,1146880,8.270799637,8.333160400,0.062360000,23.477020264,_;_;_;_;2240;0;50;30;56;0;4
7,73,mh,mh_shift_pack,block27,3584,256,917504,8.336159706,8.389360428,0.053199999,23.477020264,_;_;50;30;56;32;0;0;512;0
7,74,deep_fast,split_mix_blocked_h16w,block27,896,32,917504,8.396759987,8.455639839,0.058880001,23.477020264,_;_;_;1792
7,75,deep_fast,split_ffn_fused_fp8_t8,block27,896,128,917504,8.458919525,8.521439552,0.062519997,23.477020264,_;_;_;_;1792
7,76,deep_fast,split_projection_frag,block27,896,32,917504,8.522999763,8.578720093,0.055720001,23.477020264,_;_;_;_;_;1792
7,77,mh_fast,mh_qkv_normalize_frag_c512,block27,2688,32,2752512,8.582440376,8.652839661,0.070400000,23.477020264,_;_;_;1792
7,78,mh_fused,mh_attention_fused_fp8_out,block27,448,128,448,8.654239655,8.712479591,0.058240000,23.477020264,_;_;_;56;32;512
7,79,mh_fast,mh_attention_project_frag_c512,block27,896,32,917504,8.713959694,8.779120445,0.065159999,23.477020264,_;_;_;_;1792;0;50;30;56;0;0
7,80,mh,mh_shift_pack,block28,4480,256,1146880,8.782119751,8.835960388,0.053840000,23.477020264,_;_;50;30;56;40;4;4;512;0
7,81,deep_fast,split_mix_blocked_h16w,block28,1120,32,1146880,8.842399597,8.911800385,0.069399998,23.477020264,_;_;_;2240
7,82,deep_fast,split_ffn_fused_fp8_t8,block28,1120,128,1146880,8.915639877,8.981160164,0.065520003,23.477020264,_;_;_;_;2240
7,83,deep_fast,split_projection_frag,block28,1120,32,1146880,8.982640266,9.033599854,0.050960001,23.477020264,_;_;_;_;_;2240
7,84,mh_fast,mh_qkv_normalize_frag_c512,block28,3360,32,3440640,9.037719727,9.117799759,0.080080003,23.477020264,_;_;_;2240
7,85,mh_fused,mh_attention_fused_fp8_out,block28,560,128,560,9.120439529,9.157640457,0.037200000,23.477020264,_;_;_;56;40;512
7,86,mh_fast,mh_attention_project_frag_c512,block28,1120,32,1146880,9.159079552,9.224360466,0.065279998,23.477020264,_;_;_;_;2240;0;50;30;56;4;4
7,87,mh,mh_shift_pack,block29,3584,256,917504,9.227359772,9.282560349,0.055199999,23.477020264,_;_;50;30;56;32;4;0;512;0
7,88,deep_fast,split_mix_blocked_h16w,block29,896,32,917504,9.290200233,9.352680206,0.062479999,23.477020264,_;_;_;1792
7,89,deep_fast,split_ffn_fused_fp8_t8,block29,896,128,917504,9.355959892,9.420359612,0.064400002,23.477020264,_;_;_;_;1792
7,90,deep_fast,split_projection_frag,block29,896,32,917504,9.421919823,9.479840279,0.057920001,23.477020264,_;_;_;_;_;1792
7,91,mh_fast,mh_qkv_normalize_frag_c512,block29,2688,32,2752512,9.483599663,9.556440353,0.072839998,23.477020264,_;_;_;1792
7,92,mh_fused,mh_attention_fused_fp8_out,block29,448,128,448,9.557800293,9.618920326,0.061120000,23.477020264,_;_;_;56;32;512
7,93,mh_fast,mh_attention_project_frag_c512,block29,896,32,917504,9.620400429,9.688480377,0.068080001,23.477020264,_;_;_;_;1792;0;50;30;56;4;0
7,94,mh,mh_shift_pack,block30,4480,256,1146880,9.691479683,9.747240067,0.055760000,23.477020264,_;_;50;30;56;40;0;4;512;0
7,95,deep_fast,split_mix_blocked_h16w,block30,1120,32,1146880,9.755120277,9.823360443,0.068240002,23.477020264,_;_;_;2240
7,96,deep_fast,split_ffn_fused_fp8_t8,block30,1120,128,1146880,9.827199936,9.894599915,0.067400001,23.477020264,_;_;_;_;2240
7,97,deep_fast,split_projection_frag,block30,1120,32,1146880,9.896080017,9.954839706,0.058759999,23.477020264,_;_;_;_;_;2240
7,98,mh_fast,mh_qkv_normalize_frag_c512,block30,3360,32,3440640,9.959159851,10.035840034,0.076679997,23.477020264,_;_;_;2240
7,99,mh_fused,mh_attention_fused_fp8_out,block30,560,128,560,10.038479805,10.099439621,0.060959999,23.477020264,_;_;_;56;40;512
7,100,mh_fast,mh_attention_project_frag_c512,block30,1120,32,1146880,10.100879669,10.172960281,0.072080001,23.477020264,_;_;_;_;2240;3;50;30;56;0;4
7,101,mh,mh_pool,head,800,256,204800,10.175919533,10.227279663,0.051360000,23.477020264,_;_;25;16;50;25;15;512
7,102,mh_fast,mh_pool_project_production_h16w,head,1600,32,409600,10.233480453,10.318320274,0.084840000,23.477020264,_;_;_;25;16;25;15;512
7,103,deep,vit_gather,block31,1600,256,409600,10.320599556,10.372079849,0.051479999,23.477020264,_;_;_;409600
7,104,deep_fast,vit_pack_input,block31,400,256,102400,10.378520012,10.400600433,0.022080000,23.477020264,_;_;409600
7,105,deep_fast,vit_expand_blocked_fp8_frag_bytein,block31,1600,32,1638400,10.405440331,10.457200050,0.051759999,23.477020264,_;_;_;400;1024;4096
7,106,deep_fast,vit_contract_blocked_fp8_frag,block31,400,32,409600,10.459440231,10.539440155,0.079999998,23.477020264,_;_;_;_;400;4096;1024
7,107,deep_fast,vit_qkv_project_normalize_fused_f16compact_fp8_frag,block31,2400,32,1228800,10.541680336,10.633239746,0.091559999,23.477020264,_;_;_;400
7,108,deep_fast,vit_attention_fused_400_bytein,block31,800,32,204800,10.634920120,10.708439827,0.073519997,23.477020264,_;_;400
7,109,deep_fast,vit_project_frag,block31,1600,32,409600,10.710680008,10.795760155,0.085079998,23.477020264,_;_;_;_;400;1024;1024
7,110,deep_fast,vit_pack_input,block32,400,256,102400,10.797960281,10.846400261,0.048439998,23.477020264,_;_;409600
7,111,deep_fast,vit_expand_blocked_fp8_frag_bytein,block32,1600,32,1638400,10.851240158,10.904159546,0.052919999,23.477020264,_;_;_;400;1024;4096
7,112,deep_fast,vit_contract_blocked_fp8_frag,block32,400,32,409600,10.906399727,10.988200188,0.081799999,23.477020264,_;_;_;_;400;4096;1024
7,113,deep_fast,vit_qkv_project_normalize_fused_f16compact_fp8_frag,block32,2400,32,1228800,10.990440369,11.079759598,0.089319997,23.477020264,_;_;_;400
7,114,deep_fast,vit_attention_fused_400_bytein,block32,800,32,204800,11.081480026,11.158359528,0.076880001,23.477020264,_;_;400
7,115,deep_fast,vit_project_frag,block32,1600,32,409600,11.160599709,11.245039940,0.084440000,23.477020264,_;_;_;_;400;1024;1024
7,116,deep_fast,vit_pack_input,block33,400,256,102400,11.247240067,11.296119690,0.048880000,23.477020264,_;_;409600
7,117,deep_fast,vit_expand_blocked_fp8_frag_bytein,block33,1600,32,1638400,11.302240372,11.353799820,0.051560000,23.477020264,_;_;_;400;1024;4096
7,118,deep_fast,vit_contract_blocked_fp8_frag,block33,400,32,409600,11.356080055,11.436639786,0.080559999,23.477020264,_;_;_;_;400;4096;1024
7,119,deep_fast,vit_qkv_project_normalize_fused_f16compact_fp8_frag,block33,2400,32,1228800,11.438879967,11.530039787,0.091159999,23.477020264,_;_;_;400
7,120,deep_fast,vit_attention_fused_400_bytein,block33,800,32,204800,11.531760216,11.605919838,0.074160002,23.477020264,_;_;400
7,121,deep_fast,vit_project_frag,block33,1600,32,409600,11.608160019,11.693840027,0.085680000,23.477020264,_;_;_;_;400;1024;1024
7,122,deep_fast,vit_pack_input,block34,400,256,102400,11.696040154,11.745079994,0.049040001,23.477020264,_;_;409600
7,123,deep_fast,vit_expand_blocked_fp8_frag_bytein,block34,1600,32,1638400,11.749959946,11.802760124,0.052800000,23.477020264,_;_;_;400;1024;4096
7,124,deep_fast,vit_contract_blocked_fp8_frag,block34,400,32,409600,11.805000305,11.885359764,0.080360003,23.477020264,_;_;_;_;400;4096;1024
7,125,deep_fast,vit_qkv_project_normalize_fused_f16compact_fp8_frag,block34,2400,32,1228800,11.887639999,11.980400085,0.092759997,23.477020264,_;_;_;400
7,126,deep_fast,vit_attention_fused_400_bytein,block34,800,32,204800,11.982119560,12.102760315,0.120640002,23.477020264,_;_;400
7,127,deep_fast,vit_project_frag,block34,1600,32,409600,12.104999542,12.191240311,0.086240001,23.477020264,_;_;_;_;400;1024;1024
7,128,deep_fast,vit_pack_input,block35,400,256,102400,12.193440437,12.242799759,0.049360000,23.477020264,_;_;409600
7,129,deep_fast,vit_expand_blocked_fp8_frag_bytein,block35,1600,32,1638400,12.247400284,12.324799538,0.077399999,23.477020264,_;_;_;400;1024;4096
7,130,deep_fast,vit_contract_blocked_fp8_frag,block35,400,32,409600,12.327039719,12.408479691,0.081440002,23.477020264,_;_;_;_;400;4096;1024
7,131,deep_fast,vit_qkv_project_normalize_fused_f16compact_fp8_frag,block35,2400,32,1228800,12.410719872,12.577119827,0.166400000,23.477020264,_;_;_;400
7,132,deep_fast,vit_attention_fused_400_bytein,block35,800,32,204800,12.578840256,12.654479980,0.075640000,23.477020264,_;_;400
7,133,deep_fast,vit_project_frag,block35,1600,32,409600,12.656760216,12.743840218,0.087080002,23.477020264,_;_;_;_;400;1024;1024
7,134,deep_fast,vit_pack_input,block36,400,256,102400,12.746040344,12.795000076,0.048960000,23.477020264,_;_;409600
7,135,deep_fast,vit_expand_blocked_fp8_frag_bytein,block36,1600,32,1638400,12.799839973,12.853440285,0.053599998,23.477020264,_;_;_;400;1024;4096
7,136,deep_fast,vit_contract_blocked_fp8_frag,block36,400,32,409600,12.855719566,12.935159683,0.079439998,23.477020264,_;_;_;_;400;4096;1024
7,137,deep_fast,vit_qkv_project_normalize_fused_f16compact_fp8_frag,block36,2400,32,1228800,12.937399864,13.028440475,0.091040000,23.477020264,_;_;_;400
7,138,deep_fast,vit_attention_fused_400_bytein,block36,800,32,204800,13.030159950,13.102519989,0.072360002,23.477020264,_;_;400
7,139,deep_fast,vit_project_frag,block36,1600,32,409600,13.104760170,13.188960075,0.084200002,23.477020264,_;_;_;_;400;1024;1024
7,140,deep_fast,vit_pack_input,block37,400,256,102400,13.191120148,13.239640236,0.048519999,23.477020264,_;_;409600
7,141,deep_fast,vit_expand_blocked_fp8_frag_bytein,block37,1600,32,1638400,13.244480133,13.297360420,0.052880000,23.477020264,_;_;_;400;1024;4096
7,142,deep_fast,vit_contract_blocked_fp8_frag,block37,400,32,409600,13.299599648,13.380960464,0.081359997,23.477020264,_;_;_;_;400;4096;1024
7,143,deep_fast,vit_qkv_project_normalize_fused_f16compact_fp8_frag,block37,2400,32,1228800,13.383239746,13.474559784,0.091320001,23.477020264,_;_;_;400
7,144,deep_fast,vit_attention_fused_400_bytein,block37,800,32,204800,13.476240158,13.552920341,0.076679997,23.477020264,_;_;400
7,145,deep_fast,vit_project_frag,block37,1600,32,409600,13.555159569,13.640040398,0.084880002,23.477020264,_;_;_;_;400;1024;1024
7,146,deep_fast,vit_pack_input,block38,400,256,102400,13.642239571,13.691160202,0.048920002,23.477020264,_;_;409600
7,147,deep_fast,vit_expand_blocked_fp8_frag_bytein,block38,1600,32,1638400,13.696040154,13.748559952,0.052519999,23.477020264,_;_;_;400;1024;4096
7,148,deep_fast,vit_contract_blocked_fp8_frag,block38,400,32,409600,13.750800133,13.831560135,0.080760002,23.477020264,_;_;_;_;400;4096;1024
7,149,deep_fast,vit_qkv_project_normalize_fused_f16compact_fp8_frag,block38,2400,32,1228800,13.833800316,13.928440094,0.094640002,23.477020264,_;_;_;400
7,150,deep_fast,vit_attention_fused_400_bytein,block38,800,32,204800,13.930159569,14.003999710,0.073840000,23.477020264,_;_;400
7,151,deep_fast,vit_project_frag,block38,1600,32,409600,14.006279945,14.090439796,0.084160000,23.477020264,_;_;_;_;400;1024;1024
7,152,deep,vit_gather,block39,1600,256,409600,14.092639923,14.146840096,0.054200001,23.477020264,_;_;_;409600
7,153,deep_fast,decoder_project2x_h16w,block39,800,32,204800,14.153599739,14.202919960,0.049320001,23.477020264,_;_;_;_;25;16;50;30;1024;512
7,154,mh,mh_shift_pack,block40,3584,256,917504,14.205880165,14.260640144,0.054760002,23.477020264,_;_;50;30;56;32;0;0;512;0
7,155,deep_fast,split_mix_blocked_h16w,block40,896,32,917504,14.267080307,14.330519676,0.063440003,23.477020264,_;_;_;1792
7,156,deep_fast,split_ffn_fused_fp8_t8,block40,896,128,917504,14.333800316,14.397760391,0.063960001,23.477020264,_;_;_;_;1792
7,157,deep_fast,split_projection_frag,block40,896,32,917504,14.399359703,14.455800056,0.056439999,23.477020264,_;_;_;_;_;1792
7,158,mh_fast,mh_qkv_normalize_frag_c512,block40,2688,32,2752512,14.459520340,14.532440186,0.072920002,23.477020264,_;_;_;1792
7,159,mh_fused,mh_attention_fused_fp8_out,block40,448,128,448,14.533840179,14.595560074,0.061719999,23.477020264,_;_;_;56;32;512
7,160,mh_fast,mh_attention_project_frag_c512,block40,896,32,917504,14.597040176,14.663479805,0.066440001,23.477020264,_;_;_;_;1792;0;50;30;56;0;0
7,161,mh,mh_shift_pack,block41,4480,256,1146880,14.666520119,14.722680092,0.056159999,23.477020264,_;_;50;30;56;40;4;4;512;0
7,162,deep_fast,split_mix_blocked_h16w,block41,1120,32,1146880,14.730360031,14.824600220,0.094240002,23.477020264,_;_;_;2240
7,163,deep_fast,split_ffn_fused_fp8_t8,block41,1120,128,1146880,14.828439713,14.897040367,0.068599999,23.477020264,_;_;_;_;2240
7,164,deep_fast,split_projection_frag,block41,1120,32,1146880,14.898559570,14.957639694,0.059080001,23.477020264,_;_;_;_;_;2240
7,165,mh_fast,mh_qkv_normalize_frag_c512,block41,3360,32,3440640,14.961919785,15.043519974,0.081600003,23.477020264,_;_;_;2240
7,166,mh_fused,mh_attention_fused_fp8_out,block41,560,128,560,15.044879913,15.110839844,0.065959997,23.477020264,_;_;_;56;40;512
7,167,mh_fast,mh_attention_project_frag_c512,block41,1120,32,1146880,15.112239838,15.185959816,0.073720001,23.477020264,_;_;_;_;2240;0;50;30;56;4;4
7,168,mh,mh_shift_pack,block44,3584,256,917504,15.189040184,15.243479729,0.054439999,23.477020264,_;_;50;30;56;32;0;0;512;0
7,169,deep_fast,split_mix_blocked_h16w,block44,896,32,917504,15.249919891,15.312239647,0.062320001,23.477020264,_;_;_;1792
7,170,deep_fast,split_ffn_fused_fp8_t8,block44,896,128,917504,15.315560341,15.380200386,0.064640000,23.477020264,_;_;_;_;1792
7,171,deep_fast,split_projection_frag,block44,896,32,917504,15.381759644,15.437720299,0.055960000,23.477020264,_;_;_;_;_;1792
7,172,mh_fast,mh_qkv_normalize_frag_c512,block44,2688,32,2752512,15.441479683,15.513520241,0.072039999,23.477020264,_;_;_;1792
7,173,mh_fused,mh_attention_fused_fp8_out,block44,448,128,448,15.514920235,15.576040268,0.061120000,23.477020264,_;_;_;56;32;512
7,174,mh_fast,mh_attention_project_frag_c512,block44,896,32,917504,15.577480316,15.643799782,0.066320002,23.477020264,_;_;_;_;1792;0;50;30;56;0;0
7,175,mh,mh_shift_pack,block45,4480,256,1146880,15.646800041,15.702839851,0.056040000,23.477020264,_;_;50;30;56;40;4;4;512;0
7,176,deep_fast,split_mix_blocked_h16w,block45,1120,32,1146880,15.710479736,15.779239655,0.068760000,23.477020264,_;_;_;2240
7,177,deep_fast,split_ffn_fused_fp8_t8,block45,1120,128,1146880,15.783080101,15.850319862,0.067240000,23.477020264,_;_;_;_;2240
7,178,deep_fast,split_projection_frag,block45,1120,32,1146880,15.851840019,15.911160469,0.059319999,23.477020264,_;_;_;_;_;2240
7,179,mh_fast,mh_qkv_normalize_frag_c512,block45,3360,32,3440640,15.915439606,15.995679855,0.080239996,23.477020264,_;_;_;2240
7,180,mh_fused,mh_attention_fused_fp8_out,block45,560,128,560,15.997079849,16.052360535,0.055280000,23.477020264,_;_;_;56;40;512
7,181,mh_fast,mh_attention_project_frag_c512,block45,1120,32,1146880,16.053800583,16.126239777,0.072439998,23.477020264,_;_;_;_;2240;0;50;30;56;4;4
7,182,mh,mh_shift_pack,block47,4480,256,1146880,16.129280090,16.184999466,0.055720001,23.477020264,_;_;50;30;56;40;0;4;512;0
7,183,deep_fast,split_mix_blocked_h16w,block47,1120,32,1146880,16.191520691,16.265159607,0.073639996,23.477020264,_;_;_;2240
7,184,deep_fast,split_ffn_fused_fp8_t8,block47,1120,128,1146880,16.268960953,16.335920334,0.066960000,23.477020264,_;_;_;_;2240
7,185,deep_fast,split_projection_frag,block47,1120,32,1146880,16.337440491,16.396080017,0.058639999,23.477020264,_;_;_;_;_;2240
7,186,mh_fast,mh_qkv_normalize_frag_c512,block47,3360,32,3440640,16.400360107,16.477399826,0.077040002,23.477020264,_;_;_;2240
7,187,mh_fused,mh_attention_fused_fp8_out,block47,560,128,560,16.480079651,16.516880035,0.036800001,23.477020264,_;_;_;56;40;512
7,188,mh_fast,mh_attention_project_frag_c512,block47,1120,32,1146880,16.518239975,16.584560394,0.066320002,23.477020264,_;_;_;_;2240;0;50;30;56;0;4
7,189,deep_fast,decoder_project2x_h16w_byteout,block48,1504,32,384000,16.587560654,16.684040070,0.096479997,23.477020264,_;_;_;_;50;30;100;60;512;256
7,190,mh_fast,mh_ffn_fused_c256_frag_project_mapped_g128_qkv_bytein_fb,block48,416,512,1703936,16.686080933,16.791879654,0.105800003,23.477020264,_;_;_;_;_;6656;100;60;104;0;0
7,191,mh_fused,c256_attention_project_fb_bout_diag,block48,104,512,104,16.793319702,16.884359360,0.091040000,23.477020264,_;_;_;_;104;64;0;100;60;0;0
7,192,mh_fast,mh_ffn_fused_c256_frag_project_mapped_g128_qkv_bytein_fb,block49,416,512,1703936,16.886079788,16.990879059,0.104800001,23.477020264,_;_;_;_;_;6656;100;60;104;4;4
7,193,mh_fused,c256_attention_project_fb_bout_diag,block49,104,512,104,16.992519379,17.100559235,0.108039998,23.477020264,_;_;_;_;104;64;4;100;60;4;4
7,194,mh_fast,mh_ffn_fused_c256_frag_project_mapped_g128_qkv_bytein_fb,block50,416,512,1703936,17.102319717,17.206760406,0.104440004,23.477020264,_;_;_;_;_;6656;100;60;104;4;0
7,195,mh_fused,c256_attention_project_fb_bout_diag,block50,104,512,104,17.208200455,17.294960022,0.086759999,23.477020264,_;_;_;_;104;64;4;100;60;4;0
7,196,mh_fast,mh_ffn_fused_c256_frag_project_mapped_g128_qkv_bytein_fb,block51,416,512,1703936,17.296640396,17.401880264,0.105240002,23.477020264,_;_;_;_;_;6656;100;60;104;0;4
7,197,mh_fused,c256_attention_project_fb_bout_diag,block51,104,512,104,17.403440475,17.487560272,0.084119998,23.477020264,_;_;_;_;104;64;4;100;60;0;4
7,198,mh_fast,mh_ffn_fused_c256_frag_project_mapped_g128_qkv_bytein_fb,block52,416,512,1703936,17.489280701,17.592639923,0.103359997,23.477020264,_;_;_;_;_;6656;100;60;104;0;0
7,199,mh_fused,c256_attention_project_fb_bout_diag,block52,104,512,104,17.594120026,17.680799484,0.086680003,23.477020264,_;_;_;_;104;64;4;100;60;0;0
7,200,mh_fast,mh_ffn_fused_c256_frag_project_mapped_g128_qkv_bytein_fb,block53,416,512,1703936,17.682519913,17.788999557,0.106480002,23.477020264,_;_;_;_;_;6656;100;60;104;4;4
7,201,mh_fused,c256_attention_project_fb_bout_diag,block53,104,512,104,17.790519714,17.874639511,0.084119998,23.477020264,_;_;_;_;104;64;4;100;60;4;4
7,202,mh_fast,mh_ffn_fused_c256_frag_project_mapped_g128_qkv_bytein_fb,block54,416,512,1703936,17.876359940,17.980640411,0.104280002,23.477020264,_;_;_;_;_;6656;100;60;104;4;0
7,203,mh_fused,c256_attention_project_fb_bout_diag,block54,104,512,104,17.982080460,18.068880081,0.086800002,23.477020264,_;_;_;_;104;64;4;100;60;4;0
7,204,mh_fast,mh_ffn_fused_c256_frag_project_mapped_g128_qkv_bytein_fb,block55,416,512,1703936,18.070560455,18.177640915,0.107079998,23.477020264,_;_;_;_;_;6656;100;60;104;0;4
7,205,mh_fused,c256_attention_project_fb_diag,block55,104,512,104,18.179159164,18.267280579,0.088119999,23.477020264,_;_;_;_;104;64;0;100;60;0;4
7,206,deep_fast,decoder_project2x_h16w_byteout,block56,3000,32,768000,18.269720078,18.363479614,0.093759999,23.477020264,_;_;_;_;100;60;200;120;256;128
7,207,mh_fast,mh_ffn_fused_c128_project_mapped_g128_qkv_bytein_fb,block56,1560,256,3194880,18.365400314,18.487840652,0.122440003,23.477020264,_;_;_;_;_;24960;200;120;208;4;0
7,208,mh_fused,c128_attention_project_fb_bout_diag,block56,390,512,390,18.489280701,18.581840515,0.092560001,23.477020264,_;_;_;_;208;120;4;200;120;4;0
7,209,mh_fast,mh_ffn_fused_c128_project_mapped_g128_qkv_bytein_fb,block57,1600,256,3276800,18.583320618,18.700359344,0.117040001,23.477020264,_;_;_;_;_;25600;200;120;200;0;4
7,210,mh_fused,c128_attention_project_fb_bout_diag,block57,400,512,400,18.706880569,18.795600891,0.088720001,23.477020264,_;_;_;_;200;128;4;200;120;0;4
7,211,mh_fast,mh_ffn_fused_c128_project_g128_qkv_bytein_fb,block58,1500,256,3072000,18.797040939,18.913200378,0.116159998,23.477020264,_;_;_;_;_;24000;200;120;200;0;0
7,212,mh_fused,c128_attention_project_fb_bout_diag,block58,375,512,375,18.914600372,18.999839783,0.085239999,23.477020264,_;_;_;_;200;120;4;0;0;0;0
7,213,mh_fast,mh_ffn_fused_c128_project_mapped_g128_qkv_bytein_fb,block59,1664,256,3407872,19.001319885,19.124080658,0.122759998,23.477020264,_;_;_;_;_;26624;200;120;208;4;4
7,214,mh_fused,c128_attention_project_fb_bout_diag,block59,416,512,416,19.126680374,19.221519470,0.094839998,23.477020264,_;_;_;_;208;128;4;200;120;4;4
7,215,mh_fast,mh_ffn_fused_c128_project_mapped_g128_qkv_bytein_fb,block60,1560,256,3194880,19.222999573,19.346599579,0.123599999,23.477020264,_;_;_;_;_;24960;200;120;208;4;0
7,216,mh_fused,c128_attention_project_fb_bout_diag,block60,390,512,390,19.347999573,19.441839218,0.093840003,23.477020264,_;_;_;_;208;120;4;200;120;4;0
7,217,mh_fast,mh_ffn_fused_c128_project_mapped_g128_qkv_bytein_fb,block61,1600,256,3276800,19.443279266,19.561479568,0.118199997,23.477020264,_;_;_;_;_;25600;200;120;200;0;4
7,218,mh_fused,c128_attention_project_fb_diag,block61,400,512,400,19.569160461,19.659679413,0.090520002,23.477020264,_;_;_;_;200;128;0;200;120;0;4
7,219,deep_fast,decoder_project2x_h16w_byteout,block62,6000,32,1536000,19.661239624,19.782760620,0.121519998,23.477020264,_;_;_;_;200;120;400;240;128;64
7,220,mh_fast,mh_ffn_fused_c64_project_g128_qkv_bytein_fb,block62,6000,128,6144000,19.785039902,19.924800873,0.139760002,23.477020264,_;_;_;_;_;96000;400;240;400;0;0
7,221,mh_fused,c64_attention_project_fb_bout_diag,block62,1500,256,1500,19.926240921,20.034479141,0.108240001,23.477020264,_;_;_;_;400;240;4;0;0;0;0
7,222,mh_fast,mh_ffn_fused_c64_project_mapped_g128_qkv_bytein_fb,block63,6324,128,6475776,20.035879135,20.203319550,0.167439997,23.477020264,_;_;_;_;_;101184;400;240;408;4;4
7,223,mh_fused,c64_attention_project_fb_bout_diag,block63,1581,256,1581,20.204719543,20.332679749,0.127959996,23.477020264,_;_;_;_;408;248;4;400;240;4;4
7,224,mh_fast,mh_ffn_fused_c64_project_mapped_g128_qkv_bytein_fb,block64,6120,128,6266880,20.334119797,20.497039795,0.162919998,23.477020264,_;_;_;_;_;97920;400;240;408;4;0
7,225,mh_fused,c64_attention_project_fb_bout_diag,block64,1530,256,1530,20.498479843,20.625520706,0.127039999,23.477020264,_;_;_;_;408;240;4;400;240;4;0
7,226,mh_fast,mh_ffn_fused_c64_project_mapped_g128_qkv_bytein_fb,block65,6200,128,6348800,20.627080917,20.790359497,0.163279995,23.477020264,_;_;_;_;_;99200;400;240;400;0;4
7,227,mh_fused,c64_attention_project_fb_diag,block65,1550,256,1550,20.791839600,20.923519135,0.131679997,23.477020264,_;_;_;_;400;248;0;400;240;0;4
7,228,deep_fast,decoder_project2x_h16w,block69,12000,32,3072000,20.925199509,21.160360336,0.235159993,23.477020264,_;_;_;_;400;240;800;480;64;32
7,229,c32_fused_ffn,c32_fast_ffn_attention_fused_half_mapped,block69,6000,128,6000,21.163440704,21.467220306,0.303779989,23.477020264,_;_;_;_;6000;0;1;800;480;0;0
7,230,c32_fused_ffn,c32_fast_ffn_attention_fused_half_chain,block69,6161,128,6161,21.468660355,21.753419876,0.284759998,23.477020264,_;_;_;_;6161;3;1;800;480;4;4;800;0;0
7,231,c32_fused_ffn,c32_fast_ffn_attention_fused_half_chain,block69,6060,128,6060,21.755020142,22.036020279,0.280999988,23.477020264,_;_;_;_;6060;3;1;800;480;4;0;808;4;4
7,232,c32_fused_ffn,c32_fast_ffn_attention_fused_half_chain_finish,block69,6100,128,6100,22.037620544,22.338520050,0.300900012,23.477020264,_;_;_;_;_;6100;3;1;800;480;0;4;808;4;0
7,233,c32_fused_ffn,c32_post_merge_head_half,block70,24321,128,24321,22.340080261,23.445920944,1.105839968,23.477020264,_;_;_;_;_;_;_;_;24321;1600;960;4;4;_
8,0,c32_fused_ffn,c32_fast_ffn_attention_fused_half_prefix_finish_main8,pre-down,24000,128,24000,0.006800000,1.087880015,1.081079960,23.482940674,_;_;_;_;_;_;24000;0;1;1600;960;0;0
8,1,c32_fused_ffn,c32_fast_ffn_attention_fused_half_mapped,block4,6000,128,6000,1.089439988,1.379760027,0.290320009,23.482940674,_;_;_;_;6000;0;1;800;480;0;0
8,2,c32_fused_ffn,c32_fast_ffn_attention_fused_half_chain,block4,6161,128,6161,1.381199956,1.676079988,0.294880003,23.482940674,_;_;_;_;6161;3;1;800;480;4;4;800;0;0
8,3,c32_fused_ffn,c32_fast_ffn_attention_fused_half_chain,block4,6060,128,6060,1.677680016,1.965759993,0.288080007,23.482940674,_;_;_;_;6060;3;1;800;480;4;0;808;4;4
8,4,c32_fused_ffn,c32_fast_ffn_attention_fused_half_chain_finish_dcrop,block4,6100,128,6100,1.967280030,2.291919947,0.324640006,23.482940674,_;_;_;_;_;6100;3;1;800;480;0;4;808;4;0
8,5,mh_fast,mh_pool_project_production_h16w,block5,24000,32,6144000,2.293600082,2.391599894,0.097999997,23.482940674,_;_;_;400;240;0;0;32
8,6,mh_fast,mh_ffn_fused_c64_project_g128_qkv_fb,block5,6000,128,6144000,2.398639917,2.556479931,0.157839999,23.482940674,_;_;_;_;_;96000;400;240;400;0;0
8,7,mh_fused,c64_attention_project_fb_bout_diag,block5,1500,256,1500,2.559200048,2.681159973,0.121959999,23.482940674,_;_;_;_;400;240;4;0;0;0;0
8,8,mh_fast,mh_ffn_fused_c64_project_mapped_g128_qkv_bytein_fb,block6,6324,128,6475776,2.682559967,2.861320019,0.178760007,23.482940674,_;_;_;_;_;101184;400;240;408;4;4
8,9,mh_fused,c64_attention_project_fb_bout_diag,block6,1581,256,1581,2.862679958,3.002079964,0.139400005,23.482940674,_;_;_;_;408;248;4;400;240;4;4
8,10,mh_fast,mh_ffn_fused_c64_project_mapped_g128_qkv_bytein_fb,block7,6120,128,6266880,3.003520012,3.163320065,0.159799993,23.482940674,_;_;_;_;_;97920;400;240;408;4;0
8,11,mh_fused,c64_attention_project_fb_bout_diag,block7,1530,256,1530,3.164680004,3.286200047,0.121519998,23.482940674,_;_;_;_;408;240;4;400;240;4;0
8,12,mh_fast,mh_ffn_fused_c64_project_mapped_g128_qkv_bytein_fb,block8,6200,128,6348800,3.287719965,3.447360039,0.159639999,23.482940674,_;_;_;_;_;99200;400;240;400;0;4
8,13,mh_fused,c64_attention_project_fb_diag,block8,1550,256,1550,3.448719978,3.572319984,0.123599999,23.482940674,_;_;_;_;400;248;3;400;240;0;4
8,14,mh_fast,mh_pool_project_group_c64,block9,1500,64,3072000,3.573879957,3.651079893,0.077200003,23.482940674,_;_;_;200;120;400;0;0
8,15,mh_fast,mh_ffn_fused_c128_project_g128_qkv_fb,block9,1500,256,3072000,3.655560017,3.772160053,0.116599999,23.482940674,_;_;_;_;_;24000;200;120;200;0;0
8,16,mh_fused,c128_attention_project_fb_bout_diag,block9,375,512,375,3.773560047,3.856440067,0.082879998,23.482940674,_;_;_;_;200;120;4;0;0;0;0
8,17,mh_fast,mh_ffn_fused_c128_project_mapped_g128_qkv_bytein_fb,block10,1664,256,3407872,3.857880116,3.978319883,0.120439999,23.482940674,_;_;_;_;_;26624;200;120;208;4;4
8,18,mh_fused,c128_attention_project_fb_bout_diag,block10,416,512,416,3.986560106,4.071360111,0.084799998,23.482940674,_;_;_;_;208;128;4;200;120;4;4
8,19,mh_fast,mh_ffn_fused_c128_project_mapped_g128_qkv_bytein_fb,block11,1560,256,3194880,4.072840214,4.196680069,0.123839997,23.482940674,_;_;_;_;_;24960;200;120;208;4;0
8,20,mh_fused,c128_attention_project_fb_bout_diag,block11,390,512,390,4.198040009,4.288159847,0.090120003,23.482940674,_;_;_;_;208;120;4;200;120;4;0
8,21,mh_fast,mh_ffn_fused_c128_project_mapped_g128_qkv_bytein_fb,block12,1600,256,3276800,4.289599895,4.437240124,0.147640005,23.482940674,_;_;_;_;_;25600;200;120;200;0;4
8,22,mh_fused,c128_attention_project_fb_bout_diag,block12,400,512,400,4.439879894,4.527400017,0.087520003,23.482940674,_;_;_;_;200;128;4;200;120;0;4
8,23,mh_fast,mh_ffn_fused_c128_project_g128_qkv_bytein_fb,block13,1500,256,3072000,4.528759956,4.643760204,0.115000002,23.482940674,_;_;_;_;_;24000;200;120;200;0;0
8,24,mh_fused,c128_attention_project_fb_bout_diag,block13,375,512,375,4.647840023,4.728159904,0.080320001,23.482940674,_;_;_;_;200;120;4;0;0;0;0
8,25,mh_fast,mh_ffn_fused_c128_project_mapped_g128_qkv_bytein_fb,block14,1664,256,3407872,4.729599953,4.853240013,0.123640001,23.482940674,_;_;_;_;_;26624;200;120;208;4;4
8,26,mh_fused,c128_attention_project_fb_diag,block14,416,512,416,4.861480236,4.947480202,0.086000003,23.482940674,_;_;_;_;208;128;3;200;120;4;4
8,27,mh_fast,mh_pool_project_group_c128,block15,375,128,1536000,4.949120045,5.009200096,0.060079999,23.482940674,_;_;_;100;60;200;0;0
8,28,mh_fast,mh_ffn_fused_c256_frag_project_mapped_g128_qkv_fb,block15,416,512,1703936,5.013760090,5.118999958,0.105240002,23.482940674,_;_;_;_;_;6656;100;60;104;0;0
8,29,mh_fused,c256_attention_project_fb_bout_diag,block15,104,512,104,5.120399952,5.204319954,0.083920002,23.482940674,_;_;_;_;104;64;4;100;60;0;0
8,30,mh_fast,mh_ffn_fused_c256_frag_project_mapped_g128_qkv_bytein_fb,block16,416,512,1703936,5.205999851,5.312839985,0.106840000,23.482940674,_;_;_;_;_;6656;100;60;104;4;4
8,31,mh_fused,c256_attention_project_fb_bout_diag,block16,104,512,104,5.314280033,5.396440029,0.082160003,23.482940674,_;_;_;_;104;64;4;100;60;4;4
8,32,mh_fast,mh_ffn_fused_c256_frag_project_mapped_g128_qkv_bytein_fb,block17,416,512,1703936,5.398159981,5.502240181,0.104079999,23.482940674,_;_;_;_;_;6656;100;60;104;4;0
8,33,mh_fused,c256_attention_project_fb_bout_diag,block17,104,512,104,5.503600121,5.586999893,0.083400004,23.482940674,_;_;_;_;104;64;4;100;60;4;0
8,34,mh_fast,mh_ffn_fused_c256_frag_project_mapped_g128_qkv_bytein_fb,block18,416,512,1703936,5.588679790,5.693319798,0.104640000,23.482940674,_;_;_;_;_;6656;100;60;104;0;4
8,35,mh_fused,c256_attention_project_fb_bout_diag,block18,104,512,104,5.694839954,5.776279926,0.081440002,23.482940674,_;_;_;_;104;64;4;100;60;0;4
8,36,mh_fast,mh_ffn_fused_c256_frag_project_mapped_g128_qkv_bytein_fb,block19,416,512,1703936,5.777999878,5.883039951,0.105039999,23.482940674,_;_;_;_;_;6656;100;60;104;0;0
8,37,mh_fused,c256_attention_project_fb_bout_diag,block19,104,512,104,5.884439945,5.968959808,0.084519997,23.482940674,_;_;_;_;104;64;4;100;60;0;0
8,38,mh_fast,mh_ffn_fused_c256_frag_project_mapped_g128_qkv_bytein_fb,block20,416,512,1703936,5.970640182,6.076879978,0.106239997,23.482940674,_;_;_;_;_;6656;100;60;104;4;4
8,39,mh_fused,c256_attention_project_fb_bout_diag,block20,104,512,104,6.078360081,6.161280155,0.082920000,23.482940674,_;_;_;_;104;64;4;100;60;4;4
8,40,mh_fast,mh_ffn_fused_c256_frag_project_mapped_g128_qkv_bytein_fb,block21,416,512,1703936,6.163000107,6.268280029,0.105279997,23.482940674,_;_;_;_;_;6656;100;60;104;4;0
8,41,mh_fused,c256_attention_project_fb_bout_diag,block21,104,512,104,6.269680023,6.358240128,0.088560000,23.482940674,_;_;_;_;104;64;4;100;60;4;0
8,42,mh_fast,mh_ffn_fused_c256_frag_project_mapped_g128_qkv_bytein_fb,block22,416,512,1703936,6.359879971,6.467120171,0.107239999,23.482940674,_;_;_;_;_;6656;100;60;104;0;4
8,43,mh_fused,c256_attention_project_fb_diag,block22,104,512,104,6.468599796,6.552080154,0.083480000,23.482940674,_;_;_;_;104;64;3;100;60;0;4
8,44,mh_fast,mh_pool_project_group_c256,block23,94,256,768000,6.554719925,6.613080025,0.058359999,23.482940674,_;_;_;50;30;100;0;0
8,45,mh,mh_shift_pack,block23,3584,256,917504,6.616119862,6.669159889,0.053040002,23.482940674,_;_;50;30;56;32;0;0;512;0
8,46,deep_fast,split_mix_blocked_h16w,block23,896,32,917504,6.675320148,6.738959789,0.063639998,23.482940674,_;_;_;1792
8,47,deep_fast,split_ffn_fused_fp8_t8,block23,896,128,917504,6.742239952,6.804279804,0.062040001,23.482940674,_;_;_;_;1792
8,48,deep_fast,split_projection_frag,block23,896,32,917504,6.805799961,6.859839916,0.054040000,23.482940674,_;_;_;_;_;1792
8,49,mh_fast,mh_qkv_normalize_frag_c512,block23,2688,32,2752512,6.863560200,6.930319786,0.066760004,23.482940674,_;_;_;1792
8,50,mh_fused,mh_attention_fused_fp8_out,block23,448,128,448,6.931719780,6.990399837,0.058680002,23.482940674,_;_;_;56;32;512
8,51,mh_fast,mh_attention_project_frag_c512,block23,896,32,917504,6.991879940,7.049359798,0.057480000,23.482940674,_;_;_;_;1792;0;50;30;56;0;0
8,52,mh,mh_shift_pack,block24,4480,256,1146880,7.052360058,7.106440067,0.054079998,23.482940674,_;_;50;30;56;40;4;4;512;0
8,53,deep_fast,split_mix_blocked_h16w,block24,1120,32,1146880,7.114240170,7.183199883,0.068960004,23.482940674,_;_;_;2240
8,54,deep_fast,split_ffn_fused_fp8_t8,block24,1120,128,1146880,7.186999798,7.251920223,0.064920001,23.482940674,_;_;_;_;2240
8,55,deep_fast,split_projection_frag,block24,1120,32,1146880,7.253439903,7.310880184,0.057440002,23.482940674,_;_;_;_;_;2240
8,56,mh_fast,mh_qkv_normalize_frag_c512,block24,3360,32,3440640,7.315199852,7.394320011,0.079120003,23.482940674,_;_;_;2240
8,57,mh_fused,mh_attention_fused_fp8_out,block24,560,128,560,7.395679951,7.458320141,0.062639996,23.482940674,_;_;_;56;40;512
8,58,mh_fast,mh_attention_project_frag_c512,block24,1120,32,1146880,7.459720135,7.527560234,0.067840002,23.482940674,_;_;_;_;2240;0;50;30;56;4;4
8,59,mh,mh_shift_pack,block25,3584,256,917504,7.530600071,7.583519936,0.052919999,23.482940674,_;_;50;30;56;32;4;0;512;0
8,60,deep_fast,split_mix_blocked_h16w,block25,896,32,917504,7.589560032,7.652719975,0.063160002,23.482940674,_;_;_;1792
8,61,deep_fast,split_ffn_fused_fp8_t8,block25,896,128,917504,7.656000137,7.718599796,0.062600002,23.482940674,_;_;_;_;1792
8,62,deep_fast,split_projection_frag,block25,896,32,917504,7.720119953,7.773600101,0.053479999,23.482940674,_;_;_;_;_;1792
8,63,mh_fast,mh_qkv_normalize_frag_c512,block25,2688,32,2752512,7.777359962,7.853159904,0.075800002,23.482940674,_;_;_;1792
8,64,mh_fused,mh_attention_fused_fp8_out,block25,448,128,448,7.854559898,7.913159847,0.058600001,23.482940674,_;_;_;56;32;512
8,65,mh_fast,mh_attention_project_frag_c512,block25,896,32,917504,7.914639950,7.980040073,0.065399997,23.482940674,_;_;_;_;1792;0;50;30;56;4;0
8,66,mh,mh_shift_pack,block26,4480,256,1146880,7.983039856,8.036800385,0.053760000,23.482940674,_;_;50;30;56;40;0;4;512;0
8,67,deep_fast,split_mix_blocked_h16w,block26,1120,32,1146880,8.044599533,8.112319946,0.067720003,23.482940674,_;_;_;2240
8,68,deep_fast,split_ffn_fused_fp8_t8,block26,1120,128,1146880,8.116160393,8.181520462,0.065360002,23.482940674,_;_;_;_;2240
8,69,deep_fast,split_projection_frag,block26,1120,32,1146880,8.182999611,8.240400314,0.057399999,23.482940674,_;_;_;_;_;2240
8,70,mh_fast,mh_qkv_normalize_frag_c512,block26,3360,32,3440640,8.244680405,8.320919991,0.076240003,23.482940674,_;_;_;2240
8,71,mh_fused,mh_attention_fused_fp8_out,block26,560,128,560,8.322279930,8.384759903,0.062479999,23.482940674,_;_;_;56;40;512
8,72,mh_fast,mh_attention_project_frag_c512,block26,1120,32,1146880,8.386159897,8.454239845,0.068080001,23.482940674,_;_;_;_;2240;0;50;30;56;0;4
8,73,mh,mh_shift_pack,block27,3584,256,917504,8.457280159,8.510279655,0.052999999,23.482940674,_;_;50;30;56;32;0;0;512;0
8,74,deep_fast,split_mix_blocked_h16w,block27,896,32,917504,8.516440392,8.579400063,0.062959999,23.482940674,_;_;_;1792
8,75,deep_fast,split_ffn_fused_fp8_t8,block27,896,128,917504,8.582679749,8.645319939,0.062639996,23.482940674,_;_;_;_;1792
8,76,deep_fast,split_projection_frag,block27,896,32,917504,8.646880150,8.700880051,0.054000001,23.482940674,_;_;_;_;_;1792
8,77,mh_fast,mh_qkv_normalize_frag_c512,block27,2688,32,2752512,8.704600334,8.770839691,0.066239998,23.482940674,_;_;_;1792
8,78,mh_fused,mh_attention_fused_fp8_out,block27,448,128,448,8.772239685,8.835599899,0.063359998,23.482940674,_;_;_;56;32;512
8,79,mh_fast,mh_attention_project_frag_c512,block27,896,32,917504,8.837080002,8.901200294,0.064120002,23.482940674,_;_;_;_;1792;0;50;30;56;0;0
8,80,mh,mh_shift_pack,block28,4480,256,1146880,8.904120445,8.957639694,0.053520001,23.482940674,_;_;50;30;56;40;4;4;512;0
8,81,deep_fast,split_mix_blocked_h16w,block28,1120,32,1146880,8.965359688,9.034239769,0.068879999,23.482940674,_;_;_;2240
8,82,deep_fast,split_ffn_fused_fp8_t8,block28,1120,128,1146880,9.038080215,9.103879929,0.065800004,23.482940674,_;_;_;_;2240
8,83,deep_fast,split_projection_frag,block28,1120,32,1146880,9.105319977,9.162520409,0.057200000,23.482940674,_;_;_;_;_;2240
8,84,mh_fast,mh_qkv_normalize_frag_c512,block28,3360,32,3440640,9.166720390,9.243120193,0.076399997,23.482940674,_;_;_;2240
8,85,mh_fused,mh_attention_fused_fp8_out,block28,560,128,560,9.244520187,9.306799889,0.062279999,23.482940674,_;_;_;56;40;512
8,86,mh_fast,mh_attention_project_frag_c512,block28,1120,32,1146880,9.308199883,9.375280380,0.067079999,23.482940674,_;_;_;_;2240;0;50;30;56;4;4
8,87,mh,mh_shift_pack,block29,3584,256,917504,9.378279686,9.431320190,0.053040002,23.482940674,_;_;50;30;56;32;4;0;512;0
8,88,deep_fast,split_mix_blocked_h16w,block29,896,32,917504,9.438799858,9.517840385,0.079039998,23.482940674,_;_;_;1792
8,89,deep_fast,split_ffn_fused_fp8_t8,block29,896,128,917504,9.521120071,9.587920189,0.066799998,23.482940674,_;_;_;_;1792
8,90,deep_fast,split_projection_frag,block29,896,32,917504,9.589480400,9.643679619,0.054200001,23.482940674,_;_;_;_;_;1792
8,91,mh_fast,mh_qkv_normalize_frag_c512,block29,2688,32,2752512,9.647439957,9.720279694,0.072839998,23.482940674,_;_;_;1792
8,92,mh_fused,mh_attention_fused_fp8_out,block29,448,128,448,9.721679688,9.780559540,0.058880001,23.482940674,_;_;_;56;32;512
8,93,mh_fast,mh_attention_project_frag_c512,block29,896,32,917504,9.782079697,9.848239899,0.066160001,23.482940674,_;_;_;_;1792;0;50;30;56;4;0
8,94,mh,mh_shift_pack,block30,4480,256,1146880,9.851240158,9.905719757,0.054480001,23.482940674,_;_;50;30;56;40;0;4;512;0
8,95,deep_fast,split_mix_blocked_h16w,block30,1120,32,1146880,9.913559914,9.983320236,0.069760002,23.482940674,_;_;_;2240
8,96,deep_fast,split_ffn_fused_fp8_t8,block30,1120,128,1146880,9.987159729,10.058360100,0.071199998,23.482940674,_;_;_;_;2240
8,97,deep_fast,split_projection_frag,block30,1120,32,1146880,10.059880257,10.117520332,0.057640001,23.482940674,_;_;_;_;_;2240
8,98,mh_fast,mh_qkv_normalize_frag_c512,block30,3360,32,3440640,10.121839523,10.198880196,0.077040002,23.482940674,_;_;_;2240
8,99,mh_fused,mh_attention_fused_fp8_out,block30,560,128,560,10.201479912,10.238360405,0.036880001,23.482940674,_;_;_;56;40;512
8,100,mh_fast,mh_attention_project_frag_c512,block30,1120,32,1146880,10.239760399,10.303000450,0.063239999,23.482940674,_;_;_;_;2240;3;50;30;56;0;4
8,101,mh,mh_pool,head,800,256,204800,10.305959702,10.357999802,0.052040000,23.482940674,_;_;25;16;50;25;15;512
8,102,mh_fast,mh_pool_project_production_h16w,head,1600,32,409600,10.363160133,10.449319839,0.086159997,23.482940674,_;_;_;25;16;25;15;512
8,103,deep,vit_gather,block31,1600,256,409600,10.451560020,10.526840210,0.075280003,23.482940674,_;_;_;409600
8,104,deep_fast,vit_pack_input,block31,400,256,102400,10.531880379,10.579999924,0.048119999,23.482940674,_;_;409600
8,105,deep_fast,vit_expand_blocked_fp8_frag_bytein,block31,1600,32,1638400,10.586279869,10.661199570,0.074919999,23.482940674,_;_;_;400;1024;4096
8,106,deep_fast,vit_contract_blocked_fp8_frag,block31,400,32,409600,10.663439751,10.744839668,0.081400000,23.482940674,_;_;_;_;400;4096;1024
8,107,deep_fast,vit_qkv_project_normalize_fused_f16compact_fp8_frag,block31,2400,32,1228800,10.747079849,10.845959663,0.098880000,23.482940674,_;_;_;400
8,108,deep_fast,vit_attention_fused_400_bytein,block31,800,32,204800,10.847680092,10.921719551,0.074040003,23.482940674,_;_;400
8,109,deep_fast,vit_project_frag,block31,1600,32,409600,10.923919678,11.008159637,0.084239997,23.482940674,_;_;_;_;400;1024;1024
8,110,deep_fast,vit_pack_input,block32,400,256,102400,11.010359764,11.057120323,0.046760000,23.482940674,_;_;409600
8,111,deep_fast,vit_expand_blocked_fp8_frag_bytein,block32,1600,32,1638400,11.063280106,11.114640236,0.051360000,23.482940674,_;_;_;400;1024;4096
8,112,deep_fast,vit_contract_blocked_fp8_frag,block32,400,32,409600,11.116880417,11.196999550,0.080119997,23.482940674,_;_;_;_;400;4096;1024
8,113,deep_fast,vit_qkv_project_normalize_fused_f16compact_fp8_frag,block32,2400,32,1228800,11.199239731,11.291239738,0.092000000,23.482940674,_;_;_;400
8,114,deep_fast,vit_attention_fused_400_bytein,block32,800,32,204800,11.292920113,11.366840363,0.073919997,23.482940674,_;_;400
8,115,deep_fast,vit_project_frag,block32,1600,32,409600,11.369079590,11.452879906,0.083800003,23.482940674,_;_;_;_;400;1024;1024
8,116,deep_fast,vit_pack_input,block33,400,256,102400,11.455080032,11.504079819,0.048999999,23.482940674,_;_;409600
8,117,deep_fast,vit_expand_blocked_fp8_frag_bytein,block33,1600,32,1638400,11.510239601,11.557680130,0.047440000,23.482940674,_;_;_;400;1024;4096
8,118,deep_fast,vit_contract_blocked_fp8_frag,block33,400,32,409600,11.559960365,11.636039734,0.076080002,23.482940674,_;_;_;_;400;4096;1024
8,119,deep_fast,vit_qkv_project_normalize_fused_f16compact_fp8_frag,block33,2400,32,1228800,11.638279915,11.731599808,0.093319997,23.482940674,_;_;_;400
8,120,deep_fast,vit_attention_fused_400_bytein,block33,800,32,204800,11.733320236,11.807239532,0.073919997,23.482940674,_;_;400
8,121,deep_fast,vit_project_frag,block33,1600,32,409600,11.809479713,11.894840240,0.085359998,23.482940674,_;_;_;_;400;1024;1024
8,122,deep_fast,vit_pack_input,block34,400,256,102400,11.897040367,11.949440002,0.052400000,23.482940674,_;_;409600
8,123,deep_fast,vit_expand_blocked_fp8_frag_bytein,block34,1600,32,1638400,11.954440117,12.008359909,0.053920001,23.482940674,_;_;_;400;1024;4096
8,124,deep_fast,vit_contract_blocked_fp8_frag,block34,400,32,409600,12.010600090,12.091799736,0.081200004,23.482940674,_;_;_;_;400;4096;1024
8,125,deep_fast,vit_qkv_project_normalize_fused_f16compact_fp8_frag,block34,2400,32,1228800,12.093999863,12.186280251,0.092280000,23.482940674,_;_;_;400
8,126,deep_fast,vit_attention_fused_400_bytein,block34,800,32,204800,12.187959671,12.263199806,0.075240001,23.482940674,_;_;400
8,127,deep_fast,vit_project_frag,block34,1600,32,409600,12.265439987,12.350799561,0.085359998,23.482940674,_;_;_;_;400;1024;1024
8,128,deep_fast,vit_pack_input,block35,400,256,102400,12.352999687,12.401800156,0.048799999,23.482940674,_;_;409600
8,129,deep_fast,vit_expand_blocked_fp8_frag_bytein,block35,1600,32,1638400,12.406760216,12.460080147,0.053320002,23.482940674,_;_;_;400;1024;4096
8,130,deep_fast,vit_contract_blocked_fp8_frag,block35,400,32,409600,12.462360382,12.543160439,0.080799997,23.482940674,_;_;_;_;400;4096;1024
8,131,deep_fast,vit_qkv_project_normalize_fused_f16compact_fp8_frag,block35,2400,32,1228800,12.545399666,12.637840271,0.092440002,23.482940674,_;_;_;400
8,132,deep_fast,vit_attention_fused_400_bytein,block35,800,32,204800,12.639559746,12.713839531,0.074280001,23.482940674,_;_;400
8,133,deep_fast,vit_project_frag,block35,1600,32,409600,12.716079712,12.801719666,0.085639998,23.482940674,_;_;_;_;400;1024;1024
8,134,deep_fast,vit_pack_input,block36,400,256,102400,12.803919792,12.852919579,0.048999999,23.482940674,_;_;409600
8,135,deep_fast,vit_expand_blocked_fp8_frag_bytein,block36,1600,32,1638400,12.862560272,12.936599731,0.074040003,23.482940674,_;_;_;400;1024;4096
8,136,deep_fast,vit_contract_blocked_fp8_frag,block36,400,32,409600,12.938879967,13.019559860,0.080679998,23.482940674,_;_;_;_;400;4096;1024
8,137,deep_fast,vit_qkv_project_normalize_fused_f16compact_fp8_frag,block36,2400,32,1228800,13.021840096,13.110879898,0.089040004,23.482940674,_;_;_;400
8,138,deep_fast,vit_attention_fused_400_bytein,block36,800,32,204800,13.112520218,13.186519623,0.074000001,23.482940674,_;_;400
8,139,deep_fast,vit_project_frag,block36,1600,32,409600,13.188759804,13.272480011,0.083719999,23.482940674,_;_;_;_;400;1024;1024
8,140,deep_fast,vit_pack_input,block37,400,256,102400,13.274680138,13.324319839,0.049640000,23.482940674,_;_;409600
8,141,deep_fast,vit_expand_blocked_fp8_frag_bytein,block37,1600,32,1638400,13.330519676,13.381679535,0.051160000,23.482940674,_;_;_;400;1024;4096
8,142,deep_fast,vit_contract_blocked_fp8_frag,block37,400,32,409600,13.383959770,13.466159821,0.082199998,23.482940674,_;_;_;_;400;4096;1024
8,143,deep_fast,vit_qkv_project_normalize_fused_f16compact_fp8_frag,block37,2400,32,1228800,13.468400002,13.555279732,0.086879998,23.482940674,_;_;_;400
8,144,deep_fast,vit_attention_fused_400_bytein,block37,800,32,204800,13.557000160,13.629960060,0.072959997,23.482940674,_;_;400
8,145,deep_fast,vit_project_frag,block37,1600,32,409600,13.632200241,13.716400146,0.084200002,23.482940674,_;_;_;_;400;1024;1024
8,146,deep_fast,vit_pack_input,block38,400,256,102400,13.718640327,13.767319679,0.048680000,23.482940674,_;_;409600
8,147,deep_fast,vit_expand_blocked_fp8_frag_bytein,block38,1600,32,1638400,13.773520470,13.847000122,0.073480003,23.482940674,_;_;_;400;1024;4096
8,148,deep_fast,vit_contract_blocked_fp8_frag,block38,400,32,409600,13.849280357,13.930520058,0.081239998,23.482940674,_;_;_;_;400;4096;1024
8,149,deep_fast,vit_qkv_project_normalize_fused_f16compact_fp8_frag,block38,2400,32,1228800,13.932720184,14.023039818,0.090319999,23.482940674,_;_;_;400
8,150,deep_fast,vit_attention_fused_400_bytein,block38,800,32,204800,14.024720192,14.097200394,0.072480001,23.482940674,_;_;400
8,151,deep_fast,vit_project_frag,block38,1600,32,409600,14.099399567,14.183520317,0.084119998,23.482940674,_;_;_;_;400;1024;1024
8,152,deep,vit_gather,block39,1600,256,409600,14.185720444,14.239919662,0.054200001,23.482940674,_;_;_;409600
8,153,deep_fast,decoder_project2x_h16w,block39,800,32,204800,14.246239662,14.322520256,0.076279998,23.482940674,_;_;_;_;25;16;50;30;1024;512
8,154,mh,mh_shift_pack,block40,3584,256,917504,14.325519562,14.380479813,0.054960001,23.482940674,_;_;50;30;56;32;0;0;512;0
8,155,deep_fast,split_mix_blocked_h16w,block40,896,32,917504,14.388319969,14.448760033,0.060440000,23.482940674,_;_;_;1792
8,156,deep_fast,split_ffn_fused_fp8_t8,block40,896,128,917504,14.452039719,14.545120239,0.093079999,23.482940674,_;_;_;_;1792
8,157,deep_fast,split_projection_frag,block40,896,32,917504,14.546680450,14.603320122,0.056639999,23.482940674,_;_;_;_;_;1792
8,158,mh_fast,mh_qkv_normalize_frag_c512,block40,2688,32,2752512,14.607080460,14.682239532,0.075159997,23.482940674,_;_;_;1792
8,159,mh_fused,mh_attention_fused_fp8_out,block40,448,128,448,14.683639526,14.744680405,0.061039999,23.482940674,_;_;_;56;32;512
8,160,mh_fast,mh_attention_project_frag_c512,block40,896,32,917504,14.746159554,14.815320015,0.069159999,23.482940674,_;_;_;_;1792;0;50;30;56;0;0
8,161,mh,mh_shift_pack,block41,4480,256,1146880,14.818360329,14.873559952,0.055199999,23.482940674,_;_;50;30;56;40;4;4;512;0
8,162,deep_fast,split_mix_blocked_h16w,block41,1120,32,1146880,14.879799843,14.949919701,0.070119999,23.482940674,_;_;_;2240
8,163,deep_fast,split_ffn_fused_fp8_t8,block41,1120,128,1146880,14.953760147,15.017959595,0.064199999,23.482940674,_;_;_;_;2240
8,164,deep_fast,split_projection_frag,block41,1120,32,1146880,15.019439697,15.078359604,0.058920000,23.482940674,_;_;_;_;_;2240
8,165,mh_fast,mh_qkv_normalize_frag_c512,block41,3360,32,3440640,15.082599640,15.161439896,0.078840002,23.482940674,_;_;_;2240
8,166,mh_fused,mh_attention_fused_fp8_out,block41,560,128,560,15.162799835,15.227040291,0.064240001,23.482940674,_;_;_;56;40;512
8,167,mh_fast,mh_attention_project_frag_c512,block41,1120,32,1146880,15.228440285,15.298000336,0.069559999,23.482940674,_;_;_;_;2240;0;50;30;56;4;4
8,168,mh,mh_shift_pack,block44,3584,256,917504,15.300999641,15.359600067,0.058600001,23.482940674,_;_;50;30;56;32;0;0;512;0
8,169,deep_fast,split_mix_blocked_h16w,block44,896,32,917504,15.367239952,15.407279968,0.040040001,23.482940674,_;_;_;1792
8,170,deep_fast,split_ffn_fused_fp8_t8,block44,896,128,917504,15.410599709,15.475520134,0.064920001,23.482940674,_;_;_;_;1792
8,171,deep_fast,split_projection_frag,block44,896,32,917504,15.477080345,15.532440186,0.055360001,23.482940674,_;_;_;_;_;1792
8,172,mh_fast,mh_qkv_normalize_frag_c512,block44,2688,32,2752512,15.536239624,15.609840393,0.073600002,23.482940674,_;_;_;1792
8,173,mh_fused,mh_attention_fused_fp8_out,block44,448,128,448,15.611200333,15.671119690,0.059920002,23.482940674,_;_;_;56;32;512
8,174,mh_fast,mh_attention_project_frag_c512,block44,896,32,917504,15.672559738,15.739999771,0.067440003,23.482940674,_;_;_;_;1792;0;50;30;56;0;0
8,175,mh,mh_shift_pack,block45,4480,256,1146880,15.743000031,15.799880028,0.056880001,23.482940674,_;_;50;30;56;40;4;4;512;0
8,176,deep_fast,split_mix_blocked_h16w,block45,1120,32,1146880,15.806119919,15.878319740,0.072200000,23.482940674,_;_;_;2240
8,177,deep_fast,split_ffn_fused_fp8_t8,block45,1120,128,1146880,15.882200241,15.952799797,0.070600003,23.482940674,_;_;_;_;2240
8,178,deep_fast,split_projection_frag,block45,1120,32,1146880,15.954319954,16.011600494,0.057280000,23.482940674,_;_;_;_;_;2240
8,179,mh_fast,mh_qkv_normalize_frag_c512,block45,3360,32,3440640,16.015880585,16.093879700,0.078000002,23.482940674,_;_;_;2240
8,180,mh_fused,mh_attention_fused_fp8_out,block45,560,128,560,16.096519470,16.133880615,0.037360001,23.482940674,_;_;_;56;40;512
8,181,mh_fast,mh_attention_project_frag_c512,block45,1120,32,1146880,16.135280609,16.199680328,0.064400002,23.482940674,_;_;_;_;2240;0;50;30;56;4;4
8,182,mh,mh_shift_pack,block47,4480,256,1146880,16.202720642,16.258319855,0.055599999,23.482940674,_;_;50;30;56;40;0;4;512;0
8,183,deep_fast,split_mix_blocked_h16w,block47,1120,32,1146880,16.266159058,16.335680008,0.069519997,23.482940674,_;_;_;2240
8,184,deep_fast,split_ffn_fused_fp8_t8,block47,1120,128,1146880,16.339519501,16.409719467,0.070200004,23.482940674,_;_;_;_;2240
8,185,deep_fast,split_projection_frag,block47,1120,32,1146880,16.411199570,16.471000671,0.059799999,23.482940674,_;_;_;_;_;2240
8,186,mh_fast,mh_qkv_normalize_frag_c512,block47,3360,32,3440640,16.475320816,16.546760559,0.071439996,23.482940674,_;_;_;2240
8,187,mh_fused,mh_attention_fused_fp8_out,block47,560,128,560,16.548160553,16.611280441,0.063120000,23.482940674,_;_;_;56;40;512
8,188,mh_fast,mh_attention_project_frag_c512,block47,1120,32,1146880,16.612680435,16.682840347,0.070160002,23.482940674,_;_;_;_;2240;0;50;30;56;0;4
8,189,deep_fast,decoder_project2x_h16w_byteout,block48,1504,32,384000,16.685840607,16.781639099,0.095799997,23.482940674,_;_;_;_;50;30;100;60;512;256
8,190,mh_fast,mh_ffn_fused_c256_frag_project_mapped_g128_qkv_bytein_fb,block48,416,512,1703936,16.783679962,16.888679504,0.104999997,23.482940674,_;_;_;_;_;6656;100;60;104;0;0
8,191,mh_fused,c256_attention_project_fb_bout_diag,block48,104,512,104,16.890079498,16.978559494,0.088480003,23.482940674,_;_;_;_;104;64;0;100;60;0;0
8,192,mh_fast,mh_ffn_fused_c256_frag_project_mapped_g128_qkv_bytein_fb,block49,416,512,1703936,16.980239868,17.086959839,0.106720001,23.482940674,_;_;_;_;_;6656;100;60;104;4;4
8,193,mh_fused,c256_attention_project_fb_bout_diag,block49,104,512,104,17.088479996,17.173040390,0.084559999,23.482940674,_;_;_;_;104;64;4;100;60;4;4
8,194,mh_fast,mh_ffn_fused_c256_frag_project_mapped_g128_qkv_bytein_fb,block50,416,512,1703936,17.174760818,17.279960632,0.105200000,23.482940674,_;_;_;_;_;6656;100;60;104;4;0
8,195,mh_fused,c256_attention_project_fb_bout_diag,block50,104,512,104,17.281400681,17.368719101,0.087320000,23.482940674,_;_;_;_;104;64;4;100;60;4;0
8,196,mh_fast,mh_ffn_fused_c256_frag_project_mapped_g128_qkv_bytein_fb,block51,416,512,1703936,17.370359421,17.473800659,0.103440002,23.482940674,_;_;_;_;_;6656;100;60;104;0;4
8,197,mh_fused,c256_attention_project_fb_bout_diag,block51,104,512,104,17.475519180,17.539119720,0.063600004,23.482940674,_;_;_;_;104;64;4;100;60;0;4
8,198,mh_fast,mh_ffn_fused_c256_frag_project_mapped_g128_qkv_bytein_fb,block52,416,512,1703936,17.540840149,17.643999100,0.103160001,23.482940674,_;_;_;_;_;6656;100;60;104;0;0
8,199,mh_fused,c256_attention_project_fb_bout_diag,block52,104,512,104,17.645439148,17.731319427,0.085879996,23.482940674,_;_;_;_;104;64;4;100;60;0;0
8,200,mh_fast,mh_ffn_fused_c256_frag_project_mapped_g128_qkv_bytein_fb,block53,416,512,1703936,17.732999802,17.839439392,0.106440000,23.482940674,_;_;_;_;_;6656;100;60;104;4;4
8,201,mh_fused,c256_attention_project_fb_bout_diag,block53,104,512,104,17.840959549,17.925279617,0.084320001,23.482940674,_;_;_;_;104;64;4;100;60;4;4
8,202,mh_fast,mh_ffn_fused_c256_frag_project_mapped_g128_qkv_bytein_fb,block54,416,512,1703936,17.927000046,18.031719208,0.104719996,23.482940674,_;_;_;_;_;6656;100;60;104;4;0
8,203,mh_fused,c256_attention_project_fb_bout_diag,block54,104,512,104,18.033199310,18.118120193,0.084919997,23.482940674,_;_;_;_;104;64;4;100;60;4;0
8,204,mh_fast,mh_ffn_fused_c256_frag_project_mapped_g128_qkv_bytein_fb,block55,416,512,1703936,18.119800568,18.227720261,0.107919998,23.482940674,_;_;_;_;_;6656;100;60;104;0;4
8,205,mh_fused,c256_attention_project_fb_diag,block55,104,512,104,18.229400635,18.317760468,0.088359997,23.482940674,_;_;_;_;104;64;0;100;60;0;4
8,206,deep_fast,decoder_project2x_h16w_byteout,block56,3000,32,768000,18.320440292,18.414159775,0.093719997,23.482940674,_;_;_;_;100;60;200;120;256;128
8,207,mh_fast,mh_ffn_fused_c128_project_mapped_g128_qkv_bytein_fb,block56,1560,256,3194880,18.416080475,18.538440704,0.122359999,23.482940674,_;_;_;_;_;24960;200;120;208;4;0
8,208,mh_fused,c128_attention_project_fb_bout_diag,block56,390,512,390,18.539840698,18.633960724,0.094120003,23.482940674,_;_;_;_;208;120;4;200;120;4;0
8,209,mh_fast,mh_ffn_fused_c128_project_mapped_g128_qkv_bytein_fb,block57,1600,256,3276800,18.635400772,18.753280640,0.117880002,23.482940674,_;_;_;_;_;25600;200;120;200;0;4
8,210,mh_fused,c128_attention_project_fb_bout_diag,block57,400,512,400,18.759719849,18.848079681,0.088359997,23.482940674,_;_;_;_;200;128;4;200;120;0;4
8,211,mh_fast,mh_ffn_fused_c128_project_g128_qkv_bytein_fb,block58,1500,256,3072000,18.849559784,18.965440750,0.115879998,23.482940674,_;_;_;_;_;24000;200;120;200;0;0
8,212,mh_fused,c128_attention_project_fb_bout_diag,block58,375,512,375,18.968120575,19.052839279,0.084720001,23.482940674,_;_;_;_;200;120;4;0;0;0;0
8,213,mh_fast,mh_ffn_fused_c128_project_mapped_g128_qkv_bytein_fb,block59,1664,256,3407872,19.054279327,19.174240112,0.119960003,23.482940674,_;_;_;_;_;26624;200;120;208;4;4
8,214,mh_fused,c128_attention_project_fb_bout_diag,block59,416,512,416,19.180599213,19.269359589,0.088760003,23.482940674,_;_;_;_;208;128;4;200;120;4;4
8,215,mh_fast,mh_ffn_fused_c128_project_mapped_g128_qkv_bytein_fb,block60,1560,256,3194880,19.270879745,19.395360947,0.124480002,23.482940674,_;_;_;_;_;24960;200;120;208;4;0
8,216,mh_fused,c128_attention_project_fb_bout_diag,block60,390,512,390,19.396760941,19.490520477,0.093759999,23.482940674,_;_;_;_;208;120;4;200;120;4;0
8,217,mh_fast,mh_ffn_fused_c128_project_mapped_g128_qkv_bytein_fb,block61,1600,256,3276800,19.492000580,19.608640671,0.116640002,23.482940674,_;_;_;_;_;25600;200;120;200;0;4
8,218,mh_fused,c128_attention_project_fb_diag,block61,400,512,400,19.614999771,19.707839966,0.092840001,23.482940674,_;_;_;_;200;128;0;200;120;0;4
8,219,deep_fast,decoder_project2x_h16w_byteout,block62,6000,32,1536000,19.709400177,19.831720352,0.122319996,23.482940674,_;_;_;_;200;120;400;240;128;64
8,220,mh_fast,mh_ffn_fused_c64_project_g128_qkv_bytein_fb,block62,6000,128,6144000,19.834039688,19.975519180,0.141479999,23.482940674,_;_;_;_;_;96000;400;240;400;0;0
8,221,mh_fused,c64_attention_project_fb_bout_diag,block62,1500,256,1500,19.976999283,20.086959839,0.109959997,23.482940674,_;_;_;_;400;240;4;0;0;0;0
8,222,mh_fast,mh_ffn_fused_c64_project_mapped_g128_qkv_bytein_fb,block63,6324,128,6475776,20.088359833,20.256479263,0.168119997,23.482940674,_;_;_;_;_;101184;400;240;408;4;4
8,223,mh_fused,c64_attention_project_fb_bout_diag,block63,1581,256,1581,20.257879257,20.386320114,0.128439993,23.482940674,_;_;_;_;408;248;4;400;240;4;4
8,224,mh_fast,mh_ffn_fused_c64_project_mapped_g128_qkv_bytein_fb,block64,6120,128,6266880,20.387760162,20.549800873,0.162039995,23.482940674,_;_;_;_;_;97920;400;240;408;4;0
8,225,mh_fused,c64_attention_project_fb_bout_diag,block64,1530,256,1530,20.551240921,20.678920746,0.127680004,23.482940674,_;_;_;_;408;240;4;400;240;4;0
8,226,mh_fast,mh_ffn_fused_c64_project_mapped_g128_qkv_bytein_fb,block65,6200,128,6348800,20.680440903,20.843799591,0.163360000,23.482940674,_;_;_;_;_;99200;400;240;400;0;4
8,227,mh_fused,c64_attention_project_fb_diag,block65,1550,256,1550,20.845239639,20.976720810,0.131479993,23.482940674,_;_;_;_;400;248;0;400;240;0;4
8,228,deep_fast,decoder_project2x_h16w,block69,12000,32,3072000,20.978319168,21.213079453,0.234760001,23.482940674,_;_;_;_;400;240;800;480;64;32
8,229,c32_fused_ffn,c32_fast_ffn_attention_fused_half_mapped,block69,6000,128,6000,21.216159821,21.465639114,0.249479994,23.482940674,_;_;_;_;6000;0;1;800;480;0;0
8,230,c32_fused_ffn,c32_fast_ffn_attention_fused_half_chain,block69,6161,128,6161,21.467079163,21.752740860,0.285659999,23.482940674,_;_;_;_;6161;3;1;800;480;4;4;800;0;0
8,231,c32_fused_ffn,c32_fast_ffn_attention_fused_half_chain,block69,6060,128,6060,21.754339218,22.036239624,0.281899989,23.482940674,_;_;_;_;6060;3;1;800;480;4;0;808;4;4
8,232,c32_fused_ffn,c32_fast_ffn_attention_fused_half_chain_finish,block69,6100,128,6100,22.037799835,22.343540192,0.305739999,23.482940674,_;_;_;_;_;6100;3;1;800;480;0;4;808;4;0
8,233,c32_fused_ffn,c32_post_merge_head_half,block70,24321,128,24321,22.345180511,23.450839996,1.105659962,23.482940674,_;_;_;_;_;_;_;_;24321;1600;960;4;4;_
9,0,c32_fused_ffn,c32_fast_ffn_attention_fused_half_prefix_finish_main8,pre-down,24000,128,24000,0.005760000,1.109640002,1.103880048,22.990400314,_;_;_;_;_;_;24000;0;1;1600;960;0;0
9,1,c32_fused_ffn,c32_fast_ffn_attention_fused_half_mapped,block4,6000,128,6000,1.111199975,1.422520041,0.311320007,22.990400314,_;_;_;_;6000;0;1;800;480;0;0
9,2,c32_fused_ffn,c32_fast_ffn_attention_fused_half_chain,block4,6161,128,6161,1.423959970,1.722040057,0.298079997,22.990400314,_;_;_;_;6161;3;1;800;480;4;4;800;0;0
9,3,c32_fused_ffn,c32_fast_ffn_attention_fused_half_chain,block4,6060,128,6060,1.723600030,2.015079975,0.291480005,22.990400314,_;_;_;_;6060;3;1;800;480;4;0;808;4;4
9,4,c32_fused_ffn,c32_fast_ffn_attention_fused_half_chain_finish_dcrop,block4,6100,128,6100,2.016639948,2.327960014,0.311320007,22.990400314,_;_;_;_;_;6100;3;1;800;480;0;4;808;4;0
9,5,mh_fast,mh_pool_project_production_h16w,block5,24000,32,6144000,2.329639912,2.413000107,0.083360001,22.990400314,_;_;_;400;240;0;0;32
9,6,mh_fast,mh_ffn_fused_c64_project_g128_qkv_fb,block5,6000,128,6144000,2.421360016,2.559400082,0.138040006,22.990400314,_;_;_;_;_;96000;400;240;400;0;0
9,7,mh_fused,c64_attention_project_fb_bout_diag,block5,1500,256,1500,2.560800076,2.667520046,0.106720001,22.990400314,_;_;_;_;400;240;4;0;0;0;0
9,8,mh_fast,mh_ffn_fused_c64_project_mapped_g128_qkv_bytein_fb,block6,6324,128,6475776,2.668960094,2.833159924,0.164199993,22.990400314,_;_;_;_;_;101184;400;240;408;4;4
9,9,mh_fused,c64_attention_project_fb_bout_diag,block6,1581,256,1581,2.834559917,2.958039999,0.123480000,22.990400314,_;_;_;_;408;248;4;400;240;4;4
9,10,mh_fast,mh_ffn_fused_c64_project_mapped_g128_qkv_bytein_fb,block7,6120,128,6266880,2.959480047,3.119240046,0.159759998,22.990400314,_;_;_;_;_;97920;400;240;408;4;0
9,11,mh_fused,c64_attention_project_fb_bout_diag,block7,1530,256,1530,3.120680094,3.242759943,0.122079998,22.990400314,_;_;_;_;408;240;4;400;240;4;0
9,12,mh_fast,mh_ffn_fused_c64_project_mapped_g128_qkv_bytein_fb,block8,6200,128,6348800,3.244240046,3.407279968,0.163039997,22.990400314,_;_;_;_;_;99200;400;240;400;0;4
9,13,mh_fused,c64_attention_project_fb_diag,block8,1550,256,1550,3.408679962,3.531480074,0.122800000,22.990400314,_;_;_;_;400;248;3;400;240;0;4
9,14,mh_fast,mh_pool_project_group_c64,block9,1500,64,3072000,3.533040047,3.622879982,0.089840002,22.990400314,_;_;_;200;120;400;0;0
9,15,mh_fast,mh_ffn_fused_c128_project_g128_qkv_fb,block9,1500,256,3072000,3.627320051,3.742599964,0.115280002,22.990400314,_;_;_;_;_;24000;200;120;200;0;0
9,16,mh_fused,c128_attention_project_fb_bout_diag,block9,375,512,375,3.743959904,3.827919960,0.083959997,22.990400314,_;_;_;_;200;120;4;0;0;0;0
9,17,mh_fast,mh_ffn_fused_c128_project_mapped_g128_qkv_bytein_fb,block10,1664,256,3407872,3.829360008,3.952960014,0.123599999,22.990400314,_;_;_;_;_;26624;200;120;208;4;4
9,18,mh_fused,c128_attention_project_fb_bout_diag,block10,416,512,416,3.961119890,4.047359943,0.086240001,22.990400314,_;_;_;_;208;128;4;200;120;4;4
9,19,mh_fast,mh_ffn_fused_c128_project_mapped_g128_qkv_bytein_fb,block11,1560,256,3194880,4.048759937,4.177080154,0.128319994,22.990400314,_;_;_;_;_;24960;200;120;208;4;0
9,20,mh_fused,c128_attention_project_fb_bout_diag,block11,390,512,390,4.178480148,4.268959999,0.090480000,22.990400314,_;_;_;_;208;120;4;200;120;4;0
9,21,mh_fast,mh_ffn_fused_c128_project_mapped_g128_qkv_bytein_fb,block12,1600,256,3276800,4.270440102,4.389400005,0.118960001,22.990400314,_;_;_;_;_;25600;200;120;200;0;4
9,22,mh_fused,c128_attention_project_fb_bout_diag,block12,400,512,400,4.396359921,4.484000206,0.087640002,22.990400314,_;_;_;_;200;128;4;200;120;0;4
9,23,mh_fast,mh_ffn_fused_c128_project_g128_qkv_bytein_fb,block13,1500,256,3072000,4.485439777,4.601160049,0.115719996,22.990400314,_;_;_;_;_;24000;200;120;200;0;0
9,24,mh_fused,c128_attention_project_fb_bout_diag,block13,375,512,375,4.603839874,4.685719967,0.081880003,22.990400314,_;_;_;_;200;120;4;0;0;0;0
9,25,mh_fast,mh_ffn_fused_c128_project_mapped_g128_qkv_bytein_fb,block14,1664,256,3407872,4.687280178,4.810639858,0.123360001,22.990400314,_;_;_;_;_;26624;200;120;208;4;4
9,26,mh_fused,c128_attention_project_fb_diag,block14,416,512,416,4.817599773,4.907120228,0.089520000,22.990400314,_;_;_;_;208;128;3;200;120;4;4
9,27,mh_fast,mh_pool_project_group_c128,block15,375,128,1536000,4.908760071,4.967800140,0.059039999,22.990400314,_;_;_;100;60;200;0;0
9,28,mh_fast,mh_ffn_fused_c256_frag_project_mapped_g128_qkv_fb,block15,416,512,1703936,4.972360134,5.078720093,0.106360003,22.990400314,_;_;_;_;_;6656;100;60;104;0;0
9,29,mh_fused,c256_attention_project_fb_bout_diag,block15,104,512,104,5.080039978,5.164199829,0.084160000,22.990400314,_;_;_;_;104;64;4;100;60;0;0
9,30,mh_fast,mh_ffn_fused_c256_frag_project_mapped_g128_qkv_bytein_fb,block16,416,512,1703936,5.165880203,5.272999763,0.107120000,22.990400314,_;_;_;_;_;6656;100;60;104;4;4
9,31,mh_fused,c256_attention_project_fb_bout_diag,block16,104,512,104,5.274479866,5.357120037,0.082640000,22.990400314,_;_;_;_;104;64;4;100;60;4;4
9,32,mh_fast,mh_ffn_fused_c256_frag_project_mapped_g128_qkv_bytein_fb,block17,416,512,1703936,5.358839989,5.465320110,0.106480002,22.990400314,_;_;_;_;_;6656;100;60;104;4;0
9,33,mh_fused,c256_attention_project_fb_bout_diag,block17,104,512,104,5.466720104,5.549240112,0.082520001,22.990400314,_;_;_;_;104;64;4;100;60;4;0
9,34,mh_fast,mh_ffn_fused_c256_frag_project_mapped_g128_qkv_bytein_fb,block18,416,512,1703936,5.550920010,5.658319950,0.107400000,22.990400314,_;_;_;_;_;6656;100;60;104;0;4
9,35,mh_fused,c256_attention_project_fb_bout_diag,block18,104,512,104,5.659840107,5.741759777,0.081919998,22.990400314,_;_;_;_;104;64;4;100;60;0;4
9,36,mh_fast,mh_ffn_fused_c256_frag_project_mapped_g128_qkv_bytein_fb,block19,416,512,1703936,5.743480206,5.848919868,0.105439998,22.990400314,_;_;_;_;_;6656;100;60;104;0;0
9,37,mh_fused,c256_attention_project_fb_bout_diag,block19,104,512,104,5.850279808,5.932799816,0.082520001,22.990400314,_;_;_;_;104;64;4;100;60;0;0
9,38,mh_fast,mh_ffn_fused_c256_frag_project_mapped_g128_qkv_bytein_fb,block20,416,512,1703936,5.934519768,6.042280197,0.107759997,22.990400314,_;_;_;_;_;6656;100;60;104;4;4
9,39,mh_fused,c256_attention_project_fb_bout_diag,block20,104,512,104,6.043799877,6.125760078,0.081960000,22.990400314,_;_;_;_;104;64;4;100;60;4;4
9,40,mh_fast,mh_ffn_fused_c256_frag_project_mapped_g128_qkv_bytein_fb,block21,416,512,1703936,6.127480030,6.235079765,0.107600003,22.990400314,_;_;_;_;_;6656;100;60;104;4;0
9,41,mh_fused,c256_attention_project_fb_bout_diag,block21,104,512,104,6.236480236,6.321080208,0.084600002,22.990400314,_;_;_;_;104;64;4;100;60;4;0
9,42,mh_fast,mh_ffn_fused_c256_frag_project_mapped_g128_qkv_bytein_fb,block22,416,512,1703936,6.322760105,6.430719852,0.107960001,22.990400314,_;_;_;_;_;6656;100;60;104;0;4
9,43,mh_fused,c256_attention_project_fb_diag,block22,104,512,104,6.432199955,6.515799999,0.083600000,22.990400314,_;_;_;_;104;64;3;100;60;0;4
9,44,mh_fast,mh_pool_project_group_c256,block23,94,256,768000,6.518439770,6.576960087,0.058520000,22.990400314,_;_;_;50;30;100;0;0
9,45,mh,mh_shift_pack,block23,3584,256,917504,6.579999924,6.631919861,0.051920000,22.990400314,_;_;50;30;56;32;0;0;512;0
9,46,deep_fast,split_mix_blocked_h16w,block23,896,32,917504,6.639599800,6.701159954,0.061560001,22.990400314,_;_;_;1792
9,47,deep_fast,split_ffn_fused_fp8_t8,block23,896,128,917504,6.704440117,6.766240120,0.061799999,22.990400314,_;_;_;_;1792
9,48,deep_fast,split_projection_frag,block23,896,32,917504,6.767759800,6.824200153,0.056439999,22.990400314,_;_;_;_;_;1792
9,49,mh_fast,mh_qkv_normalize_frag_c512,block23,2688,32,2752512,6.827960014,6.898880005,0.070919998,22.990400314,_;_;_;1792
9,50,mh_fused,mh_attention_fused_fp8_out,block23,448,128,448,6.900279999,6.959400177,0.059119999,22.990400314,_;_;_;56;32;512
9,51,mh_fast,mh_attention_project_frag_c512,block23,896,32,917504,6.960879803,7.026040077,0.065159999,22.990400314,_;_;_;_;1792;0;50;30;56;0;0
9,52,mh,mh_shift_pack,block24,4480,256,1146880,7.029039860,7.083000183,0.053959999,22.990400314,_;_;50;30;56;40;4;4;512;0
9,53,deep_fast,split_mix_blocked_h16w,block24,1120,32,1146880,7.089200020,7.158160210,0.068960004,22.990400314,_;_;_;2240
9,54,deep_fast,split_ffn_fused_fp8_t8,block24,1120,128,1146880,7.162000179,7.227479935,0.065480001,22.990400314,_;_;_;_;2240
9,55,deep_fast,split_projection_frag,block24,1120,32,1146880,7.228960037,7.285480022,0.056520000,22.990400314,_;_;_;_;_;2240
9,56,mh_fast,mh_qkv_normalize_frag_c512,block24,3360,32,3440640,7.289840221,7.359720230,0.069880001,22.990400314,_;_;_;2240
9,57,mh_fused,mh_attention_fused_fp8_out,block24,560,128,560,7.362400055,7.397160053,0.034759998,22.990400314,_;_;_;56;40;512
9,58,mh_fast,mh_attention_project_frag_c512,block24,1120,32,1146880,7.398560047,7.461999893,0.063440003,22.990400314,_;_;_;_;2240;0;50;30;56;4;4
9,59,mh,mh_shift_pack,block25,3584,256,917504,7.465000153,7.517159939,0.052159999,22.990400314,_;_;50;30;56;32;4;0;512;0
9,60,deep_fast,split_mix_blocked_h16w,block25,896,32,917504,7.524799824,7.584320068,0.059519999,22.990400314,_;_;_;1792
9,61,deep_fast,split_ffn_fused_fp8_t8,block25,896,128,917504,7.587600231,7.654200077,0.066600002,22.990400314,_;_;_;_;1792
9,62,deep_fast,split_projection_frag,block25,896,32,917504,7.655720234,7.710720062,0.055000000,22.990400314,_;_;_;_;_;1792
9,63,mh_fast,mh_qkv_normalize_frag_c512,block25,2688,32,2752512,7.714479923,7.785359859,0.070880003,22.990400314,_;_;_;1792
9,64,mh_fused,mh_attention_fused_fp8_out,block25,448,128,448,7.786719799,7.845560074,0.058839999,22.990400314,_;_;_;56;32;512
9,65,mh_fast,mh_attention_project_frag_c512,block25,896,32,917504,7.847080231,7.910960197,0.063879997,22.990400314,_;_;_;_;1792;0;50;30;56;4;0
9,66,mh,mh_shift_pack,block26,4480,256,1146880,7.913959980,7.967720032,0.053760000,22.990400314,_;_;50;30;56;40;0;4;512;0
9,67,deep_fast,split_mix_blocked_h16w,block26,1120,32,1146880,7.974440098,8.022560120,0.048119999,22.990400314,_;_;_;2240
9,68,deep_fast,split_ffn_fused_fp8_t8,block26,1120,128,1146880,8.026359558,8.092920303,0.066560000,22.990400314,_;_;_;_;2240
9,69,deep_fast,split_projection_frag,block26,1120,32,1146880,8.094440460,8.150879860,0.056439999,22.990400314,_;_;_;_;_;2240
9,70,mh_fast,mh_qkv_normalize_frag_c512,block26,3360,32,3440640,8.155159950,8.231840134,0.076679997,22.990400314,_;_;_;2240
9,71,mh_fused,mh_attention_fused_fp8_out,block26,560,128,560,8.233240128,8.295720100,0.062479999,22.990400314,_;_;_;56;40;512
9,72,mh_fast,mh_attention_project_frag_c512,block26,1120,32,1146880,8.297120094,8.365079880,0.067960002,22.990400314,_;_;_;_;2240;0;50;30;56;0;4
9,73,mh,mh_shift_pack,block27,3584,256,917504,8.368080139,8.420359612,0.052280001,22.990400314,_;_;50;30;56;32;0;0;512;0
9,74,deep_fast,split_mix_blocked_h16w,block27,896,32,917504,8.428159714,8.487480164,0.059319999,22.990400314,_;_;_;1792
9,75,deep_fast,split_ffn_fused_fp8_t8,block27,896,128,917504,8.490759850,8.553480148,0.062720001,22.990400314,_;_;_;_;1792
9,76,deep_fast,split_projection_frag,block27,896,32,917504,8.555000305,8.610919952,0.055920001,22.990400314,_;_;_;_;_;1792
9,77,mh_fast,mh_qkv_normalize_frag_c512,block27,2688,32,2752512,8.614720345,8.688119888,0.073399998,22.990400314,_;_;_;1792
9,78,mh_fused,mh_attention_fused_fp8_out,block27,448,128,448,8.689519882,8.748720169,0.059200000,22.990400314,_;_;_;56;32;512
9,79,mh_fast,mh_attention_project_frag_c512,block27,896,32,917504,8.750240326,8.814800262,0.064560004,22.990400314,_;_;_;_;1792;0;50;30;56;0;0
9,80,mh,mh_shift_pack,block28,4480,256,1146880,8.817839622,8.872039795,0.054200001,22.990400314,_;_;50;30;56;40;4;4;512;0
9,81,deep_fast,split_mix_blocked_h16w,block28,1120,32,1146880,8.878640175,8.925239563,0.046599999,22.990400314,_;_;_;2240
9,82,deep_fast,split_ffn_fused_fp8_t8,block28,1120,128,1146880,8.929039955,8.994919777,0.065880001,22.990400314,_;_;_;_;2240
9,83,deep_fast,split_projection_frag,block28,1120,32,1146880,8.996439934,9.053640366,0.057200000,22.990400314,_;_;_;_;_;2240
9,84,mh_fast,mh_qkv_normalize_frag_c512,block28,3360,32,3440640,9.057800293,9.132760048,0.074960001,22.990400314,_;_;_;2240
9,85,mh_fused,mh_attention_fused_fp8_out,block28,560,128,560,9.135399818,9.171879768,0.036479998,22.990400314,_;_;_;56;40;512
9,86,mh_fast,mh_attention_project_frag_c512,block28,1120,32,1146880,9.173319817,9.237879753,0.064560004,22.990400314,_;_;_;_;2240;0;50;30;56;4;4
9,87,mh,mh_shift_pack,block29,3584,256,917504,9.240920067,9.293120384,0.052200001,22.990400314,_;_;50;30;56;32;4;0;512;0
9,88,deep_fast,split_mix_blocked_h16w,block29,896,32,917504,9.300959587,9.362039566,0.061080001,22.990400314,_;_;_;1792
9,89,deep_fast,split_ffn_fused_fp8_t8,block29,896,128,917504,9.365320206,9.428400040,0.063079998,22.990400314,_;_;_;_;1792
9,90,deep_fast,split_projection_frag,block29,896,32,917504,9.429960251,9.485839844,0.055879999,22.990400314,_;_;_;_;_;1792
9,91,mh_fast,mh_qkv_normalize_frag_c512,block29,2688,32,2752512,9.489640236,9.561759949,0.072120003,22.990400314,_;_;_;1792
9,92,mh_fused,mh_attention_fused_fp8_out,block29,448,128,448,9.563159943,9.622920036,0.059760001,22.990400314,_;_;_;56;32;512
9,93,mh_fast,mh_attention_project_frag_c512,block29,896,32,917504,9.624440193,9.690999985,0.066560000,22.990400314,_;_;_;_;1792;0;50;30;56;4;0
9,94,mh,mh_shift_pack,block30,4480,256,1146880,9.694000244,9.751480103,0.057480000,22.990400314,_;_;50;30;56;40;0;4;512;0
9,95,deep_fast,split_mix_blocked_h16w,block30,1120,32,1146880,9.757679939,9.826600075,0.068920001,22.990400314,_;_;_;2240
9,96,deep_fast,split_ffn_fused_fp8_t8,block30,1120,128,1146880,9.830360413,9.896599770,0.066239998,22.990400314,_;_;_;_;2240
9,97,deep_fast,split_projection_frag,block30,1120,32,1146880,9.898119926,9.954759598,0.056639999,22.990400314,_;_;_;_;_;2240
9,98,mh_fast,mh_qkv_normalize_frag_c512,block30,3360,32,3440640,9.958999634,10.035200119,0.076200001,22.990400314,_;_;_;2240
9,99,mh_fused,mh_attention_fused_fp8_out,block30,560,128,560,10.036600113,10.100879669,0.064280003,22.990400314,_;_;_;56;40;512
9,100,mh_fast,mh_attention_project_frag_c512,block30,1120,32,1146880,10.102279663,10.168760300,0.066480003,22.990400314,_;_;_;_;2240;3;50;30;56;0;4
9,101,mh,mh_pool,head,800,256,204800,10.171759605,10.223480225,0.051720001,22.990400314,_;_;25;16;50;25;15;512
9,102,mh_fast,mh_pool_project_production_h16w,head,1600,32,409600,10.229840279,10.315560341,0.085720003,22.990400314,_;_;_;25;16;25;15;512
9,103,deep,vit_gather,block31,1600,256,409600,10.317839622,10.366720200,0.048880000,22.990400314,_;_;_;409600
9,104,deep_fast,vit_pack_input,block31,400,256,102400,10.373439789,10.393560410,0.020120000,22.990400314,_;_;409600
9,105,deep_fast,vit_expand_blocked_fp8_frag_bytein,block31,1600,32,1638400,10.398400307,10.447879791,0.049479999,22.990400314,_;_;_;400;1024;4096
9,106,deep_fast,vit_contract_blocked_fp8_frag,block31,400,32,409600,10.450119972,10.524200439,0.074079998,22.990400314,_;_;_;_;400;4096;1024
9,107,deep_fast,vit_qkv_project_normalize_fused_f16compact_fp8_frag,block31,2400,32,1228800,10.526439667,10.618399620,0.091959998,22.990400314,_;_;_;400
9,108,deep_fast,vit_attention_fused_400_bytein,block31,800,32,204800,10.620079994,10.694999695,0.074919999,22.990400314,_;_;400
9,109,deep_fast,vit_project_frag,block31,1600,32,409600,10.697239876,10.781000137,0.083760001,22.990400314,_;_;_;_;400;1024;1024
9,110,deep_fast,vit_pack_input,block32,400,256,102400,10.783240318,10.830039978,0.046799999,22.990400314,_;_;409600
9,111,deep_fast,vit_expand_blocked_fp8_frag_bytein,block32,1600,32,1638400,10.834639549,10.887120247,0.052480001,22.990400314,_;_;_;400;1024;4096
9,112,deep_fast,vit_contract_blocked_fp8_frag,block32,400,32,409600,10.889360428,10.969280243,0.079920001,22.990400314,_;_;_;_;400;4096;1024
9,113,deep_fast,vit_qkv_project_normalize_fused_f16compact_fp8_frag,block32,2400,32,1228800,10.971480370,11.060640335,0.089160003,22.990400314,_;_;_;400
9,114,deep_fast,vit_attention_fused_400_bytein,block32,800,32,204800,11.062359810,11.133520126,0.071160004,22.990400314,_;_;400
9,115,deep_fast,vit_project_frag,block32,1600,32,409600,11.135800362,11.219200134,0.083400004,22.990400314,_;_;_;_;400;1024;1024
9,116,deep_fast,vit_pack_input,block33,400,256,102400,11.221360207,11.268719673,0.047359999,22.990400314,_;_;409600
9,117,deep_fast,vit_expand_blocked_fp8_frag_bytein,block33,1600,32,1638400,11.273280144,11.325599670,0.052320000,22.990400314,_;_;_;400;1024;4096
9,118,deep_fast,vit_contract_blocked_fp8_frag,block33,400,32,409600,11.327799797,11.406760216,0.078960001,22.990400314,_;_;_;_;400;4096;1024
9,119,deep_fast,vit_qkv_project_normalize_fused_f16compact_fp8_frag,block33,2400,32,1228800,11.409000397,11.501520157,0.092519999,22.990400314,_;_;_;400
9,120,deep_fast,vit_attention_fused_400_bytein,block33,800,32,204800,11.503199577,11.575960159,0.072760001,22.990400314,_;_;400
9,121,deep_fast,vit_project_frag,block33,1600,32,409600,11.578200340,11.661600113,0.083400004,22.990400314,_;_;_;_;400;1024;1024
9,122,deep_fast,vit_pack_input,block34,400,256,102400,11.663760185,11.711680412,0.047920000,22.990400314,_;_;409600
9,123,deep_fast,vit_expand_blocked_fp8_frag_bytein,block34,1600,32,1638400,11.716239929,11.769160271,0.052919999,22.990400314,_;_;_;400;1024;4096
9,124,deep_fast,vit_contract_blocked_fp8_frag,block34,400,32,409600,11.771439552,11.853360176,0.081919998,22.990400314,_;_;_;_;400;4096;1024
9,125,deep_fast,vit_qkv_project_normalize_fused_f16compact_fp8_frag,block34,2400,32,1228800,11.855600357,11.948200226,0.092600003,22.990400314,_;_;_;400
9,126,deep_fast,vit_attention_fused_400_bytein,block34,800,32,204800,11.949879646,12.022439957,0.072559997,22.990400314,_;_;400
9,127,deep_fast,vit_project_frag,block34,1600,32,409600,12.024640083,12.107799530,0.083159998,22.990400314,_;_;_;_;400;1024;1024
9,128,deep_fast,vit_pack_input,block35,400,256,102400,12.109999657,12.157520294,0.047520000,22.990400314,_;_;409600
9,129,deep_fast,vit_expand_blocked_fp8_frag_bytein,block35,1600,32,1638400,12.162119865,12.215479851,0.053360000,22.990400314,_;_;_;400;1024;4096
9,130,deep_fast,vit_contract_blocked_fp8_frag,block35,400,32,409600,12.217720032,12.298080444,0.080360003,22.990400314,_;_;_;_;400;4096;1024
9,131,deep_fast,vit_qkv_project_normalize_fused_f16compact_fp8_frag,block35,2400,32,1228800,12.300359726,12.389800072,0.089440003,22.990400314,_;_;_;400
9,132,deep_fast,vit_attention_fused_400_bytein,block35,800,32,204800,12.391519547,12.467880249,0.076360002,22.990400314,_;_;400
9,133,deep_fast,vit_project_frag,block35,1600,32,409600,12.470159531,12.553319931,0.083159998,22.990400314,_;_;_;_;400;1024;1024
9,134,deep_fast,vit_pack_input,block36,400,256,102400,12.555560112,12.603320122,0.047759999,22.990400314,_;_;409600
9,135,deep_fast,vit_expand_blocked_fp8_frag_bytein,block36,1600,32,1638400,12.609319687,12.659079552,0.049759999,22.990400314,_;_;_;400;1024;4096
9,136,deep_fast,vit_contract_blocked_fp8_frag,block36,400,32,409600,12.661319733,12.741519928,0.080200002,22.990400314,_;_;_;_;400;4096;1024
9,137,deep_fast,vit_qkv_project_normalize_fused_f16compact_fp8_frag,block36,2400,32,1228800,12.743760109,12.835800171,0.092040002,22.990400314,_;_;_;400
9,138,deep_fast,vit_attention_fused_400_bytein,block36,800,32,204800,12.837519646,12.909799576,0.072279997,22.990400314,_;_;400
9,139,deep_fast,vit_project_frag,block36,1600,32,409600,12.912079811,12.995079994,0.082999997,22.990400314,_;_;_;_;400;1024;1024
9,140,deep_fast,vit_pack_input,block37,400,256,102400,12.997280121,13.044400215,0.047120001,22.990400314,_;_;409600
9,141,deep_fast,vit_expand_blocked_fp8_frag_bytein,block37,1600,32,1638400,13.048959732,13.100359917,0.051399998,22.990400314,_;_;_;400;1024;4096
9,142,deep_fast,vit_contract_blocked_fp8_frag,block37,400,32,409600,13.102640152,13.182319641,0.079680003,22.990400314,_;_;_;_;400;4096;1024
9,143,deep_fast,vit_qkv_project_normalize_fused_f16compact_fp8_frag,block37,2400,32,1228800,13.184559822,13.274439812,0.089879997,22.990400314,_;_;_;400
9,144,deep_fast,vit_attention_fused_400_bytein,block37,800,32,204800,13.276120186,13.347399712,0.071280003,22.990400314,_;_;400
9,145,deep_fast,vit_project_frag,block37,1600,32,409600,13.349639893,13.432920456,0.083279997,22.990400314,_;_;_;_;400;1024;1024
9,146,deep_fast,vit_pack_input,block38,400,256,102400,13.435119629,13.481960297,0.046840001,22.990400314,_;_;409600
9,147,deep_fast,vit_expand_blocked_fp8_frag_bytein,block38,1600,32,1638400,13.486559868,13.537599564,0.051040001,22.990400314,_;_;_;400;1024;4096
9,148,deep_fast,vit_contract_blocked_fp8_frag,block38,400,32,409600,13.539879799,13.619640350,0.079760000,22.990400314,_;_;_;_;400;4096;1024
9,149,deep_fast,vit_qkv_project_normalize_fused_f16compact_fp8_frag,block38,2400,32,1228800,13.621879578,13.714799881,0.092919998,22.990400314,_;_;_;400
9,150,deep_fast,vit_attention_fused_400_bytein,block38,800,32,204800,13.716480255,13.788559914,0.072080001,22.990400314,_;_;400
9,151,deep_fast,vit_project_frag,block38,1600,32,409600,13.790800095,13.873439789,0.082640000,22.990400314,_;_;_;_;400;1024;1024
9,152,deep,vit_gather,block39,1600,256,409600,13.875679970,13.925040245,0.049360000,22.990400314,_;_;_;409600
9,153,deep_fast,decoder_project2x_h16w,block39,800,32,204800,13.930239677,13.979399681,0.049160000,22.990400314,_;_;_;_;25;16;50;30;1024;512
9,154,mh,mh_shift_pack,block40,3584,256,917504,13.982319832,14.036120415,0.053800002,22.990400314,_;_;50;30;56;32;0;0;512;0
9,155,deep_fast,split_mix_blocked_h16w,block40,896,32,917504,14.042320251,14.106519699,0.064199999,22.990400314,_;_;_;1792
9,156,deep_fast,split_ffn_fused_fp8_t8,block40,896,128,917504,14.109840393,14.173119545,0.063280001,22.990400314,_;_;_;_;1792
9,157,deep_fast,split_projection_frag,block40,896,32,917504,14.174679756,14.228599548,0.053920001,22.990400314,_;_;_;_;_;1792
9,158,mh_fast,mh_qkv_normalize_frag_c512,block40,2688,32,2752512,14.232399940,14.303959846,0.071560003,22.990400314,_;_;_;1792
9,159,mh_fused,mh_attention_fused_fp8_out,block40,448,128,448,14.305359840,14.363719940,0.058359999,22.990400314,_;_;_;56;32;512
9,160,mh_fast,mh_attention_project_frag_c512,block40,896,32,917504,14.365240097,14.430040359,0.064800002,22.990400314,_;_;_;_;1792;0;50;30;56;0;0
9,161,mh,mh_shift_pack,block41,4480,256,1146880,14.433039665,14.487079620,0.054040000,22.990400314,_;_;50;30;56;40;4;4;512;0
9,162,deep_fast,split_mix_blocked_h16w,block41,1120,32,1146880,14.494640350,14.562399864,0.067759998,22.990400314,_;_;_;2240
9,163,deep_fast,split_ffn_fused_fp8_t8,block41,1120,128,1146880,14.566240311,14.634880066,0.068640001,22.990400314,_;_;_;_;2240
9,164,deep_fast,split_projection_frag,block41,1120,32,1146880,14.636360168,14.694120407,0.057760000,22.990400314,_;_;_;_;_;2240
9,165,mh_fast,mh_qkv_normalize_frag_c512,block41,3360,32,3440640,14.698360443,14.773960114,0.075599998,22.990400314,_;_;_;2240
9,166,mh_fused,mh_attention_fused_fp8_out,block41,560,128,560,14.776639938,14.812000275,0.035360001,22.990400314,_;_;_;56;40;512
9,167,mh_fast,mh_attention_project_frag_c512,block41,1120,32,1146880,14.813440323,14.877440453,0.064000003,22.990400314,_;_;_;_;2240;0;50;30;56;4;4
9,168,mh,mh_shift_pack,block44,3584,256,917504,14.880479813,14.933560371,0.053080000,22.990400314,_;_;50;30;56;32;0;0;512;0
9,169,deep_fast,split_mix_blocked_h16w,block44,896,32,917504,14.939880371,15.000320435,0.060440000,22.990400314,_;_;_;1792
9,170,deep_fast,split_ffn_fused_fp8_t8,block44,896,128,917504,15.003600121,15.066519737,0.062919997,22.990400314,_;_;_;_;1792
9,171,deep_fast,split_projection_frag,block44,896,32,917504,15.068079948,15.127120018,0.059039999,22.990400314,_;_;_;_;_;1792
9,172,mh_fast,mh_qkv_normalize_frag_c512,block44,2688,32,2752512,15.130880356,15.202480316,0.071599998,22.990400314,_;_;_;1792
9,173,mh_fused,mh_attention_fused_fp8_out,block44,448,128,448,15.203880310,15.262240410,0.058359999,22.990400314,_;_;_;56;32;512
9,174,mh_fast,mh_attention_project_frag_c512,block44,896,32,917504,15.263719559,15.327839851,0.064120002,22.990400314,_;_;_;_;1792;0;50;30;56;0;0
9,175,mh,mh_shift_pack,block45,4480,256,1146880,15.330800056,15.384880066,0.054079998,22.990400314,_;_;50;30;56;40;4;4;512;0
9,176,deep_fast,split_mix_blocked_h16w,block45,1120,32,1146880,15.391480446,15.462039948,0.070560001,22.990400314,_;_;_;2240
9,177,deep_fast,split_ffn_fused_fp8_t8,block45,1120,128,1146880,15.465880394,15.531439781,0.065559998,22.990400314,_;_;_;_;2240
9,178,deep_fast,split_projection_frag,block45,1120,32,1146880,15.532919884,15.590640068,0.057720002,22.990400314,_;_;_;_;_;2240
9,179,mh_fast,mh_qkv_normalize_frag_c512,block45,3360,32,3440640,15.594920158,15.670359612,0.075439997,22.990400314,_;_;_;2240
9,180,mh_fused,mh_attention_fused_fp8_out,block45,560,128,560,15.672960281,15.708000183,0.035039999,22.990400314,_;_;_;56;40;512
9,181,mh_fast,mh_attention_project_frag_c512,block45,1120,32,1146880,15.709400177,15.773559570,0.064159997,22.990400314,_;_;_;_;2240;0;50;30;56;4;4
9,182,mh,mh_shift_pack,block47,4480,256,1146880,15.776599884,15.831359863,0.054760002,22.990400314,_;_;50;30;56;40;0;4;512;0
9,183,deep_fast,split_mix_blocked_h16w,block47,1120,32,1146880,15.837880135,15.885880470,0.048000000,22.990400314,_;_;_;2240
9,184,deep_fast,split_ffn_fused_fp8_t8,block47,1120,128,1146880,15.889719963,15.957200050,0.067479998,22.990400314,_;_;_;_;2240
9,185,deep_fast,split_projection_frag,block47,1120,32,1146880,15.958680153,16.015560150,0.056880001,22.990400314,_;_;_;_;_;2240
9,186,mh_fast,mh_qkv_normalize_frag_c512,block47,3360,32,3440640,16.019840240,16.094999313,0.075159997,22.990400314,_;_;_;2240
9,187,mh_fused,mh_attention_fused_fp8_out,block47,560,128,560,16.097600937,16.133600235,0.035999998,22.990400314,_;_;_;56;40;512
9,188,mh_fast,mh_attention_project_frag_c512,block47,1120,32,1146880,16.135000229,16.178119659,0.043120001,22.990400314,_;_;_;_;2240;0;50;30;56;0;4
9,189,deep_fast,decoder_project2x_h16w_byteout,block48,1504,32,384000,16.181119919,16.276599884,0.095480002,22.990400314,_;_;_;_;50;30;100;60;512;256
9,190,mh_fast,mh_ffn_fused_c256_frag_project_mapped_g128_qkv_bytein_fb,block48,416,512,1703936,16.278600693,16.379959106,0.101360001,22.990400314,_;_;_;_;_;6656;100;60;104;0;0
9,191,mh_fused,c256_attention_project_fb_bout_diag,block48,104,512,104,16.381399155,16.466960907,0.085560001,22.990400314,_;_;_;_;104;64;0;100;60;0;0
9,192,mh_fast,mh_ffn_fused_c256_frag_project_mapped_g128_qkv_bytein_fb,block49,416,512,1703936,16.468639374,16.573080063,0.104440004,22.990400314,_;_;_;_;_;6656;100;60;104;4;4
9,193,mh_fused,c256_attention_project_fb_bout_diag,block49,104,512,104,16.574600220,16.656799316,0.082199998,22.990400314,_;_;_;_;104;64;4;100;60;4;4
9,194,mh_fast,mh_ffn_fused_c256_frag_project_mapped_g128_qkv_bytein_fb,block50,416,512,1703936,16.658559799,16.760919571,0.102360003,22.990400314,_;_;_;_;_;6656;100;60;104;4;0
9,195,mh_fused,c256_attention_project_fb_bout_diag,block50,104,512,104,16.762359619,16.846799850,0.084440000,22.990400314,_;_;_;_;104;64;4;100;60;4;0
9,196,mh_fast,mh_ffn_fused_c256_frag_project_mapped_g128_qkv_bytein_fb,block51,416,512,1703936,16.848480225,16.955160141,0.106679998,22.990400314,_;_;_;_;_;6656;100;60;104;0;4
9,197,mh_fused,c256_attention_project_fb_bout_diag,block51,104,512,104,16.956720352,17.039480209,0.082759999,22.990400314,_;_;_;_;104;64;4;100;60;0;4
9,198,mh_fast,mh_ffn_fused_c256_frag_project_mapped_g128_qkv_bytein_fb,block52,416,512,1703936,17.041200638,17.146240234,0.105039999,22.990400314,_;_;_;_;_;6656;100;60;104;0;0
9,199,mh_fused,c256_attention_project_fb_bout_diag,block52,104,512,104,17.147560120,17.230680466,0.083120003,22.990400314,_;_;_;_;104;64;4;100;60;0;0
9,200,mh_fast,mh_ffn_fused_c256_frag_project_mapped_g128_qkv_bytein_fb,block53,416,512,1703936,17.232360840,17.339279175,0.106919996,22.990400314,_;_;_;_;_;6656;100;60;104;4;4
9,201,mh_fused,c256_attention_project_fb_bout_diag,block53,104,512,104,17.340879440,17.423280716,0.082400002,22.990400314,_;_;_;_;104;64;4;100;60;4;4
9,202,mh_fast,mh_ffn_fused_c256_frag_project_mapped_g128_qkv_bytein_fb,block54,416,512,1703936,17.424999237,17.532560349,0.107560001,22.990400314,_;_;_;_;_;6656;100;60;104;4;0
9,203,mh_fused,c256_attention_project_fb_bout_diag,block54,104,512,104,17.533920288,17.604240417,0.070320003,22.990400314,_;_;_;_;104;64;4;100;60;4;0
9,204,mh_fast,mh_ffn_fused_c256_frag_project_mapped_g128_qkv_bytein_fb,block55,416,512,1703936,17.605920792,17.692520142,0.086599998,22.990400314,_;_;_;_;_;6656;100;60;104;0;4
9,205,mh_fused,c256_attention_project_fb_diag,block55,104,512,104,17.694040298,17.779560089,0.085519999,22.990400314,_;_;_;_;104;64;0;100;60;0;4
9,206,deep_fast,decoder_project2x_h16w_byteout,block56,3000,32,768000,17.782159805,17.873720169,0.091559999,22.990400314,_;_;_;_;100;60;200;120;256;128
9,207,mh_fast,mh_ffn_fused_c128_project_mapped_g128_qkv_bytein_fb,block56,1560,256,3194880,17.875640869,18.001239777,0.125599995,22.990400314,_;_;_;_;_;24960;200;120;208;4;0
9,208,mh_fused,c128_attention_project_fb_bout_diag,block56,390,512,390,18.002639771,18.094720840,0.092079997,22.990400314,_;_;_;_;208;120;4;200;120;4;0
9,209,mh_fast,mh_ffn_fused_c128_project_mapped_g128_qkv_bytein_fb,block57,1600,256,3276800,18.096160889,18.215480804,0.119319998,22.990400314,_;_;_;_;_;25600;200;120;200;0;4
9,210,mh_fused,c128_attention_project_fb_bout_diag,block57,400,512,400,18.223560333,18.313280106,0.089720003,22.990400314,_;_;_;_;200;128;4;200;120;0;4
9,211,mh_fast,mh_ffn_fused_c128_project_g128_qkv_bytein_fb,block58,1500,256,3072000,18.314720154,18.431999207,0.117279999,22.990400314,_;_;_;_;_;24000;200;120;200;0;0
9,212,mh_fused,c128_attention_project_fb_bout_diag,block58,375,512,375,18.433359146,18.516719818,0.083360001,22.990400314,_;_;_;_;200;120;4;0;0;0;0
9,213,mh_fast,mh_ffn_fused_c128_project_mapped_g128_qkv_bytein_fb,block59,1664,256,3407872,18.518159866,18.641319275,0.123159997,22.990400314,_;_;_;_;_;26624;200;120;208;4;4
9,214,mh_fused,c128_attention_project_fb_bout_diag,block59,416,512,416,18.649440765,18.736400604,0.086960003,22.990400314,_;_;_;_;208;128;4;200;120;4;4
9,215,mh_fast,mh_ffn_fused_c128_project_mapped_g128_qkv_bytein_fb,block60,1560,256,3194880,18.737880707,18.864639282,0.126760006,22.990400314,_;_;_;_;_;24960;200;120;208;4;0
9,216,mh_fused,c128_attention_project_fb_bout_diag,block60,390,512,390,18.866039276,18.957439423,0.091399997,22.990400314,_;_;_;_;208;120;4;200;120;4;0
9,217,mh_fast,mh_ffn_fused_c128_project_mapped_g128_qkv_bytein_fb,block61,1600,256,3276800,18.958879471,19.075199127,0.116319999,22.990400314,_;_;_;_;_;25600;200;120;200;0;4
9,218,mh_fused,c128_attention_project_fb_diag,block61,400,512,400,19.082839966,19.180919647,0.098080002,22.990400314,_;_;_;_;200;128;0;200;120;0;4
9,219,deep_fast,decoder_project2x_h16w_byteout,block62,6000,32,1536000,19.182600021,19.302520752,0.119920000,22.990400314,_;_;_;_;200;120;400;240;128;64
9,220,mh_fast,mh_ffn_fused_c64_project_g128_qkv_bytein_fb,block62,6000,128,6144000,19.304840088,19.445840836,0.141000003,22.990400314,_;_;_;_;_;96000;400;240;400;0;0
9,221,mh_fused,c64_attention_project_fb_bout_diag,block62,1500,256,1500,19.447240829,19.555080414,0.107840002,22.990400314,_;_;_;_;400;240;4;0;0;0;0
9,222,mh_fast,mh_ffn_fused_c64_project_mapped_g128_qkv_bytein_fb,block63,6324,128,6475776,19.556480408,19.723119736,0.166639999,22.990400314,_;_;_;_;_;101184;400;240;408;4;4
9,223,mh_fused,c64_attention_project_fb_bout_diag,block63,1581,256,1581,19.724479675,19.850240707,0.125760004,22.990400314,_;_;_;_;408;248;4;400;240;4;4
9,224,mh_fast,mh_ffn_fused_c64_project_mapped_g128_qkv_bytein_fb,block64,6120,128,6266880,19.851680756,20.009639740,0.157959998,22.990400314,_;_;_;_;_;97920;400;240;408;4;0
9,225,mh_fused,c64_attention_project_fb_bout_diag,block64,1530,256,1530,20.011039734,20.133880615,0.122840002,22.990400314,_;_;_;_;408;240;4;400;240;4;0
9,226,mh_fast,mh_ffn_fused_c64_project_mapped_g128_qkv_bytein_fb,block65,6200,128,6348800,20.135360718,20.297279358,0.161919996,22.990400314,_;_;_;_;_;99200;400;240;400;0;4
9,227,mh_fused,c64_attention_project_fb_diag,block65,1550,256,1550,20.298679352,20.430440903,0.131760001,22.990400314,_;_;_;_;400;248;0;400;240;0;4
9,228,deep_fast,decoder_project2x_h16w,block69,12000,32,3072000,20.432039261,20.667600632,0.235560000,22.990400314,_;_;_;_;400;240;800;480;64;32
9,229,c32_fused_ffn,c32_fast_ffn_attention_fused_half_mapped,block69,6000,128,6000,20.670640945,20.961500168,0.290859997,22.990400314,_;_;_;_;6000;0;1;800;480;0;0
9,230,c32_fused_ffn,c32_fast_ffn_attention_fused_half_chain,block69,6161,128,6161,20.962940216,21.244800568,0.281859994,22.990400314,_;_;_;_;6161;3;1;800;480;4;4;800;0;0
9,231,c32_fused_ffn,c32_fast_ffn_attention_fused_half_chain,block69,6060,128,6060,21.246360779,21.524400711,0.278039992,22.990400314,_;_;_;_;6060;3;1;800;480;4;0;808;4;4
9,232,c32_fused_ffn,c32_fast_ffn_attention_fused_half_chain_finish,block69,6100,128,6100,21.525960922,21.828100204,0.302139997,22.990400314,_;_;_;_;_;6100;3;1;800;480;0;4;808;4;0
9,233,c32_fused_ffn,c32_post_merge_head_half,block70,24321,128,24321,21.829700470,22.958499908,1.128800035,22.990400314,_;_;_;_;_;_;_;_;24321;1600;960;4;4;_
10,0,c32_fused_ffn,c32_fast_ffn_attention_fused_half_prefix_finish_main8,pre-down,24000,128,24000,0.004360000,1.101999998,1.097640038,23.228660583,_;_;_;_;_;_;24000;0;1;1600;960;0;0
10,1,c32_fused_ffn,c32_fast_ffn_attention_fused_half_mapped,block4,6000,128,6000,1.103559971,1.398880005,0.295320004,23.228660583,_;_;_;_;6000;0;1;800;480;0;0
10,2,c32_fused_ffn,c32_fast_ffn_attention_fused_half_chain,block4,6161,128,6161,1.400279999,1.682600021,0.282319993,23.228660583,_;_;_;_;6161;3;1;800;480;4;4;800;0;0
10,3,c32_fused_ffn,c32_fast_ffn_attention_fused_half_chain,block4,6060,128,6060,1.684159994,1.960160017,0.275999993,23.228660583,_;_;_;_;6060;3;1;800;480;4;0;808;4;4
10,4,c32_fused_ffn,c32_fast_ffn_attention_fused_half_chain_finish_dcrop,block4,6100,128,6100,1.961719990,2.273159981,0.311439991,23.228660583,_;_;_;_;_;6100;3;1;800;480;0;4;808;4;0
10,5,mh_fast,mh_pool_project_production_h16w,block5,24000,32,6144000,2.274760008,2.359600067,0.084840000,23.228660583,_;_;_;400;240;0;0;32
10,6,mh_fast,mh_ffn_fused_c64_project_g128_qkv_fb,block5,6000,128,6144000,2.368200064,2.510240078,0.142039999,23.228660583,_;_;_;_;_;96000;400;240;400;0;0
10,7,mh_fused,c64_attention_project_fb_bout_diag,block5,1500,256,1500,2.511600018,2.620280027,0.108680002,23.228660583,_;_;_;_;400;240;4;0;0;0;0
10,8,mh_fast,mh_ffn_fused_c64_project_mapped_g128_qkv_bytein_fb,block6,6324,128,6475776,2.621680021,2.786240101,0.164560005,23.228660583,_;_;_;_;_;101184;400;240;408;4;4
10,9,mh_fused,c64_attention_project_fb_bout_diag,block6,1581,256,1581,2.787600040,2.913559914,0.125960007,23.228660583,_;_;_;_;408;248;4;400;240;4;4
10,10,mh_fast,mh_ffn_fused_c64_project_mapped_g128_qkv_bytein_fb,block7,6120,128,6266880,2.914959908,3.067320108,0.152360007,23.228660583,_;_;_;_;_;97920;400;240;408;4;0
10,11,mh_fused,c64_attention_project_fb_bout_diag,block7,1530,256,1530,3.068680048,3.193320036,0.124640003,23.228660583,_;_;_;_;408;240;4;400;240;4;0
10,12,mh_fast,mh_ffn_fused_c64_project_mapped_g128_qkv_bytein_fb,block8,6200,128,6348800,3.194799900,3.356319904,0.161520004,23.228660583,_;_;_;_;_;99200;400;240;400;0;4
10,13,mh_fused,c64_attention_project_fb_diag,block8,1550,256,1550,3.357680082,3.482320070,0.124640003,23.228660583,_;_;_;_;400;248;3;400;240;0;4
10,14,mh_fast,mh_pool_project_group_c64,block9,1500,64,3072000,3.483839989,3.561320066,0.077480003,23.228660583,_;_;_;200;120;400;0;0
10,15,mh_fast,mh_ffn_fused_c128_project_g128_qkv_fb,block9,1500,256,3072000,3.565759897,3.685640097,0.119879998,23.228660583,_;_;_;_;_;24000;200;120;200;0;0
10,16,mh_fused,c128_attention_project_fb_bout_diag,block9,375,512,375,3.687040091,3.768480062,0.081440002,23.228660583,_;_;_;_;200;120;4;0;0;0;0
10,17,mh_fast,mh_ffn_fused_c128_project_mapped_g128_qkv_bytein_fb,block10,1664,256,3407872,3.769959927,3.893719912,0.123760000,23.228660583,_;_;_;_;_;26624;200;120;208;4;4
10,18,mh_fused,c128_attention_project_fb_bout_diag,block10,416,512,416,3.900520086,3.988320112,0.087800004,23.228660583,_;_;_;_;208;128;4;200;120;4;4
10,19,mh_fast,mh_ffn_fused_c128_project_mapped_g128_qkv_bytein_fb,block11,1560,256,3194880,3.989759922,4.117879868,0.128120005,23.228660583,_;_;_;_;_;24960;200;120;208;4;0
10,20,mh_fused,c128_attention_project_fb_bout_diag,block11,390,512,390,4.119239807,4.210840225,0.091600001,23.228660583,_;_;_;_;208;120;4;200;120;4;0
10,21,mh_fast,mh_ffn_fused_c128_project_mapped_g128_qkv_bytein_fb,block12,1600,256,3276800,4.212279797,4.330959797,0.118680000,23.228660583,_;_;_;_;_;25600;200;120;200;0;4
10,22,mh_fused,c128_attention_project_fb_bout_diag,block12,400,512,400,4.337840080,4.425039768,0.087200001,23.228660583,_;_;_;_;200;128;4;200;120;0;4
10,23,mh_fast,mh_ffn_fused_c128_project_g128_qkv_bytein_fb,block13,1500,256,3072000,4.426439762,4.541880131,0.115440004,23.228660583,_;_;_;_;_;24000;200;120;200;0;0
10,24,mh_fused,c128_attention_project_fb_bout_diag,block13,375,512,375,4.544479847,4.627120018,0.082640000,23.228660583,_;_;_;_;200;120;4;0;0;0;0
10,25,mh_fast,mh_ffn_fused_c128_project_mapped_g128_qkv_bytein_fb,block14,1664,256,3407872,4.628600121,4.753359795,0.124760002,23.228660583,_;_;_;_;_;26624;200;120;208;4;4
10,26,mh_fused,c128_attention_project_fb_diag,block14,416,512,416,4.761600018,4.830239773,0.068640001,23.228660583,_;_;_;_;208;128;3;200;120;4;4
10,27,mh_fast,mh_pool_project_group_c128,block15,375,128,1536000,4.831999779,4.893879890,0.061880000,23.228660583,_;_;_;100;60;200;0;0
10,28,mh_fast,mh_ffn_fused_c256_frag_project_mapped_g128_qkv_fb,block15,416,512,1703936,4.898399830,5.005479813,0.107079998,23.228660583,_;_;_;_;_;6656;100;60;104;0;0
10,29,mh_fused,c256_attention_project_fb_bout_diag,block15,104,512,104,5.006840229,5.091959953,0.085120000,23.228660583,_;_;_;_;104;64;4;100;60;0;0
10,30,mh_fast,mh_ffn_fused_c256_frag_project_mapped_g128_qkv_bytein_fb,block16,416,512,1703936,5.093639851,5.202360153,0.108719997,23.228660583,_;_;_;_;_;6656;100;60;104;4;4
10,31,mh_fused,c256_attention_project_fb_bout_diag,block16,104,512,104,5.203879833,5.288159847,0.084279999,23.228660583,_;_;_;_;104;64;4;100;60;4;4
10,32,mh_fast,mh_ffn_fused_c256_frag_project_mapped_g128_qkv_bytein_fb,block17,416,512,1703936,5.289879799,5.396679878,0.106799997,23.228660583,_;_;_;_;_;6656;100;60;104;4;0
10,33,mh_fused,c256_attention_project_fb_bout_diag,block17,104,512,104,5.398039818,5.484000206,0.085960001,23.228660583,_;_;_;_;104;64;4;100;60;4;0
10,34,mh_fast,mh_ffn_fused_c256_frag_project_mapped_g128_qkv_bytein_fb,block18,416,512,1703936,5.485720158,5.593800068,0.108080000,23.228660583,_;_;_;_;_;6656;100;60;104;0;4
10,35,mh_fused,c256_attention_project_fb_bout_diag,block18,104,512,104,5.595320225,5.678279877,0.082960002,23.228660583,_;_;_;_;104;64;4;100;60;0;4
10,36,mh_fast,mh_ffn_fused_c256_frag_project_mapped_g128_qkv_bytein_fb,block19,416,512,1703936,5.680039883,5.788519859,0.108479999,23.228660583,_;_;_;_;_;6656;100;60;104;0;0
10,37,mh_fused,c256_attention_project_fb_bout_diag,block19,104,512,104,5.789919853,5.874800205,0.084880002,23.228660583,_;_;_;_;104;64;4;100;60;0;0
10,38,mh_fast,mh_ffn_fused_c256_frag_project_mapped_g128_qkv_bytein_fb,block20,416,512,1703936,5.876480103,5.984560013,0.108080000,23.228660583,_;_;_;_;_;6656;100;60;104;4;4
10,39,mh_fused,c256_attention_project_fb_bout_diag,block20,104,512,104,5.986080170,6.068920135,0.082840003,23.228660583,_;_;_;_;104;64;4;100;60;4;4
10,40,mh_fast,mh_ffn_fused_c256_frag_project_mapped_g128_qkv_bytein_fb,block21,416,512,1703936,6.070720196,6.177120209,0.106399998,23.228660583,_;_;_;_;_;6656;100;60;104;4;0
10,41,mh_fused,c256_attention_project_fb_bout_diag,block21,104,512,104,6.178520203,6.264560223,0.086039998,23.228660583,_;_;_;_;104;64;4;100;60;4;0
10,42,mh_fast,mh_ffn_fused_c256_frag_project_mapped_g128_qkv_bytein_fb,block22,416,512,1703936,6.266240120,6.374000072,0.107759997,23.228660583,_;_;_;_;_;6656;100;60;104;0;4
10,43,mh_fused,c256_attention_project_fb_diag,block22,104,512,104,6.375480175,6.460279942,0.084799998,23.228660583,_;_;_;_;104;64;3;100;60;0;4
10,44,mh_fast,mh_pool_project_group_c256,block23,94,256,768000,6.462880135,6.522280216,0.059400000,23.228660583,_;_;_;50;30;100;0;0
10,45,mh,mh_shift_pack,block23,3584,256,917504,6.525360107,6.580319881,0.054960001,23.228660583,_;_;50;30;56;32;0;0;512;0
10,46,deep_fast,split_mix_blocked_h16w,block23,896,32,917504,6.586800098,6.647520065,0.060720000,23.228660583,_;_;_;1792
10,47,deep_fast,split_ffn_fused_fp8_t8,block23,896,128,917504,6.650839806,6.715240002,0.064400002,23.228660583,_;_;_;_;1792
10,48,deep_fast,split_projection_frag,block23,896,32,917504,6.716800213,6.819799900,0.103000000,23.228660583,_;_;_;_;_;1792
10,49,mh_fast,mh_qkv_normalize_frag_c512,block23,2688,32,2752512,6.823560238,6.895679951,0.072120003,23.228660583,_;_;_;1792
10,50,mh_fused,mh_attention_fused_fp8_out,block23,448,128,448,6.897039890,6.957320213,0.060279999,23.228660583,_;_;_;56;32;512
10,51,mh_fast,mh_attention_project_frag_c512,block23,896,32,917504,6.958839893,7.025440216,0.066600002,23.228660583,_;_;_;_;1792;0;50;30;56;0;0
10,52,mh,mh_shift_pack,block24,4480,256,1146880,7.028439999,7.084199905,0.055760000,23.228660583,_;_;50;30;56;40;4;4;512;0
10,53,deep_fast,split_mix_blocked_h16w,block24,1120,32,1146880,7.090879917,7.161439896,0.070560001,23.228660583,_;_;_;2240
10,54,deep_fast,split_ffn_fused_fp8_t8,block24,1120,128,1146880,7.165319920,7.231719971,0.066399999,23.228660583,_;_;_;_;2240
10,55,deep_fast,split_projection_frag,block24,1120,32,1146880,7.233200073,7.292719841,0.059519999,23.228660583,_;_;_;_;_;2240
10,56,mh_fast,mh_qkv_normalize_frag_c512,block24,3360,32,3440640,7.297039986,7.375840187,0.078800000,23.228660583,_;_;_;2240
10,57,mh_fused,mh_attention_fused_fp8_out,block24,560,128,560,7.377240181,7.441679955,0.064439997,23.228660583,_;_;_;56;40;512
10,58,mh_fast,mh_attention_project_frag_c512,block24,1120,32,1146880,7.443079948,7.519760132,0.076679997,23.228660583,_;_;_;_;2240;0;50;30;56;4;4
10,59,mh,mh_shift_pack,block25,3584,256,917504,7.522799969,7.577320099,0.054520000,23.228660583,_;_;50;30;56;32;4;0;512;0
10,60,deep_fast,split_mix_blocked_h16w,block25,896,32,917504,7.584879875,7.646639824,0.061760001,23.228660583,_;_;_;1792
10,61,deep_fast,split_ffn_fused_fp8_t8,block25,896,128,917504,7.649960041,7.713960171,0.064000003,23.228660583,_;_;_;_;1792
10,62,deep_fast,split_projection_frag,block25,896,32,917504,7.715519905,7.812160015,0.096639998,23.228660583,_;_;_;_;_;1792
10,63,mh_fast,mh_qkv_normalize_frag_c512,block25,2688,32,2752512,7.815919876,7.889319897,0.073399998,23.228660583,_;_;_;1792
10,64,mh_fused,mh_attention_fused_fp8_out,block25,448,128,448,7.890719891,7.950560093,0.059840001,23.228660583,_;_;_;56;32;512
10,65,mh_fast,mh_attention_project_frag_c512,block25,896,32,917504,7.952079773,8.018480301,0.066399999,23.228660583,_;_;_;_;1792;0;50;30;56;4;0
10,66,mh,mh_shift_pack,block26,4480,256,1146880,8.021439552,8.080039978,0.058600001,23.228660583,_;_;50;30;56;40;0;4;512;0
10,67,deep_fast,split_mix_blocked_h16w,block26,1120,32,1146880,8.087479591,8.158639908,0.071160004,23.228660583,_;_;_;2240
10,68,deep_fast,split_ffn_fused_fp8_t8,block26,1120,128,1146880,8.162440300,8.230119705,0.067680001,23.228660583,_;_;_;_;2240
10,69,deep_fast,split_projection_frag,block26,1120,32,1146880,8.231599808,8.292719841,0.061120000,23.228660583,_;_;_;_;_;2240
10,70,mh_fast,mh_qkv_normalize_frag_c512,block26,3360,32,3440640,8.297039986,8.373600006,0.076559998,23.228660583,_;_;_;2240
10,71,mh_fused,mh_attention_fused_fp8_out,block26,560,128,560,8.376199722,8.412960052,0.036759999,23.228660583,_;_;_;56;40;512
10,72,mh_fast,mh_attention_project_frag_c512,block26,1120,32,1146880,8.414360046,8.479399681,0.065040000,23.228660583,_;_;_;_;2240;0;50;30;56;0;4
10,73,mh,mh_shift_pack,block27,3584,256,917504,8.482439995,8.537719727,0.055280000,23.228660583,_;_;50;30;56;32;0;0;512;0
10,74,deep_fast,split_mix_blocked_h16w,block27,896,32,917504,8.543880463,8.607959747,0.064080000,23.228660583,_;_;_;1792
10,75,deep_fast,split_ffn_fused_fp8_t8,block27,896,128,917504,8.611240387,8.674799919,0.063560002,23.228660583,_;_;_;_;1792
10,76,deep_fast,split_projection_frag,block27,896,32,917504,8.676360130,8.734959602,0.058600001,23.228660583,_;_;_;_;_;1792
10,77,mh_fast,mh_qkv_normalize_frag_c512,block27,2688,32,2752512,8.738679886,8.826919556,0.088239998,23.228660583,_;_;_;1792
10,78,mh_fused,mh_attention_fused_fp8_out,block27,448,128,448,8.828319550,8.884320259,0.056000002,23.228660583,_;_;_;56;32;512
10,79,mh_fast,mh_attention_project_frag_c512,block27,896,32,917504,8.885800362,8.950799942,0.064999998,23.228660583,_;_;_;_;1792;0;50;30;56;0;0
10,80,mh,mh_shift_pack,block28,4480,256,1146880,8.953840256,9.007479668,0.053640001,23.228660583,_;_;50;30;56;40;4;4;512;0
10,81,deep_fast,split_mix_blocked_h16w,block28,1120,32,1146880,9.015000343,9.085399628,0.070400000,23.228660583,_;_;_;2240
10,82,deep_fast,split_ffn_fused_fp8_t8,block28,1120,128,1146880,9.089240074,9.154760361,0.065520003,23.228660583,_;_;_;_;2240
10,83,deep_fast,split_projection_frag,block28,1120,32,1146880,9.156240463,9.213120461,0.056880001,23.228660583,_;_;_;_;_;2240
10,84,mh_fast,mh_qkv_normalize_frag_c512,block28,3360,32,3440640,9.217280388,9.291760445,0.074479997,23.228660583,_;_;_;2240
10,85,mh_fused,mh_attention_fused_fp8_out,block28,560,128,560,9.294360161,9.329279900,0.034920000,23.228660583,_;_;_;56;40;512
10,86,mh_fast,mh_attention_project_frag_c512,block28,1120,32,1146880,9.330719948,9.393199921,0.062479999,23.228660583,_;_;_;_;2240;0;50;30;56;4;4
10,87,mh,mh_shift_pack,block29,3584,256,917504,9.396240234,9.449000359,0.052760001,23.228660583,_;_;50;30;56;32;4;0;512;0
10,88,deep_fast,split_mix_blocked_h16w,block29,896,32,917504,9.456879616,9.517999649,0.061120000,23.228660583,_;_;_;1792
10,89,deep_fast,split_ffn_fused_fp8_t8,block29,896,128,917504,9.521280289,9.586879730,0.065600000,23.228660583,_;_;_;_;1792
10,90,deep_fast,split_projection_frag,block29,896,32,917504,9.588439941,9.643719673,0.055280000,23.228660583,_;_;_;_;_;1792
10,91,mh_fast,mh_qkv_normalize_frag_c512,block29,2688,32,2752512,9.647480011,9.718359947,0.070880003,23.228660583,_;_;_;1792
10,92,mh_fused,mh_attention_fused_fp8_out,block29,448,128,448,9.719719887,9.779040337,0.059319999,23.228660583,_;_;_;56;32;512
10,93,mh_fast,mh_attention_project_frag_c512,block29,896,32,917504,9.780559540,9.845560074,0.064999998,23.228660583,_;_;_;_;1792;0;50;30;56;4;0
10,94,mh,mh_shift_pack,block30,4480,256,1146880,9.848600388,9.902520180,0.053920001,23.228660583,_;_;50;30;56;40;0;4;512;0
10,95,deep_fast,split_mix_blocked_h16w,block30,1120,32,1146880,9.910360336,9.979359627,0.068999998,23.228660583,_;_;_;2240
10,96,deep_fast,split_ffn_fused_fp8_t8,block30,1120,128,1146880,9.983200073,10.049039841,0.065839998,23.228660583,_;_;_;_;2240
10,97,deep_fast,split_projection_frag,block30,1120,32,1146880,10.050519943,10.111920357,0.061400000,23.228660583,_;_;_;_;_;2240
10,98,mh_fast,mh_qkv_normalize_frag_c512,block30,3360,32,3440640,10.116200447,10.191639900,0.075439997,23.228660583,_;_;_;2240
10,99,mh_fused,mh_attention_fused_fp8_out,block30,560,128,560,10.194199562,10.232000351,0.037799999,23.228660583,_;_;_;56;40;512
10,100,mh_fast,mh_attention_project_frag_c512,block30,1120,32,1146880,10.233440399,10.295599937,0.062160000,23.228660583,_;_;_;_;2240;3;50;30;56;0;4
10,101,mh,mh_pool,head,800,256,204800,10.298600197,10.347519875,0.048920002,23.228660583,_;_;25;16;50;25;15;512
10,102,mh_fast,mh_pool_project_production_h16w,head,1600,32,409600,10.352600098,10.438240051,0.085639998,23.228660583,_;_;_;25;16;25;15;512
10,103,deep,vit_gather,block31,1600,256,409600,10.440520287,10.490159988,0.049640000,23.228660583,_;_;_;409600
10,104,deep_fast,vit_pack_input,block31,400,256,102400,10.496760368,10.543680191,0.046920002,23.228660583,_;_;409600
10,105,deep_fast,vit_expand_blocked_fp8_frag_bytein,block31,1600,32,1638400,10.549839973,10.600680351,0.050840002,23.228660583,_;_;_;400;1024;4096
10,106,deep_fast,vit_contract_blocked_fp8_frag,block31,400,32,409600,10.602919579,10.682000160,0.079080001,23.228660583,_;_;_;_;400;4096;1024
10,107,deep_fast,vit_qkv_project_normalize_fused_f16compact_fp8_frag,block31,2400,32,1228800,10.684240341,10.775400162,0.091159999,23.228660583,_;_;_;400
10,108,deep_fast,vit_attention_fused_400_bytein,block31,800,32,204800,10.777119637,10.848759651,0.071640000,23.228660583,_;_;400
10,109,deep_fast,vit_project_frag,block31,1600,32,409600,10.850999832,10.934439659,0.083439998,23.228660583,_;_;_;_;400;1024;1024
10,110,deep_fast,vit_pack_input,block32,400,256,102400,10.936639786,10.983039856,0.046399999,23.228660583,_;_;409600
10,111,deep_fast,vit_expand_blocked_fp8_frag_bytein,block32,1600,32,1638400,10.989239693,11.038599968,0.049360000,23.228660583,_;_;_;400;1024;4096
10,112,deep_fast,vit_contract_blocked_fp8_frag,block32,400,32,409600,11.040840149,11.120280266,0.079439998,23.228660583,_;_;_;_;400;4096;1024
10,113,deep_fast,vit_qkv_project_normalize_fused_f16compact_fp8_frag,block32,2400,32,1228800,11.122480392,11.211879730,0.089400001,23.228660583,_;_;_;400
10,114,deep_fast,vit_attention_fused_400_bytein,block32,800,32,204800,11.213600159,11.285280228,0.071680002,23.228660583,_;_;400
10,115,deep_fast,vit_project_frag,block32,1600,32,409600,11.287480354,11.370439529,0.082960002,23.228660583,_;_;_;_;400;1024;1024
10,116,deep_fast,vit_pack_input,block33,400,256,102400,11.372639656,11.419280052,0.046640001,23.228660583,_;_;409600
10,117,deep_fast,vit_expand_blocked_fp8_frag_bytein,block33,1600,32,1638400,11.425439835,11.474760056,0.049320001,23.228660583,_;_;_;400;1024;4096
10,118,deep_fast,vit_contract_blocked_fp8_frag,block33,400,32,409600,11.477000237,11.556360245,0.079360001,23.228660583,_;_;_;_;400;4096;1024
10,119,deep_fast,vit_qkv_project_normalize_fused_f16compact_fp8_frag,block33,2400,32,1228800,11.558639526,11.649800301,0.091159999,23.228660583,_;_;_;400
10,120,deep_fast,vit_attention_fused_400_bytein,block33,800,32,204800,11.651479721,11.723719597,0.072240002,23.228660583,_;_;400
10,121,deep_fast,vit_project_frag,block33,1600,32,409600,11.725999832,11.809479713,0.083480000,23.228660583,_;_;_;_;400;1024;1024
10,122,deep_fast,vit_pack_input,block34,400,256,102400,11.811679840,11.858480453,0.046799999,23.228660583,_;_;409600
10,123,deep_fast,vit_expand_blocked_fp8_frag_bytein,block34,1600,32,1638400,11.864680290,11.914560318,0.049880002,23.228660583,_;_;_;400;1024;4096
10,124,deep_fast,vit_contract_blocked_fp8_frag,block34,400,32,409600,11.916839600,11.996520042,0.079680003,23.228660583,_;_;_;_;400;4096;1024
10,125,deep_fast,vit_qkv_project_normalize_fused_f16compact_fp8_frag,block34,2400,32,1228800,11.998760223,12.085479736,0.086719997,23.228660583,_;_;_;400
10,126,deep_fast,vit_attention_fused_400_bytein,block34,800,32,204800,12.087160110,12.158160210,0.071000002,23.228660583,_;_;400
10,127,deep_fast,vit_project_frag,block34,1600,32,409600,12.160360336,12.244999886,0.084639996,23.228660583,_;_;_;_;400;1024;1024
10,128,deep_fast,vit_pack_input,block35,400,256,102400,12.247200012,12.296680450,0.049479999,23.228660583,_;_;409600
10,129,deep_fast,vit_expand_blocked_fp8_frag_bytein,block35,1600,32,1638400,12.301679611,12.352600098,0.050919998,23.228660583,_;_;_;400;1024;4096
10,130,deep_fast,vit_contract_blocked_fp8_frag,block35,400,32,409600,12.354840279,12.434439659,0.079599999,23.228660583,_;_;_;_;400;4096;1024
10,131,deep_fast,vit_qkv_project_normalize_fused_f16compact_fp8_frag,block35,2400,32,1228800,12.436719894,12.526559830,0.089840002,23.228660583,_;_;_;400
10,132,deep_fast,vit_attention_fused_400_bytein,block35,800,32,204800,12.528240204,12.600480080,0.072240002,23.228660583,_;_;400
10,133,deep_fast,vit_project_frag,block35,1600,32,409600,12.602720261,12.686759949,0.084040001,23.228660583,_;_;_;_;400;1024;1024
10,134,deep_fast,vit_pack_input,block36,400,256,102400,12.688960075,12.734720230,0.045759998,23.228660583,_;_;409600
10,135,deep_fast,vit_expand_blocked_fp8_frag_bytein,block36,1600,32,1638400,12.739680290,12.790439606,0.050760001,23.228660583,_;_;_;400;1024;4096
10,136,deep_fast,vit_contract_blocked_fp8_frag,block36,400,32,409600,12.792679787,12.875439644,0.082759999,23.228660583,_;_;_;_;400;4096;1024
10,137,deep_fast,vit_qkv_project_normalize_fused_f16compact_fp8_frag,block36,2400,32,1228800,12.877679825,12.969240189,0.091559999,23.228660583,_;_;_;400
10,138,deep_fast,vit_attention_fused_400_bytein,block36,800,32,204800,12.970959663,13.042599678,0.071640000,23.228660583,_;_;400
10,139,deep_fast,vit_project_frag,block36,1600,32,409600,13.044839859,13.128399849,0.083559997,23.228660583,_;_;_;_;400;1024;1024
10,140,deep_fast,vit_pack_input,block37,400,256,102400,13.130599976,13.177240372,0.046640001,23.228660583,_;_;409600
10,141,deep_fast,vit_expand_blocked_fp8_frag_bytein,block37,1600,32,1638400,13.183199883,13.236120224,0.052919999,23.228660583,_;_;_;400;1024;4096
10,142,deep_fast,vit_contract_blocked_fp8_frag,block37,400,32,409600,13.238400459,13.312959671,0.074560001,23.228660583,_;_;_;_;400;4096;1024
10,143,deep_fast,vit_qkv_project_normalize_fused_f16compact_fp8_frag,block37,2400,32,1228800,13.315199852,13.406439781,0.091240004,23.228660583,_;_;_;400
10,144,deep_fast,vit_attention_fused_400_bytein,block37,800,32,204800,13.408120155,13.479999542,0.071879998,23.228660583,_;_;400
10,145,deep_fast,vit_project_frag,block37,1600,32,409600,13.482279778,13.565999985,0.083719999,23.228660583,_;_;_;_;400;1024;1024
10,146,deep_fast,vit_pack_input,block38,400,256,102400,13.568200111,13.615119934,0.046920002,23.228660583,_;_;409600
10,147,deep_fast,vit_expand_blocked_fp8_frag_bytein,block38,1600,32,1638400,13.620160103,13.670999527,0.050840002,23.228660583,_;_;_;400;1024;4096
10,148,deep_fast,vit_contract_blocked_fp8_frag,block38,400,32,409600,13.673239708,13.752160072,0.078919999,23.228660583,_;_;_;_;400;4096;1024
10,149,deep_fast,vit_qkv_project_normalize_fused_f16compact_fp8_frag,block38,2400,32,1228800,13.754400253,13.857520103,0.103119999,23.228660583,_;_;_;400
10,150,deep_fast,vit_attention_fused_400_bytein,block38,800,32,204800,13.859199524,13.929400444,0.070200004,23.228660583,_;_;400
10,151,deep_fast,vit_project_frag,block38,1600,32,409600,13.931639671,14.015600204,0.083959997,23.228660583,_;_;_;_;400;1024;1024
10,152,deep,vit_gather,block39,1600,256,409600,14.017800331,14.067480087,0.049679998,23.228660583,_;_;_;409600
10,153,deep_fast,decoder_project2x_h16w,block39,800,32,204800,14.074279785,14.119520187,0.045240000,23.228660583,_;_;_;_;25;16;50;30;1024;512
10,154,mh,mh_shift_pack,block40,3584,256,917504,14.122480392,14.175120354,0.052639998,23.228660583,_;_;50;30;56;32;0;0;512;0
10,155,deep_fast,split_mix_blocked_h16w,block40,896,32,917504,14.181719780,14.243479729,0.061760001,23.228660583,_;_;_;1792
10,156,deep_fast,split_ffn_fused_fp8_t8,block40,896,128,917504,14.246800423,14.307680130,0.060880002,23.228660583,_;_;_;_;1792
10,157,deep_fast,split_projection_frag,block40,896,32,917504,14.309280396,14.361760139,0.052480001,23.228660583,_;_;_;_;_;1792
10,158,mh_fast,mh_qkv_normalize_frag_c512,block40,2688,32,2752512,14.365559578,14.435079575,0.069519997,23.228660583,_;_;_;1792
10,159,mh_fused,mh_attention_fused_fp8_out,block40,448,128,448,14.436479568,14.498800278,0.062320001,23.228660583,_;_;_;56;32;512
10,160,mh_fast,mh_attention_project_frag_c512,block40,896,32,917504,14.500280380,14.565039635,0.064760000,23.228660583,_;_;_;_;1792;0;50;30;56;0;0
10,161,mh,mh_shift_pack,block41,4480,256,1146880,14.567999840,14.622799873,0.054800000,23.228660583,_;_;50;30;56;40;4;4;512;0
10,162,deep_fast,split_mix_blocked_h16w,block41,1120,32,1146880,14.628999710,14.698800087,0.069799997,23.228660583,_;_;_;2240
10,163,deep_fast,split_ffn_fused_fp8_t8,block41,1120,128,1146880,14.702599525,14.769599915,0.067000002,23.228660583,_;_;_;_;2240
10,164,deep_fast,split_projection_frag,block41,1120,32,1146880,14.771039963,14.829360008,0.058320001,23.228660583,_;_;_;_;_;2240
10,165,mh_fast,mh_qkv_normalize_frag_c512,block41,3360,32,3440640,14.833559990,14.910840034,0.077280000,23.228660583,_;_;_;2240
10,166,mh_fused,mh_attention_fused_fp8_out,block41,560,128,560,14.912240028,14.974320412,0.062080000,23.228660583,_;_;_;56;40;512
10,167,mh_fast,mh_attention_project_frag_c512,block41,1120,32,1146880,14.975720406,15.046480179,0.070759997,23.228660583,_;_;_;_;2240;0;50;30;56;4;4
10,168,mh,mh_shift_pack,block44,3584,256,917504,15.049519539,15.101719856,0.052200001,23.228660583,_;_;50;30;56;32;0;0;512;0
10,169,deep_fast,split_mix_blocked_h16w,block44,896,32,917504,15.108320236,15.171279907,0.062959999,23.228660583,_;_;_;1792
10,170,deep_fast,split_ffn_fused_fp8_t8,block44,896,128,917504,15.174599648,15.239199638,0.064599998,23.228660583,_;_;_;_;1792
10,171,deep_fast,split_projection_frag,block44,896,32,917504,15.240759850,15.295359612,0.054600000,23.228660583,_;_;_;_;_;1792
10,172,mh_fast,mh_qkv_normalize_frag_c512,block44,2688,32,2752512,15.299119949,15.369959831,0.070840001,23.228660583,_;_;_;1792
10,173,mh_fused,mh_attention_fused_fp8_out,block44,448,128,448,15.371319771,15.430359840,0.059039999,23.228660583,_;_;_;56;32;512
10,174,mh_fast,mh_attention_project_frag_c512,block44,896,32,917504,15.431839943,15.495920181,0.064080000,23.228660583,_;_;_;_;1792;0;50;30;56;0;0
10,175,mh,mh_shift_pack,block45,4480,256,1146880,15.498880386,15.557160378,0.058279999,23.228660583,_;_;50;30;56;40;4;4;512;0
10,176,deep_fast,split_mix_blocked_h16w,block45,1120,32,1146880,15.563400269,15.633640289,0.070239998,23.228660583,_;_;_;2240
10,177,deep_fast,split_ffn_fused_fp8_t8,block45,1120,128,1146880,15.637479782,15.703359604,0.065880001,23.228660583,_;_;_;_;2240
10,178,deep_fast,split_projection_frag,block45,1120,32,1146880,15.704839706,15.780119896,0.075280003,23.228660583,_;_;_;_;_;2240
10,179,mh_fast,mh_qkv_normalize_frag_c512,block45,3360,32,3440640,15.784480095,15.866999626,0.082520001,23.228660583,_;_;_;2240
10,180,mh_fused,mh_attention_fused_fp8_out,block45,560,128,560,15.868399620,15.931280136,0.062880002,23.228660583,_;_;_;56;40;512
10,181,mh_fast,mh_attention_project_frag_c512,block45,1120,32,1146880,15.932680130,16.001560211,0.068879999,23.228660583,_;_;_;_;2240;0;50;30;56;4;4
10,182,mh,mh_shift_pack,block47,4480,256,1146880,16.004600525,16.058200836,0.053599998,23.228660583,_;_;50;30;56;40;0;4;512;0
10,183,deep_fast,split_mix_blocked_h16w,block47,1120,32,1146880,16.066040039,16.134840012,0.068800002,23.228660583,_;_;_;2240
10,184,deep_fast,split_ffn_fused_fp8_t8,block47,1120,128,1146880,16.138679504,16.204519272,0.065839998,23.228660583,_;_;_;_;2240
10,185,deep_fast,split_projection_frag,block47,1120,32,1146880,16.206039429,16.264080048,0.058040000,23.228660583,_;_;_;_;_;2240
10,186,mh_fast,mh_qkv_normalize_frag_c512,block47,3360,32,3440640,16.268400192,16.343160629,0.074759997,23.228660583,_;_;_;2240
10,187,mh_fused,mh_attention_fused_fp8_out,block47,560,128,560,16.345800400,16.381000519,0.035200000,23.228660583,_;_;_;56;40;512
10,188,mh_fast,mh_attention_project_frag_c512,block47,1120,32,1146880,16.382400513,16.445640564,0.063239999,23.228660583,_;_;_;_;2240;0;50;30;56;0;4
10,189,deep_fast,decoder_project2x_h16w_byteout,block48,1504,32,384000,16.448600769,16.542240143,0.093640000,23.228660583,_;_;_;_;50;30;100;60;512;256
10,190,mh_fast,mh_ffn_fused_c256_frag_project_mapped_g128_qkv_bytein_fb,block48,416,512,1703936,16.544279099,16.647960663,0.103680000,23.228660583,_;_;_;_;_;6656;100;60;104;0;0
10,191,mh_fused,c256_attention_project_fb_bout_diag,block48,104,512,104,16.649280548,16.736200333,0.086920001,23.228660583,_;_;_;_;104;64;0;100;60;0;0
10,192,mh_fast,mh_ffn_fused_c256_frag_project_mapped_g128_qkv_bytein_fb,block49,416,512,1703936,16.737840652,16.841880798,0.104039997,23.228660583,_;_;_;_;_;6656;100;60;104;4;4
10,193,mh_fused,c256_attention_project_fb_bout_diag,block49,104,512,104,16.843399048,16.926759720,0.083360001,23.228660583,_;_;_;_;104;64;4;100;60;4;4
10,194,mh_fast,mh_ffn_fused_c256_frag_project_mapped_g128_qkv_bytein_fb,block50,416,512,1703936,16.928480148,17.030399323,0.101920001,23.228660583,_;_;_;_;_;6656;100;60;104;4;0
10,195,mh_fused,c256_attention_project_fb_bout_diag,block50,104,512,104,17.031839371,17.116359711,0.084519997,23.228660583,_;_;_;_;104;64;4;100;60;4;0
10,196,mh_fast,mh_ffn_fused_c256_frag_project_mapped_g128_qkv_bytein_fb,block51,416,512,1703936,17.118040085,17.221839905,0.103799999,23.228660583,_;_;_;_;_;6656;100;60;104;0;4
10,197,mh_fused,c256_attention_project_fb_bout_diag,block51,104,512,104,17.223360062,17.306800842,0.083439998,23.228660583,_;_;_;_;104;64;4;100;60;0;4
10,198,mh_fast,mh_ffn_fused_c256_frag_project_mapped_g128_qkv_bytein_fb,block52,416,512,1703936,17.308519363,17.410360336,0.101839997,23.228660583,_;_;_;_;_;6656;100;60;104;0;0
10,199,mh_fused,c256_attention_project_fb_bout_diag,block52,104,512,104,17.411800385,17.496120453,0.084320001,23.228660583,_;_;_;_;104;64;4;100;60;0;0
10,200,mh_fast,mh_ffn_fused_c256_frag_project_mapped_g128_qkv_bytein_fb,block53,416,512,1703936,17.497800827,17.599800110,0.101999998,23.228660583,_;_;_;_;_;6656;100;60;104;4;4
10,201,mh_fused,c256_attention_project_fb_bout_diag,block53,104,512,104,17.601520538,17.684200287,0.082680002,23.228660583,_;_;_;_;104;64;4;100;60;4;4
10,202,mh_fast,mh_ffn_fused_c256_frag_project_mapped_g128_qkv_bytein_fb,block54,416,512,1703936,17.685960770,17.789039612,0.103079997,23.228660583,_;_;_;_;_;6656;100;60;104;4;0
10,203,mh_fused,c256_attention_project_fb_bout_diag,block54,104,512,104,17.790519714,17.874559402,0.084040001,23.228660583,_;_;_;_;104;64;4;100;60;4;0
10,204,mh_fast,mh_ffn_fused_c256_frag_project_mapped_g128_qkv_bytein_fb,block55,416,512,1703936,17.876199722,17.980680466,0.104479998,23.228660583,_;_;_;_;_;6656;100;60;104;0;4
10,205,mh_fused,c256_attention_project_fb_diag,block55,104,512,104,17.982240677,18.069080353,0.086839996,23.228660583,_;_;_;_;104;64;0;100;60;0;4
10,206,deep_fast,decoder_project2x_h16w_byteout,block56,3000,32,768000,18.071720123,18.163440704,0.091720000,23.228660583,_;_;_;_;100;60;200;120;256;128
10,207,mh_fast,mh_ffn_fused_c128_project_mapped_g128_qkv_bytein_fb,block56,1560,256,3194880,18.165319443,18.287559509,0.122239999,23.228660583,_;_;_;_;_;24960;200;120;208;4;0
10,208,mh_fused,c128_attention_project_fb_bout_diag,block56,390,512,390,18.288919449,18.380399704,0.091480002,23.228660583,_;_;_;_;208;120;4;200;120;4;0
10,209,mh_fast,mh_ffn_fused_c128_project_mapped_g128_qkv_bytein_fb,block57,1600,256,3276800,18.381839752,18.500719070,0.118880004,23.228660583,_;_;_;_;_;25600;200;120;200;0;4
10,210,mh_fused,c128_attention_project_fb_bout_diag,block57,400,512,400,18.503360748,18.596759796,0.093400002,23.228660583,_;_;_;_;200;128;4;200;120;0;4
10,211,mh_fast,mh_ffn_fused_c128_project_g128_qkv_bytein_fb,block58,1500,256,3072000,18.598199844,18.714160919,0.115960002,23.228660583,_;_;_;_;_;24000;200;120;200;0;0
10,212,mh_fused,c128_attention_project_fb_bout_diag,block58,375,512,375,18.715520859,18.799480438,0.083959997,23.228660583,_;_;_;_;200;120;4;0;0;0;0
10,213,mh_fast,mh_ffn_fused_c128_project_mapped_g128_qkv_bytein_fb,block59,1664,256,3407872,18.800920486,18.920360565,0.119439997,23.228660583,_;_;_;_;_;26624;200;120;208;4;4
10,214,mh_fused,c128_attention_project_fb_bout_diag,block59,416,512,416,18.926719666,19.015520096,0.088799998,23.228660583,_;_;_;_;208;128;4;200;120;4;4
10,215,mh_fast,mh_ffn_fused_c128_project_mapped_g128_qkv_bytein_fb,block60,1560,256,3194880,19.017000198,19.137920380,0.120920002,23.228660583,_;_;_;_;_;24960;200;120;208;4;0
10,216,mh_fused,c128_attention_project_fb_bout_diag,block60,390,512,390,19.139320374,19.230720520,0.091399997,23.228660583,_;_;_;_;208;120;4;200;120;4;0
10,217,mh_fast,mh_ffn_fused_c128_project_mapped_g128_qkv_bytein_fb,block61,1600,256,3276800,19.232200623,19.350240707,0.118040003,23.228660583,_;_;_;_;_;25600;200;120;200;0;4
10,218,mh_fused,c128_attention_project_fb_diag,block61,400,512,400,19.352920532,19.450759888,0.097840004,23.228660583,_;_;_;_;200;128;0;200;120;0;4
10,219,deep_fast,decoder_project2x_h16w_byteout,block62,6000,32,1536000,19.452320099,19.572999954,0.120679997,23.228660583,_;_;_;_;200;120;400;240;128;64
10,220,mh_fast,mh_ffn_fused_c64_project_g128_qkv_bytein_fb,block62,6000,128,6144000,19.575279236,19.716920853,0.141639993,23.228660583,_;_;_;_;_;96000;400;240;400;0;0
10,221,mh_fused,c64_attention_project_fb_bout_diag,block62,1500,256,1500,19.718399048,19.819040298,0.100639999,23.228660583,_;_;_;_;400;240;4;0;0;0;0
10,222,mh_fast,mh_ffn_fused_c64_project_mapped_g128_qkv_bytein_fb,block63,6324,128,6475776,19.820440292,19.985679626,0.165240005,23.228660583,_;_;_;_;_;101184;400;240;408;4;4
10,223,mh_fused,c64_attention_project_fb_bout_diag,block63,1581,256,1581,19.987119675,20.113479614,0.126359999,23.228660583,_;_;_;_;408;248;4;400;240;4;4
10,224,mh_fast,mh_ffn_fused_c64_project_mapped_g128_qkv_bytein_fb,block64,6120,128,6266880,20.114919662,20.275920868,0.160999998,23.228660583,_;_;_;_;_;97920;400;240;408;4;0
10,225,mh_fused,c64_attention_project_fb_bout_diag,block64,1530,256,1530,20.277360916,20.401319504,0.123960003,23.228660583,_;_;_;_;408;240;4;400;240;4;0
10,226,mh_fast,mh_ffn_fused_c64_project_mapped_g128_qkv_bytein_fb,block65,6200,128,6348800,20.402839661,20.565000534,0.162159994,23.228660583,_;_;_;_;_;99200;400;240;400;0;4
10,227,mh_fused,c64_attention_project_fb_diag,block65,1550,256,1550,20.566440582,20.696640015,0.130199999,23.228660583,_;_;_;_;400;248;0;400;240;0;4
10,228,deep_fast,decoder_project2x_h16w,block69,12000,32,3072000,20.698360443,20.931800842,0.233439997,23.228660583,_;_;_;_;400;240;800;480;64;32
10,229,c32_fused_ffn,c32_fast_ffn_attention_fused_half_mapped,block69,6000,128,6000,20.934879303,21.229160309,0.294279993,23.228660583,_;_;_;_;6000;0;1;800;480;0;0
10,230,c32_fused_ffn,c32_fast_ffn_attention_fused_half_chain,block69,6161,128,6161,21.230640411,21.514560699,0.283919990,23.228660583,_;_;_;_;6161;3;1;800;480;4;4;800;0;0
10,231,c32_fused_ffn,c32_fast_ffn_attention_fused_half_chain,block69,6060,128,6060,21.516159058,21.796060562,0.279900014,23.228660583,_;_;_;_;6060;3;1;800;480;4;0;808;4;4
10,232,c32_fused_ffn,c32_fast_ffn_attention_fused_half_chain_finish,block69,6100,128,6100,21.797620773,22.099660873,0.302040011,23.228660583,_;_;_;_;_;6100;3;1;800;480;0;4;808;4;0
10,233,c32_fused_ffn,c32_post_merge_head_half,block70,24321,128,24321,22.101259232,23.213859558,1.112599969,23.228660583,_;_;_;_;_;_;_;_;24321;1600;960;4;4;_
11,0,c32_fused_ffn,c32_fast_ffn_attention_fused_half_prefix_finish_main8,pre-down,24000,128,24000,0.005640000,1.115000010,1.109359980,23.484579086,_;_;_;_;_;_;24000;0;1;1600;960;0;0
11,1,c32_fused_ffn,c32_fast_ffn_attention_fused_half_mapped,block4,6000,128,6000,1.116600037,1.431759953,0.315160006,23.484579086,_;_;_;_;6000;0;1;800;480;0;0
11,2,c32_fused_ffn,c32_fast_ffn_attention_fused_half_chain,block4,6161,128,6161,1.433200002,1.732200027,0.298999995,23.484579086,_;_;_;_;6161;3;1;800;480;4;4;800;0;0
11,3,c32_fused_ffn,c32_fast_ffn_attention_fused_half_chain,block4,6060,128,6060,1.733800054,2.026200056,0.292400002,23.484579086,_;_;_;_;6060;3;1;800;480;4;0;808;4;4
11,4,c32_fused_ffn,c32_fast_ffn_attention_fused_half_chain_finish_dcrop,block4,6100,128,6100,2.027800083,2.342560053,0.314760000,23.484579086,_;_;_;_;_;6100;3;1;800;480;0;4;808;4;0
11,5,mh_fast,mh_pool_project_production_h16w,block5,24000,32,6144000,2.344239950,2.427479982,0.083240002,23.484579086,_;_;_;400;240;0;0;32
11,6,mh_fast,mh_ffn_fused_c64_project_g128_qkv_fb,block5,6000,128,6144000,2.435879946,2.574239969,0.138359994,23.484579086,_;_;_;_;_;96000;400;240;400;0;0
11,7,mh_fused,c64_attention_project_fb_bout_diag,block5,1500,256,1500,2.575639963,2.685879946,0.110239998,23.484579086,_;_;_;_;400;240;4;0;0;0;0
11,8,mh_fast,mh_ffn_fused_c64_project_mapped_g128_qkv_bytein_fb,block6,6324,128,6475776,2.687279940,2.851320028,0.164039999,23.484579086,_;_;_;_;_;101184;400;240;408;4;4
11,9,mh_fused,c64_attention_project_fb_bout_diag,block6,1581,256,1581,2.852720022,2.976959944,0.124240004,23.484579086,_;_;_;_;408;248;4;400;240;4;4
11,10,mh_fast,mh_ffn_fused_c64_project_mapped_g128_qkv_bytein_fb,block7,6120,128,6266880,2.978399992,3.138279915,0.159879997,23.484579086,_;_;_;_;_;97920;400;240;408;4;0
11,11,mh_fused,c64_attention_project_fb_bout_diag,block7,1530,256,1530,3.139679909,3.259959936,0.120279998,23.484579086,_;_;_;_;408;240;4;400;240;4;0
11,12,mh_fast,mh_ffn_fused_c64_project_mapped_g128_qkv_bytein_fb,block8,6200,128,6348800,3.261480093,3.422039986,0.160559997,23.484579086,_;_;_;_;_;99200;400;240;400;0;4
11,13,mh_fused,c64_attention_project_fb_diag,block8,1550,256,1550,3.423399925,3.545880079,0.122479998,23.484579086,_;_;_;_;400;248;3;400;240;0;4
11,14,mh_fast,mh_pool_project_group_c64,block9,1500,64,3072000,3.547440052,3.626679897,0.079240002,23.484579086,_;_;_;200;120;400;0;0
11,15,mh_fast,mh_ffn_fused_c128_project_g128_qkv_fb,block9,1500,256,3072000,3.631200075,3.749079943,0.117880002,23.484579086,_;_;_;_;_;24000;200;120;200;0;0
11,16,mh_fused,c128_attention_project_fb_bout_diag,block9,375,512,375,3.750400066,3.832200050,0.081799999,23.484579086,_;_;_;_;200;120;4;0;0;0;0
11,17,mh_fast,mh_ffn_fused_c128_project_mapped_g128_qkv_bytein_fb,block10,1664,256,3407872,3.833679914,3.957600117,0.123920001,23.484579086,_;_;_;_;_;26624;200;120;208;4;4
11,18,mh_fused,c128_attention_project_fb_bout_diag,block10,416,512,416,3.965679884,4.051720142,0.086039998,23.484579086,_;_;_;_;208;128;4;200;120;4;4
11,19,mh_fast,mh_ffn_fused_c128_project_mapped_g128_qkv_bytein_fb,block11,1560,256,3194880,4.053160191,4.179480076,0.126320004,23.484579086,_;_;_;_;_;24960;200;120;208;4;0
11,20,mh_fused,c128_attention_project_fb_bout_diag,block11,390,512,390,4.180880070,4.271120071,0.090240002,23.484579086,_;_;_;_;208;120;4;200;120;4;0
11,21,mh_fast,mh_ffn_fused_c128_project_mapped_g128_qkv_bytein_fb,block12,1600,256,3276800,4.272600174,4.391920090,0.119319998,23.484579086,_;_;_;_;_;25600;200;120;200;0;4
11,22,mh_fused,c128_attention_project_fb_bout_diag,block12,400,512,400,4.398880005,4.486839771,0.087959997,23.484579086,_;_;_;_;200;128;4;200;120;0;4
11,23,mh_fast,mh_ffn_fused_c128_project_g128_qkv_bytein_fb,block13,1500,256,3072000,4.488279819,4.602600098,0.114320002,23.484579086,_;_;_;_;_;24000;200;120;200;0;0
11,24,mh_fused,c128_attention_project_fb_bout_diag,block13,375,512,375,4.605279922,4.687799931,0.082520001,23.484579086,_;_;_;_;200;120;4;0;0;0;0
11,25,mh_fast,mh_ffn_fused_c128_project_mapped_g128_qkv_bytein_fb,block14,1664,256,3407872,4.689239979,4.811079979,0.121840000,23.484579086,_;_;_;_;_;26624;200;120;208;4;4
11,26,mh_fused,c128_attention_project_fb_diag,block14,416,512,416,4.819200039,4.905839920,0.086640000,23.484579086,_;_;_;_;208;128;3;200;120;4;4
11,27,mh_fast,mh_pool_project_group_c128,block15,375,128,1536000,4.907519817,4.966720104,0.059200000,23.484579086,_;_;_;100;60;200;0;0
11,28,mh_fast,mh_ffn_fused_c256_frag_project_mapped_g128_qkv_fb,block15,416,512,1703936,4.971240044,5.076680183,0.105439998,23.484579086,_;_;_;_;_;6656;100;60;104;0;0
11,29,mh_fused,c256_attention_project_fb_bout_diag,block15,104,512,104,5.078080177,5.162159920,0.084080003,23.484579086,_;_;_;_;104;64;4;100;60;0;0
11,30,mh_fast,mh_ffn_fused_c256_frag_project_mapped_g128_qkv_bytein_fb,block16,416,512,1703936,5.163799763,5.268559933,0.104759999,23.484579086,_;_;_;_;_;6656;100;60;104;4;4
11,31,mh_fused,c256_attention_project_fb_bout_diag,block16,104,512,104,5.270120144,5.352880001,0.082759999,23.484579086,_;_;_;_;104;64;4;100;60;4;4
11,32,mh_fast,mh_ffn_fused_c256_frag_project_mapped_g128_qkv_bytein_fb,block17,416,512,1703936,5.354599953,5.459280014,0.104680002,23.484579086,_;_;_;_;_;6656;100;60;104;4;0
11,33,mh_fused,c256_attention_project_fb_bout_diag,block17,104,512,104,5.460639954,5.546959877,0.086319998,23.484579086,_;_;_;_;104;64;4;100;60;4;0
11,34,mh_fast,mh_ffn_fused_c256_frag_project_mapped_g128_qkv_bytein_fb,block18,416,512,1703936,5.548600197,5.655799866,0.107199997,23.484579086,_;_;_;_;_;6656;100;60;104;0;4
11,35,mh_fused,c256_attention_project_fb_bout_diag,block18,104,512,104,5.657400131,5.740680218,0.083279997,23.484579086,_;_;_;_;104;64;4;100;60;0;4
11,36,mh_fast,mh_ffn_fused_c256_frag_project_mapped_g128_qkv_bytein_fb,block19,416,512,1703936,5.742400169,5.851160049,0.108759999,23.484579086,_;_;_;_;_;6656;100;60;104;0;0
11,37,mh_fused,c256_attention_project_fb_bout_diag,block19,104,512,104,5.852560043,5.937960148,0.085400000,23.484579086,_;_;_;_;104;64;4;100;60;0;0
11,38,mh_fast,mh_ffn_fused_c256_frag_project_mapped_g128_qkv_bytein_fb,block20,416,512,1703936,5.939640045,6.049600124,0.109959997,23.484579086,_;_;_;_;_;6656;100;60;104;4;4
11,39,mh_fused,c256_attention_project_fb_bout_diag,block20,104,512,104,6.051080227,6.135719776,0.084639996,23.484579086,_;_;_;_;104;64;4;100;60;4;4
11,40,mh_fast,mh_ffn_fused_c256_frag_project_mapped_g128_qkv_bytein_fb,block21,416,512,1703936,6.137479782,6.242080212,0.104599997,23.484579086,_;_;_;_;_;6656;100;60;104;4;0
11,41,mh_fused,c256_attention_project_fb_bout_diag,block21,104,512,104,6.243480206,6.329919815,0.086439997,23.484579086,_;_;_;_;104;64;4;100;60;4;0
11,42,mh_fast,mh_ffn_fused_c256_frag_project_mapped_g128_qkv_bytein_fb,block22,416,512,1703936,6.331639767,6.437960148,0.106320001,23.484579086,_;_;_;_;_;6656;100;60;104;0;4
11,43,mh_fused,c256_attention_project_fb_diag,block22,104,512,104,6.439559937,6.524079800,0.084519997,23.484579086,_;_;_;_;104;64;3;100;60;0;4
11,44,mh_fast,mh_pool_project_group_c256,block23,94,256,768000,6.526720047,6.589000225,0.062279999,23.484579086,_;_;_;50;30;100;0;0
11,45,mh,mh_shift_pack,block23,3584,256,917504,6.592040062,6.648079872,0.056040000,23.484579086,_;_;50;30;56;32;0;0;512;0
11,46,deep_fast,split_mix_blocked_h16w,block23,896,32,917504,6.654600143,6.719999790,0.065399997,23.484579086,_;_;_;1792
11,47,deep_fast,split_ffn_fused_fp8_t8,block23,896,128,917504,6.723320007,6.787119865,0.063800000,23.484579086,_;_;_;_;1792
11,48,deep_fast,split_projection_frag,block23,896,32,917504,6.788640022,6.847280025,0.058639999,23.484579086,_;_;_;_;_;1792
11,49,mh_fast,mh_qkv_normalize_frag_c512,block23,2688,32,2752512,6.851039886,6.924039841,0.072999999,23.484579086,_;_;_;1792
11,50,mh_fused,mh_attention_fused_fp8_out,block23,448,128,448,6.925399780,6.986599922,0.061200000,23.484579086,_;_;_;56;32;512
11,51,mh_fast,mh_attention_project_frag_c512,block23,896,32,917504,6.988120079,7.052840233,0.064719997,23.484579086,_;_;_;_;1792;0;50;30;56;0;0
11,52,mh,mh_shift_pack,block24,4480,256,1146880,7.055799961,7.127960205,0.072159998,23.484579086,_;_;50;30;56;40;4;4;512;0
11,53,deep_fast,split_mix_blocked_h16w,block24,1120,32,1146880,7.134160042,7.205800056,0.071640000,23.484579086,_;_;_;2240
11,54,deep_fast,split_ffn_fused_fp8_t8,block24,1120,128,1146880,7.209599972,7.277279854,0.067680001,23.484579086,_;_;_;_;2240
11,55,deep_fast,split_projection_frag,block24,1120,32,1146880,7.278759956,7.338840008,0.060079999,23.484579086,_;_;_;_;_;2240
11,56,mh_fast,mh_qkv_normalize_frag_c512,block24,3360,32,3440640,7.343200207,7.420040131,0.076839998,23.484579086,_;_;_;2240
11,57,mh_fused,mh_attention_fused_fp8_out,block24,560,128,560,7.422639847,7.459879875,0.037239999,23.484579086,_;_;_;56;40;512
11,58,mh_fast,mh_attention_project_frag_c512,block24,1120,32,1146880,7.461279869,7.526760101,0.065480001,23.484579086,_;_;_;_;2240;0;50;30;56;4;4
11,59,mh,mh_shift_pack,block25,3584,256,917504,7.529799938,7.628719807,0.098920003,23.484579086,_;_;50;30;56;32;4;0;512;0
11,60,deep_fast,split_mix_blocked_h16w,block25,896,32,917504,7.636400223,7.695759773,0.059360001,23.484579086,_;_;_;1792
11,61,deep_fast,split_ffn_fused_fp8_t8,block25,896,128,917504,7.699079990,7.763559818,0.064479999,23.484579086,_;_;_;_;1792
11,62,deep_fast,split_projection_frag,block25,896,32,917504,7.765120029,7.824560165,0.059440002,23.484579086,_;_;_;_;_;1792
11,63,mh_fast,mh_qkv_normalize_frag_c512,block25,2688,32,2752512,7.828360081,7.901120186,0.072760001,23.484579086,_;_;_;1792
11,64,mh_fused,mh_attention_fused_fp8_out,block25,448,128,448,7.902520180,7.963039875,0.060520001,23.484579086,_;_;_;56;32;512
11,65,mh_fast,mh_attention_project_frag_c512,block25,896,32,917504,7.964560032,8.025719643,0.061159998,23.484579086,_;_;_;_;1792;0;50;30;56;4;0
11,66,mh,mh_shift_pack,block26,4480,256,1146880,8.028759956,8.086839676,0.058079999,23.484579086,_;_;50;30;56;40;0;4;512;0
11,67,deep_fast,split_mix_blocked_h16w,block26,1120,32,1146880,8.093079567,8.163279533,0.070200004,23.484579086,_;_;_;2240
11,68,deep_fast,split_ffn_fused_fp8_t8,block26,1120,128,1146880,8.167119980,8.234160423,0.067039996,23.484579086,_;_;_;_;2240
11,69,deep_fast,split_projection_frag,block26,1120,32,1146880,8.235679626,8.294719696,0.059039999,23.484579086,_;_;_;_;_;2240
11,70,mh_fast,mh_qkv_normalize_frag_c512,block26,3360,32,3440640,8.298999786,8.376640320,0.077639997,23.484579086,_;_;_;2240
11,71,mh_fused,mh_attention_fused_fp8_out,block26,560,128,560,8.379280090,8.413880348,0.034600001,23.484579086,_;_;_;56;40;512
11,72,mh_fast,mh_attention_project_frag_c512,block26,1120,32,1146880,8.415320396,8.477040291,0.061719999,23.484579086,_;_;_;_;2240;0;50;30;56;0;4
11,73,mh,mh_shift_pack,block27,3584,256,917504,8.480039597,8.534159660,0.054120000,23.484579086,_;_;50;30;56;32;0;0;512;0
11,74,deep_fast,split_mix_blocked_h16w,block27,896,32,917504,8.540719986,8.601639748,0.060920000,23.484579086,_;_;_;1792
11,75,deep_fast,split_ffn_fused_fp8_t8,block27,896,128,917504,8.604960442,8.668680191,0.063720003,23.484579086,_;_;_;_;1792
11,76,deep_fast,split_projection_frag,block27,896,32,917504,8.670200348,8.727800369,0.057599999,23.484579086,_;_;_;_;_;1792
11,77,mh_fast,mh_qkv_normalize_frag_c512,block27,2688,32,2752512,8.731559753,8.803400040,0.071840003,23.484579086,_;_;_;1792
11,78,mh_fused,mh_attention_fused_fp8_out,block27,448,128,448,8.804800034,8.864959717,0.060160000,23.484579086,_;_;_;56;32;512
11,79,mh_fast,mh_attention_project_frag_c512,block27,896,32,917504,8.866439819,8.931879997,0.065439999,23.484579086,_;_;_;_;1792;0;50;30;56;0;0
11,80,mh,mh_shift_pack,block28,4480,256,1146880,8.934840202,8.990960121,0.056120001,23.484579086,_;_;50;30;56;40;4;4;512;0
11,81,deep_fast,split_mix_blocked_h16w,block28,1120,32,1146880,8.997159958,9.069640160,0.072480001,23.484579086,_;_;_;2240
11,82,deep_fast,split_ffn_fused_fp8_t8,block28,1120,128,1146880,9.073439598,9.141240120,0.067800000,23.484579086,_;_;_;_;2240
11,83,deep_fast,split_projection_frag,block28,1120,32,1146880,9.142760277,9.197039604,0.054280002,23.484579086,_;_;_;_;_;2240
11,84,mh_fast,mh_qkv_normalize_frag_c512,block28,3360,32,3440640,9.201199532,9.277480125,0.076279998,23.484579086,_;_;_;2240
11,85,mh_fused,mh_attention_fused_fp8_out,block28,560,128,560,9.280159950,9.316920280,0.036759999,23.484579086,_;_;_;56;40;512
11,86,mh_fast,mh_attention_project_frag_c512,block28,1120,32,1146880,9.318320274,9.383359909,0.065040000,23.484579086,_;_;_;_;2240;0;50;30;56;4;4
11,87,mh,mh_shift_pack,block29,3584,256,917504,9.386400223,9.440839767,0.054439999,23.484579086,_;_;50;30;56;32;4;0;512;0
11,88,deep_fast,split_mix_blocked_h16w,block29,896,32,917504,9.448479652,9.512160301,0.063680001,23.484579086,_;_;_;1792
11,89,deep_fast,split_ffn_fused_fp8_t8,block29,896,128,917504,9.515399933,9.578880310,0.063479997,23.484579086,_;_;_;_;1792
11,90,deep_fast,split_projection_frag,block29,896,32,917504,9.580439568,9.637800217,0.057360001,23.484579086,_;_;_;_;_;1792
11,91,mh_fast,mh_qkv_normalize_frag_c512,block29,2688,32,2752512,9.641559601,9.714920044,0.073360004,23.484579086,_;_;_;1792
11,92,mh_fused,mh_attention_fused_fp8_out,block29,448,128,448,9.716239929,9.776679993,0.060440000,23.484579086,_;_;_;56;32;512
11,93,mh_fast,mh_attention_project_frag_c512,block29,896,32,917504,9.778240204,9.843720436,0.065480001,23.484579086,_;_;_;_;1792;0;50;30;56;4;0
11,94,mh,mh_shift_pack,block30,4480,256,1146880,9.846719742,9.902480125,0.055760000,23.484579086,_;_;50;30;56;40;0;4;512;0
11,95,deep_fast,split_mix_blocked_h16w,block30,1120,32,1146880,9.908720016,9.978240013,0.069519997,23.484579086,_;_;_;2240
11,96,deep_fast,split_ffn_fused_fp8_t8,block30,1120,128,1146880,9.982080460,10.048999786,0.066919997,23.484579086,_;_;_;_;2240
11,97,deep_fast,split_projection_frag,block30,1120,32,1146880,10.050519943,10.109239578,0.058720000,23.484579086,_;_;_;_;_;2240
11,98,mh_fast,mh_qkv_normalize_frag_c512,block30,3360,32,3440640,10.113519669,10.190959930,0.077440001,23.484579086,_;_;_;2240
11,99,mh_fused,mh_attention_fused_fp8_out,block30,560,128,560,10.192319870,10.256839752,0.064520001,23.484579086,_;_;_;56;40;512
11,100,mh_fast,mh_attention_project_frag_c512,block30,1120,32,1146880,10.258199692,10.331919670,0.073720001,23.484579086,_;_;_;_;2240;3;50;30;56;0;4
11,101,mh,mh_pool,head,800,256,204800,10.334919930,10.386240005,0.051320001,23.484579086,_;_;25;16;50;25;15;512
11,102,mh_fast,mh_pool_project_production_h16w,head,1600,32,409600,10.392560005,10.481040001,0.088480003,23.484579086,_;_;_;25;16;25;15;512
11,103,deep,vit_gather,block31,1600,256,409600,10.483320236,10.535200119,0.051879998,23.484579086,_;_;_;409600
11,104,deep_fast,vit_pack_input,block31,400,256,102400,10.540800095,10.591159821,0.050360002,23.484579086,_;_;409600
11,105,deep_fast,vit_expand_blocked_fp8_frag_bytein,block31,1600,32,1638400,10.597200394,10.648880005,0.051679999,23.484579086,_;_;_;400;1024;4096
11,106,deep_fast,vit_contract_blocked_fp8_frag,block31,400,32,409600,10.651120186,10.731880188,0.080760002,23.484579086,_;_;_;_;400;4096;1024
11,107,deep_fast,vit_qkv_project_normalize_fused_f16compact_fp8_frag,block31,2400,32,1228800,10.734120369,10.824080467,0.089960001,23.484579086,_;_;_;400
11,108,deep_fast,vit_attention_fused_400_bytein,block31,800,32,204800,10.825799942,10.899359703,0.073559999,23.484579086,_;_;400
11,109,deep_fast,vit_project_frag,block31,1600,32,409600,10.901599884,10.985839844,0.084239997,23.484579086,_;_;_;_;400;1024;1024
11,110,deep_fast,vit_pack_input,block32,400,256,102400,10.988080025,11.036080360,0.048000000,23.484579086,_;_;409600
11,111,deep_fast,vit_expand_blocked_fp8_frag_bytein,block32,1600,32,1638400,11.040639877,11.091959953,0.051320001,23.484579086,_;_;_;400;1024;4096
11,112,deep_fast,vit_contract_blocked_fp8_frag,block32,400,32,409600,11.094200134,11.174759865,0.080559999,23.484579086,_;_;_;_;400;4096;1024
11,113,deep_fast,vit_qkv_project_normalize_fused_f16compact_fp8_frag,block32,2400,32,1228800,11.177040100,11.268719673,0.091679998,23.484579086,_;_;_;400
11,114,deep_fast,vit_attention_fused_400_bytein,block32,800,32,204800,11.270440102,11.343040466,0.072600000,23.484579086,_;_;400
11,115,deep_fast,vit_project_frag,block32,1600,32,409600,11.345279694,11.430000305,0.084720001,23.484579086,_;_;_;_;400;1024;1024
11,116,deep_fast,vit_pack_input,block33,400,256,102400,11.432200432,11.481040001,0.048840001,23.484579086,_;_;409600
11,117,deep_fast,vit_expand_blocked_fp8_frag_bytein,block33,1600,32,1638400,11.487119675,11.538880348,0.051759999,23.484579086,_;_;_;400;1024;4096
11,118,deep_fast,vit_contract_blocked_fp8_frag,block33,400,32,409600,11.541119576,11.620960236,0.079839997,23.484579086,_;_;_;_;400;4096;1024
11,119,deep_fast,vit_qkv_project_normalize_fused_f16compact_fp8_frag,block33,2400,32,1228800,11.623200417,11.713560104,0.090360001,23.484579086,_;_;_;400
11,120,deep_fast,vit_attention_fused_400_bytein,block33,800,32,204800,11.715279579,11.790080070,0.074800000,23.484579086,_;_;400
11,121,deep_fast,vit_project_frag,block33,1600,32,409600,11.792360306,11.877280235,0.084919997,23.484579086,_;_;_;_;400;1024;1024
11,122,deep_fast,vit_pack_input,block34,400,256,102400,11.879480362,11.928159714,0.048680000,23.484579086,_;_;409600
11,123,deep_fast,vit_expand_blocked_fp8_frag_bytein,block34,1600,32,1638400,11.933039665,11.986240387,0.053199999,23.484579086,_;_;_;400;1024;4096
11,124,deep_fast,vit_contract_blocked_fp8_frag,block34,400,32,409600,11.988519669,12.069720268,0.081200004,23.484579086,_;_;_;_;400;4096;1024
11,125,deep_fast,vit_qkv_project_normalize_fused_f16compact_fp8_frag,block34,2400,32,1228800,12.071960449,12.161760330,0.089800000,23.484579086,_;_;_;400
11,126,deep_fast,vit_attention_fused_400_bytein,block34,800,32,204800,12.163439751,12.236760139,0.073320001,23.484579086,_;_;400
11,127,deep_fast,vit_project_frag,block34,1600,32,409600,12.239000320,12.326199532,0.087200001,23.484579086,_;_;_;_;400;1024;1024
11,128,deep_fast,vit_pack_input,block35,400,256,102400,12.328399658,12.377679825,0.049279999,23.484579086,_;_;409600
11,129,deep_fast,vit_expand_blocked_fp8_frag_bytein,block35,1600,32,1638400,12.439479828,12.440039635,0.000560000,23.484579086,_;_;_;400;1024;4096
11,130,deep_fast,vit_contract_blocked_fp8_frag,block35,400,32,409600,12.522080421,12.522600174,0.000520000,23.484579086,_;_;_;_;400;4096;1024
11,131,deep_fast,vit_qkv_project_normalize_fused_f16compact_fp8_frag,block35,2400,32,1228800,12.524800301,12.614600182,0.089800000,23.484579086,_;_;_;400
11,132,deep_fast,vit_attention_fused_400_bytein,block35,800,32,204800,12.685239792,12.685759544,0.000520000,23.484579086,_;_;400
11,133,deep_fast,vit_project_frag,block35,1600,32,409600,12.771320343,12.771880150,0.000560000,23.484579086,_;_;_;_;400;1024;1024
11,134,deep_fast,vit_pack_input,block36,400,256,102400,12.774080276,12.820079803,0.046000000,23.484579086,_;_;409600
11,135,deep_fast,vit_expand_blocked_fp8_frag_bytein,block36,1600,32,1638400,12.824680328,12.899200439,0.074519999,23.484579086,_;_;_;400;1024;4096
11,136,deep_fast,vit_contract_blocked_fp8_frag,block36,400,32,409600,12.983320236,12.983759880,0.000440000,23.484579086,_;_;_;_;400;4096;1024
11,137,deep_fast,vit_qkv_project_normalize_fused_f16compact_fp8_frag,block36,2400,32,1228800,12.986040115,13.076600075,0.090559997,23.484579086,_;_;_;400
11,138,deep_fast,vit_attention_fused_400_bytein,block36,800,32,204800,13.078319550,13.152919769,0.074600004,23.484579086,_;_;400
11,139,deep_fast,vit_project_frag,block36,1600,32,409600,13.245920181,13.246560097,0.000640000,23.484579086,_;_;_;_;400;1024;1024
11,140,deep_fast,vit_pack_input,block37,400,256,102400,13.297240257,13.297599792,0.000360000,23.484579086,_;_;409600
11,141,deep_fast,vit_expand_blocked_fp8_frag_bytein,block37,1600,32,1638400,13.302160263,13.376839638,0.074680001,23.484579086,_;_;_;400;1024;4096
11,142,deep_fast,vit_contract_blocked_fp8_frag,block37,400,32,409600,13.379079819,13.452320099,0.073239997,23.484579086,_;_;_;_;400;4096;1024
11,143,deep_fast,vit_qkv_project_normalize_fused_f16compact_fp8_frag,block37,2400,32,1228800,13.548279762,13.548879623,0.000600000,23.484579086,_;_;_;400
11,144,deep_fast,vit_attention_fused_400_bytein,block37,800,32,204800,13.623920441,13.624440193,0.000520000,23.484579086,_;_;400
11,145,deep_fast,vit_project_frag,block37,1600,32,409600,13.626680374,13.709799767,0.083120003,23.484579086,_;_;_;_;400;1024;1024
11,146,deep_fast,vit_pack_input,block38,400,256,102400,13.711999893,13.760519981,0.048519999,23.484579086,_;_;409600
11,147,deep_fast,vit_expand_blocked_fp8_frag_bytein,block38,1600,32,1638400,13.765119553,13.817319870,0.052200001,23.484579086,_;_;_;400;1024;4096
11,148,deep_fast,vit_contract_blocked_fp8_frag,block38,400,32,409600,13.819519997,13.896559715,0.077040002,23.484579086,_;_;_;_;400;4096;1024
11,149,deep_fast,vit_qkv_project_normalize_fused_f16compact_fp8_frag,block38,2400,32,1228800,13.898839951,13.989000320,0.090159997,23.484579086,_;_;_;400
11,150,deep_fast,vit_attention_fused_400_bytein,block38,800,32,204800,13.990679741,14.065199852,0.074519999,23.484579086,_;_;400
11,151,deep_fast,vit_project_frag,block38,1600,32,409600,14.067440033,14.151479721,0.084040001,23.484579086,_;_;_;_;400;1024;1024
11,152,deep,vit_gather,block39,1600,256,409600,14.153719902,14.206319809,0.052600000,23.484579086,_;_;_;409600
11,153,deep_fast,decoder_project2x_h16w,block39,800,32,204800,14.211560249,14.285479546,0.073919997,23.484579086,_;_;_;_;25;16;50;30;1024;512
11,154,mh,mh_shift_pack,block40,3584,256,917504,14.288439751,14.342679977,0.054240000,23.484579086,_;_;50;30;56;32;0;0;512;0
11,155,deep_fast,split_mix_blocked_h16w,block40,896,32,917504,14.348879814,14.410079956,0.061200000,23.484579086,_;_;_;1792
11,156,deep_fast,split_ffn_fused_fp8_t8,block40,896,128,917504,14.413439751,14.478079796,0.064640000,23.484579086,_;_;_;_;1792
11,157,deep_fast,split_projection_frag,block40,896,32,917504,14.479680061,14.536720276,0.057039998,23.484579086,_;_;_;_;_;1792
11,158,mh_fast,mh_qkv_normalize_frag_c512,block40,2688,32,2752512,14.540519714,14.609319687,0.068800002,23.484579086,_;_;_;1792
11,159,mh_fused,mh_attention_fused_fp8_out,block40,448,128,448,14.610679626,14.671959877,0.061280001,23.484579086,_;_;_;56;32;512
11,160,mh_fast,mh_attention_project_frag_c512,block40,896,32,917504,14.673480034,14.739640236,0.066160001,23.484579086,_;_;_;_;1792;0;50;30;56;0;0
11,161,mh,mh_shift_pack,block41,4480,256,1146880,14.742639542,14.798439980,0.055799998,23.484579086,_;_;50;30;56;40;4;4;512;0
11,162,deep_fast,split_mix_blocked_h16w,block41,1120,32,1146880,14.806280136,14.876319885,0.070040002,23.484579086,_;_;_;2240
11,163,deep_fast,split_ffn_fused_fp8_t8,block41,1120,128,1146880,14.880160332,14.948200226,0.068039998,23.484579086,_;_;_;_;2240
11,164,deep_fast,split_projection_frag,block41,1120,32,1146880,14.949680328,15.008680344,0.059000000,23.484579086,_;_;_;_;_;2240
11,165,mh_fast,mh_qkv_normalize_frag_c512,block41,3360,32,3440640,15.012960434,15.090439796,0.077480003,23.484579086,_;_;_;2240
11,166,mh_fused,mh_attention_fused_fp8_out,block41,560,128,560,15.093079567,15.130800247,0.037719999,23.484579086,_;_;_;56;40;512
11,167,mh_fast,mh_attention_project_frag_c512,block41,1120,32,1146880,15.132240295,15.197560310,0.065320000,23.484579086,_;_;_;_;2240;0;50;30;56;4;4
11,168,mh,mh_shift_pack,block44,3584,256,917504,15.200599670,15.256039619,0.055440001,23.484579086,_;_;50;30;56;32;0;0;512;0
11,169,deep_fast,split_mix_blocked_h16w,block44,896,32,917504,15.262160301,15.322999954,0.060839999,23.484579086,_;_;_;1792
11,170,deep_fast,split_ffn_fused_fp8_t8,block44,896,128,917504,15.326279640,15.391320229,0.065040000,23.484579086,_;_;_;_;1792
11,171,deep_fast,split_projection_frag,block44,896,32,917504,15.392880440,15.449480057,0.056600001,23.484579086,_;_;_;_;_;1792
11,172,mh_fast,mh_qkv_normalize_frag_c512,block44,2688,32,2752512,15.453240395,15.525959969,0.072719999,23.484579086,_;_;_;1792
11,173,mh_fused,mh_attention_fused_fp8_out,block44,448,128,448,15.527359962,15.588439941,0.061080001,23.484579086,_;_;_;56;32;512
11,174,mh_fast,mh_attention_project_frag_c512,block44,896,32,917504,15.589960098,15.658679962,0.068719998,23.484579086,_;_;_;_;1792;0;50;30;56;0;0
11,175,mh,mh_shift_pack,block45,4480,256,1146880,15.661680222,15.717479706,0.055799998,23.484579086,_;_;50;30;56;40;4;4;512;0
11,176,deep_fast,split_mix_blocked_h16w,block45,1120,32,1146880,15.725319862,15.794280052,0.068960004,23.484579086,_;_;_;2240
11,177,deep_fast,split_ffn_fused_fp8_t8,block45,1120,128,1146880,15.798159599,15.865360260,0.067199998,23.484579086,_;_;_;_;2240
11,178,deep_fast,split_projection_frag,block45,1120,32,1146880,15.866880417,15.926159859,0.059280001,23.484579086,_;_;_;_;_;2240
11,179,mh_fast,mh_qkv_normalize_frag_c512,block45,3360,32,3440640,15.930480003,16.008800507,0.078319997,23.484579086,_;_;_;2240
11,180,mh_fused,mh_attention_fused_fp8_out,block45,560,128,560,16.010160446,16.071760178,0.061600000,23.484579086,_;_;_;56;40;512
11,181,mh_fast,mh_attention_project_frag_c512,block45,1120,32,1146880,16.073160172,16.146120071,0.072959997,23.484579086,_;_;_;_;2240;0;50;30;56;4;4
11,182,mh,mh_shift_pack,block47,4480,256,1146880,16.149160385,16.207639694,0.058479998,23.484579086,_;_;50;30;56;40;0;4;512;0
11,183,deep_fast,split_mix_blocked_h16w,block47,1120,32,1146880,16.213920593,16.285480499,0.071560003,23.484579086,_;_;_;2240
11,184,deep_fast,split_ffn_fused_fp8_t8,block47,1120,128,1146880,16.289319992,16.358039856,0.068719998,23.484579086,_;_;_;_;2240
11,185,deep_fast,split_projection_frag,block47,1120,32,1146880,16.359560013,16.445840836,0.086280003,23.484579086,_;_;_;_;_;2240
11,186,mh_fast,mh_qkv_normalize_frag_c512,block47,3360,32,3440640,16.450159073,16.527999878,0.077840000,23.484579086,_;_;_;2240
11,187,mh_fused,mh_attention_fused_fp8_out,block47,560,128,560,16.530639648,16.589879990,0.059239998,23.484579086,_;_;_;56;40;512
11,188,mh_fast,mh_attention_project_frag_c512,block47,1120,32,1146880,16.591279984,16.663360596,0.072080001,23.484579086,_;_;_;_;2240;0;50;30;56;0;4
11,189,deep_fast,decoder_project2x_h16w_byteout,block48,1504,32,384000,16.666320801,16.756200790,0.089879997,23.484579086,_;_;_;_;50;30;100;60;512;256
11,190,mh_fast,mh_ffn_fused_c256_frag_project_mapped_g128_qkv_bytein_fb,block48,416,512,1703936,16.758199692,16.863800049,0.105599999,23.484579086,_;_;_;_;_;6656;100;60;104;0;0
11,191,mh_fused,c256_attention_project_fb_bout_diag,block48,104,512,104,16.865240097,16.957120895,0.091880001,23.484579086,_;_;_;_;104;64;0;100;60;0;0
11,192,mh_fast,mh_ffn_fused_c256_frag_project_mapped_g128_qkv_bytein_fb,block49,416,512,1703936,16.958759308,17.061359406,0.102600001,23.484579086,_;_;_;_;_;6656;100;60;104;4;4
11,193,mh_fused,c256_attention_project_fb_bout_diag,block49,104,512,104,17.146039963,17.146640778,0.000600000,23.484579086,_;_;_;_;104;64;4;100;60;4;4
11,194,mh_fast,mh_ffn_fused_c256_frag_project_mapped_g128_qkv_bytein_fb,block50,416,512,1703936,17.148399353,17.252159119,0.103759997,23.484579086,_;_;_;_;_;6656;100;60;104;4;0
11,195,mh_fused,c256_attention_project_fb_bout_diag,block50,104,512,104,17.334560394,17.335079193,0.000520000,23.484579086,_;_;_;_;104;64;4;100;60;4;0
11,196,mh_fast,mh_ffn_fused_c256_frag_project_mapped_g128_qkv_bytein_fb,block51,416,512,1703936,17.441520691,17.441999435,0.000480000,23.484579086,_;_;_;_;_;6656;100;60;104;0;4
11,197,mh_fused,c256_attention_project_fb_bout_diag,block51,104,512,104,17.443519592,17.528400421,0.084880002,23.484579086,_;_;_;_;104;64;4;100;60;0;4
11,198,mh_fast,mh_ffn_fused_c256_frag_project_mapped_g128_qkv_bytein_fb,block52,416,512,1703936,17.530160904,17.648920059,0.118759997,23.484579086,_;_;_;_;_;6656;100;60;104;0;0
11,199,mh_fused,c256_attention_project_fb_bout_diag,block52,104,512,104,17.736320496,17.736879349,0.000560000,23.484579086,_;_;_;_;104;64;4;100;60;0;0
11,200,mh_fast,mh_ffn_fused_c256_frag_project_mapped_g128_qkv_bytein_fb,block53,416,512,1703936,17.738599777,17.844240189,0.105640002,23.484579086,_;_;_;_;_;6656;100;60;104;4;4
11,201,mh_fused,c256_attention_project_fb_bout_diag,block53,104,512,104,17.925359726,17.925920486,0.000560000,23.484579086,_;_;_;_;104;64;4;100;60;4;4
11,202,mh_fast,mh_ffn_fused_c256_frag_project_mapped_g128_qkv_bytein_fb,block54,416,512,1703936,17.927719116,18.030279160,0.102559999,23.484579086,_;_;_;_;_;6656;100;60;104;4;0
11,203,mh_fused,c256_attention_project_fb_bout_diag,block54,104,512,104,18.031719208,18.113759995,0.082039997,23.484579086,_;_;_;_;104;64;4;100;60;4;0
11,204,mh_fast,mh_ffn_fused_c256_frag_project_mapped_g128_qkv_bytein_fb,block55,416,512,1703936,18.115400314,18.238119125,0.122720003,23.484579086,_;_;_;_;_;6656;100;60;104;0;4
11,205,mh_fused,c256_attention_project_fb_diag,block55,104,512,104,18.239639282,18.326759338,0.087119997,23.484579086,_;_;_;_;104;64;0;100;60;0;4
11,206,deep_fast,decoder_project2x_h16w_byteout,block56,3000,32,768000,18.329160690,18.425519943,0.096359998,23.484579086,_;_;_;_;100;60;200;120;256;128
11,207,mh_fast,mh_ffn_fused_c128_project_mapped_g128_qkv_bytein_fb,block56,1560,256,3194880,18.427400589,18.549760818,0.122359999,23.484579086,_;_;_;_;_;24960;200;120;208;4;0
11,208,mh_fused,c128_attention_project_fb_bout_diag,block56,390,512,390,18.551200867,18.641599655,0.090400003,23.484579086,_;_;_;_;208;120;4;200;120;4;0
11,209,mh_fast,mh_ffn_fused_c128_project_mapped_g128_qkv_bytein_fb,block57,1600,256,3276800,18.643079758,18.760240555,0.117160000,23.484579086,_;_;_;_;_;25600;200;120;200;0;4
11,210,mh_fused,c128_attention_project_fb_bout_diag,block57,400,512,400,18.762880325,18.856559753,0.093680002,23.484579086,_;_;_;_;200;128;4;200;120;0;4
11,211,mh_fast,mh_ffn_fused_c128_project_g128_qkv_bytein_fb,block58,1500,256,3072000,18.857999802,18.970479965,0.112480000,23.484579086,_;_;_;_;_;24000;200;120;200;0;0
11,212,mh_fused,c128_attention_project_fb_bout_diag,block58,375,512,375,18.971879959,19.054679871,0.082800001,23.484579086,_;_;_;_;200;120;4;0;0;0;0
11,213,mh_fast,mh_ffn_fused_c128_project_mapped_g128_qkv_bytein_fb,block59,1664,256,3407872,19.056119919,19.179159164,0.123039998,23.484579086,_;_;_;_;_;26624;200;120;208;4;4
11,214,mh_fused,c128_attention_project_fb_bout_diag,block59,416,512,416,19.181800842,19.275680542,0.093879998,23.484579086,_;_;_;_;208;128;4;200;120;4;4
11,215,mh_fast,mh_ffn_fused_c128_project_mapped_g128_qkv_bytein_fb,block60,1560,256,3194880,19.277160645,19.397560120,0.120399997,23.484579086,_;_;_;_;_;24960;200;120;208;4;0
11,216,mh_fused,c128_attention_project_fb_bout_diag,block60,390,512,390,19.399000168,19.488880157,0.089879997,23.484579086,_;_;_;_;208;120;4;200;120;4;0
11,217,mh_fast,mh_ffn_fused_c128_project_mapped_g128_qkv_bytein_fb,block61,1600,256,3276800,19.490400314,19.609760284,0.119360000,23.484579086,_;_;_;_;_;25600;200;120;200;0;4
11,218,mh_fused,c128_attention_project_fb_diag,block61,400,512,400,19.617959976,19.708839417,0.090879999,23.484579086,_;_;_;_;200;128;0;200;120;0;4
11,219,deep_fast,decoder_project2x_h16w_byteout,block62,6000,32,1536000,19.710519791,19.832239151,0.121720001,23.484579086,_;_;_;_;200;120;400;240;128;64
11,220,mh_fast,mh_ffn_fused_c64_project_g128_qkv_bytein_fb,block62,6000,128,6144000,19.834560394,19.977960587,0.143399999,23.484579086,_;_;_;_;_;96000;400;240;400;0;0
11,221,mh_fused,c64_attention_project_fb_bout_diag,block62,1500,256,1500,19.979360580,20.086200714,0.106840000,23.484579086,_;_;_;_;400;240;4;0;0;0;0
11,222,mh_fast,mh_ffn_fused_c64_project_mapped_g128_qkv_bytein_fb,block63,6324,128,6475776,20.087600708,20.253719330,0.166119993,23.484579086,_;_;_;_;_;101184;400;240;408;4;4
11,223,mh_fused,c64_attention_project_fb_bout_diag,block63,1581,256,1581,20.255079269,20.380800247,0.125719994,23.484579086,_;_;_;_;408;248;4;400;240;4;4
11,224,mh_fast,mh_ffn_fused_c64_project_mapped_g128_qkv_bytein_fb,block64,6120,128,6266880,20.382320404,20.541240692,0.158920005,23.484579086,_;_;_;_;_;97920;400;240;408;4;0
11,225,mh_fused,c64_attention_project_fb_bout_diag,block64,1530,256,1530,20.542839050,20.639799118,0.096960001,23.484579086,_;_;_;_;408;240;4;400;240;4;0
11,226,mh_fast,mh_ffn_fused_c64_project_mapped_g128_qkv_bytein_fb,block65,6200,128,6348800,20.641399384,20.797239304,0.155839995,23.484579086,_;_;_;_;_;99200;400;240;400;0;4
11,227,mh_fused,c64_attention_project_fb_diag,block65,1550,256,1550,20.798679352,20.929319382,0.130640000,23.484579086,_;_;_;_;400;248;0;400;240;0;4
11,228,deep_fast,decoder_project2x_h16w,block69,12000,32,3072000,20.931159973,21.172439575,0.241280004,23.484579086,_;_;_;_;400;240;800;480;64;32
11,229,c32_fused_ffn,c32_fast_ffn_attention_fused_half_mapped,block69,6000,128,6000,21.175479889,21.478380203,0.302899987,23.484579086,_;_;_;_;6000;0;1;800;480;0;0
11,230,c32_fused_ffn,c32_fast_ffn_attention_fused_half_chain,block69,6161,128,6161,21.479860306,21.766979218,0.287120014,23.484579086,_;_;_;_;6161;3;1;800;480;4;4;800;0;0
11,231,c32_fused_ffn,c32_fast_ffn_attention_fused_half_chain,block69,6060,128,6060,21.768579483,22.047580719,0.279000014,23.484579086,_;_;_;_;6060;3;1;800;480;4;0;808;4;4
11,232,c32_fused_ffn,c32_fast_ffn_attention_fused_half_chain_finish,block69,6100,128,6100,22.049179077,22.351980209,0.302800000,23.484579086,_;_;_;_;_;6100;3;1;800;480;0;4;808;4;0
11,233,c32_fused_ffn,c32_post_merge_head_half,block70,24321,128,24321,22.353580475,23.451980591,1.098399997,23.484579086,_;_;_;_;_;_;_;_;24321;1600;960;4;4;_
12,0,c32_fused_ffn,c32_fast_ffn_attention_fused_half_prefix_finish_main8,pre-down,24000,128,24000,0.004320000,1.124199986,1.119879961,23.032720566,_;_;_;_;_;_;24000;0;1;1600;960;0;0
12,1,c32_fused_ffn,c32_fast_ffn_attention_fused_half_mapped,block4,6000,128,6000,1.125759959,1.427919984,0.302159995,23.032720566,_;_;_;_;6000;0;1;800;480;0;0
12,2,c32_fused_ffn,c32_fast_ffn_attention_fused_half_chain,block4,6161,128,6161,1.429440022,1.714040041,0.284599990,23.032720566,_;_;_;_;6161;3;1;800;480;4;4;800;0;0
12,3,c32_fused_ffn,c32_fast_ffn_attention_fused_half_chain,block4,6060,128,6060,1.715600014,1.994079947,0.278479993,23.032720566,_;_;_;_;6060;3;1;800;480;4;0;808;4;4
12,4,c32_fused_ffn,c32_fast_ffn_attention_fused_half_chain_finish_dcrop,block4,6100,128,6100,1.995640039,2.309760094,0.314119995,23.032720566,_;_;_;_;_;6100;3;1;800;480;0;4;808;4;0
12,5,mh_fast,mh_pool_project_production_h16w,block5,24000,32,6144000,2.311399937,2.394439936,0.083039999,23.032720566,_;_;_;400;240;0;0;32
12,6,mh_fast,mh_ffn_fused_c64_project_g128_qkv_fb,block5,6000,128,6144000,2.401000023,2.540519953,0.139520004,23.032720566,_;_;_;_;_;96000;400;240;400;0;0
12,7,mh_fused,c64_attention_project_fb_bout_diag,block5,1500,256,1500,2.541960001,2.649679899,0.107720003,23.032720566,_;_;_;_;400;240;4;0;0;0;0
12,8,mh_fast,mh_ffn_fused_c64_project_mapped_g128_qkv_bytein_fb,block6,6324,128,6475776,2.651079893,2.814399958,0.163320005,23.032720566,_;_;_;_;_;101184;400;240;408;4;4
12,9,mh_fused,c64_attention_project_fb_bout_diag,block6,1581,256,1581,2.815799952,2.940959930,0.125159994,23.032720566,_;_;_;_;408;248;4;400;240;4;4
12,10,mh_fast,mh_ffn_fused_c64_project_mapped_g128_qkv_bytein_fb,block7,6120,128,6266880,2.942359924,3.101039886,0.158680007,23.032720566,_;_;_;_;_;97920;400;240;408;4;0
12,11,mh_fused,c64_attention_project_fb_bout_diag,block7,1530,256,1530,3.102479935,3.222959995,0.120480001,23.032720566,_;_;_;_;408;240;4;400;240;4;0
12,12,mh_fast,mh_ffn_fused_c64_project_mapped_g128_qkv_bytein_fb,block8,6200,128,6348800,3.224479914,3.387639999,0.163159996,23.032720566,_;_;_;_;_;99200;400;240;400;0;4
12,13,mh_fused,c64_attention_project_fb_diag,block8,1550,256,1550,3.389039993,3.512840033,0.123800002,23.032720566,_;_;_;_;400;248;3;400;240;0;4
12,14,mh_fast,mh_pool_project_group_c64,block9,1500,64,3072000,3.514440060,3.590719938,0.076279998,23.032720566,_;_;_;200;120;400;0;0
12,15,mh_fast,mh_ffn_fused_c128_project_g128_qkv_fb,block9,1500,256,3072000,3.595200062,3.710639954,0.115440004,23.032720566,_;_;_;_;_;24000;200;120;200;0;0
12,16,mh_fused,c128_attention_project_fb_bout_diag,block9,375,512,375,3.711999893,3.793200016,0.081200004,23.032720566,_;_;_;_;200;120;4;0;0;0;0
12,17,mh_fast,mh_ffn_fused_c128_project_mapped_g128_qkv_bytein_fb,block10,1664,256,3407872,3.794840097,3.918560028,0.123719998,23.032720566,_;_;_;_;_;26624;200;120;208;4;4
12,18,mh_fused,c128_attention_project_fb_bout_diag,block10,416,512,416,3.926800013,4.013080120,0.086280003,23.032720566,_;_;_;_;208;128;4;200;120;4;4
12,19,mh_fast,mh_ffn_fused_c128_project_mapped_g128_qkv_bytein_fb,block11,1560,256,3194880,4.014520168,4.145080090,0.130559996,23.032720566,_;_;_;_;_;24960;200;120;208;4;0
12,20,mh_fused,c128_attention_project_fb_bout_diag,block11,390,512,390,4.146440029,4.236239910,0.089800000,23.032720566,_;_;_;_;208;120;4;200;120;4;0
12,21,mh_fast,mh_ffn_fused_c128_project_mapped_g128_qkv_bytein_fb,block12,1600,256,3276800,4.237679958,4.358479977,0.120800003,23.032720566,_;_;_;_;_;25600;200;120;200;0;4
12,22,mh_fused,c128_attention_project_fb_bout_diag,block12,400,512,400,4.364880085,4.430600166,0.065719999,23.032720566,_;_;_;_;200;128;4;200;120;0;4
12,23,mh_fast,mh_ffn_fused_c128_project_g128_qkv_bytein_fb,block13,1500,256,3072000,4.432159901,4.547120094,0.114960000,23.032720566,_;_;_;_;_;24000;200;120;200;0;0
12,24,mh_fused,c128_attention_project_fb_bout_diag,block13,375,512,375,4.549839973,4.631999969,0.082160003,23.032720566,_;_;_;_;200;120;4;0;0;0;0
12,25,mh_fast,mh_ffn_fused_c128_project_mapped_g128_qkv_bytein_fb,block14,1664,256,3407872,4.633520126,4.757880211,0.124360003,23.032720566,_;_;_;_;_;26624;200;120;208;4;4
12,26,mh_fused,c128_attention_project_fb_diag,block14,416,512,416,4.764719963,4.853879929,0.089160003,23.032720566,_;_;_;_;208;128;3;200;120;4;4
12,27,mh_fast,mh_pool_project_group_c128,block15,375,128,1536000,4.855599880,4.915040016,0.059440002,23.032720566,_;_;_;100;60;200;0;0
12,28,mh_fast,mh_ffn_fused_c256_frag_project_mapped_g128_qkv_fb,block15,416,512,1703936,4.919600010,5.023960114,0.104359999,23.032720566,_;_;_;_;_;6656;100;60;104;0;0
12,29,mh_fused,c256_attention_project_fb_bout_diag,block15,104,512,104,5.025360107,5.109240055,0.083880000,23.032720566,_;_;_;_;104;64;4;100;60;0;0
12,30,mh_fast,mh_ffn_fused_c256_frag_project_mapped_g128_qkv_bytein_fb,block16,416,512,1703936,5.110919952,5.215040207,0.104120001,23.032720566,_;_;_;_;_;6656;100;60;104;4;4
12,31,mh_fused,c256_attention_project_fb_bout_diag,block16,104,512,104,5.216559887,5.299839973,0.083279997,23.032720566,_;_;_;_;104;64;4;100;60;4;4
12,32,mh_fast,mh_ffn_fused_c256_frag_project_mapped_g128_qkv_bytein_fb,block17,416,512,1703936,5.301559925,5.403920174,0.102360003,23.032720566,_;_;_;_;_;6656;100;60;104;4;0
12,33,mh_fused,c256_attention_project_fb_bout_diag,block17,104,512,104,5.405320168,5.490920067,0.085600004,23.032720566,_;_;_;_;104;64;4;100;60;4;0
12,34,mh_fast,mh_ffn_fused_c256_frag_project_mapped_g128_qkv_bytein_fb,block18,416,512,1703936,5.492559910,5.600200176,0.107639998,23.032720566,_;_;_;_;_;6656;100;60;104;0;4
12,35,mh_fused,c256_attention_project_fb_bout_diag,block18,104,512,104,5.601759911,5.685279846,0.083520003,23.032720566,_;_;_;_;104;64;4;100;60;0;4
12,36,mh_fast,mh_ffn_fused_c256_frag_project_mapped_g128_qkv_bytein_fb,block19,416,512,1703936,5.686999798,5.789760113,0.102760002,23.032720566,_;_;_;_;_;6656;100;60;104;0;0
12,37,mh_fused,c256_attention_project_fb_bout_diag,block19,104,512,104,5.791079998,5.875599861,0.084519997,23.032720566,_;_;_;_;104;64;4;100;60;0;0
12,38,mh_fast,mh_ffn_fused_c256_frag_project_mapped_g128_qkv_bytein_fb,block20,416,512,1703936,5.877280235,5.983160019,0.105880000,23.032720566,_;_;_;_;_;6656;100;60;104;4;4
12,39,mh_fused,c256_attention_project_fb_bout_diag,block20,104,512,104,5.984720230,6.067520142,0.082800001,23.032720566,_;_;_;_;104;64;4;100;60;4;4
12,40,mh_fast,mh_ffn_fused_c256_frag_project_mapped_g128_qkv_bytein_fb,block21,416,512,1703936,6.069240093,6.173639774,0.104400001,23.032720566,_;_;_;_;_;6656;100;60;104;4;0
12,41,mh_fused,c256_attention_project_fb_bout_diag,block21,104,512,104,6.175000191,6.262599945,0.087600000,23.032720566,_;_;_;_;104;64;4;100;60;4;0
12,42,mh_fast,mh_ffn_fused_c256_frag_project_mapped_g128_qkv_bytein_fb,block22,416,512,1703936,6.264279842,6.370920181,0.106640004,23.032720566,_;_;_;_;_;6656;100;60;104;0;4
12,43,mh_fused,c256_attention_project_fb_diag,block22,104,512,104,6.372439861,6.456600189,0.084160000,23.032720566,_;_;_;_;104;64;3;100;60;0;4
12,44,mh_fast,mh_pool_project_group_c256,block23,94,256,768000,6.459239960,6.516600132,0.057360001,23.032720566,_;_;_;50;30;100;0;0
12,45,mh,mh_shift_pack,block23,3584,256,917504,6.519599915,6.572480202,0.052880000,23.032720566,_;_;50;30;56;32;0;0;512;0
12,46,deep_fast,split_mix_blocked_h16w,block23,896,32,917504,6.578720093,6.643000126,0.064280003,23.032720566,_;_;_;1792
12,47,deep_fast,split_ffn_fused_fp8_t8,block23,896,128,917504,6.646319866,6.710000038,0.063680001,23.032720566,_;_;_;_;1792
12,48,deep_fast,split_projection_frag,block23,896,32,917504,6.711559772,6.765759945,0.054200001,23.032720566,_;_;_;_;_;1792
12,49,mh_fast,mh_qkv_normalize_frag_c512,block23,2688,32,2752512,6.769559860,6.838359833,0.068800002,23.032720566,_;_;_;1792
12,50,mh_fused,mh_attention_fused_fp8_out,block23,448,128,448,6.839799881,6.899199963,0.059400000,23.032720566,_;_;_;56;32;512
12,51,mh_fast,mh_attention_project_frag_c512,block23,896,32,917504,6.900680065,6.967239857,0.066560000,23.032720566,_;_;_;_;1792;0;50;30;56;0;0
12,52,mh,mh_shift_pack,block24,4480,256,1146880,6.970200062,7.024040222,0.053840000,23.032720566,_;_;50;30;56;40;4;4;512;0
12,53,deep_fast,split_mix_blocked_h16w,block24,1120,32,1146880,7.031559944,7.099400043,0.067840002,23.032720566,_;_;_;2240
12,54,deep_fast,split_ffn_fused_fp8_t8,block24,1120,128,1146880,7.103199959,7.167520046,0.064319998,23.032720566,_;_;_;_;2240
12,55,deep_fast,split_projection_frag,block24,1120,32,1146880,7.169040203,7.224120140,0.055080000,23.032720566,_;_;_;_;_;2240
12,56,mh_fast,mh_qkv_normalize_frag_c512,block24,3360,32,3440640,7.228479862,7.309199810,0.080720000,23.032720566,_;_;_;2240
12,57,mh_fused,mh_attention_fused_fp8_out,block24,560,128,560,7.310560226,7.373079777,0.062519997,23.032720566,_;_;_;56;40;512
12,58,mh_fast,mh_attention_project_frag_c512,block24,1120,32,1146880,7.374440193,7.441520214,0.067079999,23.032720566,_;_;_;_;2240;0;50;30;56;4;4
12,59,mh,mh_shift_pack,block25,3584,256,917504,7.444560051,7.498960018,0.054400001,23.032720566,_;_;50;30;56;32;4;0;512;0
12,60,deep_fast,split_mix_blocked_h16w,block25,896,32,917504,7.505400181,7.568520069,0.063120000,23.032720566,_;_;_;1792
12,61,deep_fast,split_ffn_fused_fp8_t8,block25,896,128,917504,7.571760178,7.634600163,0.062840000,23.032720566,_;_;_;_;1792
12,62,deep_fast,split_projection_frag,block25,896,32,917504,7.636159897,7.689280033,0.053119998,23.032720566,_;_;_;_;_;1792
12,63,mh_fast,mh_qkv_normalize_frag_c512,block25,2688,32,2752512,7.693039894,7.770239830,0.077200003,23.032720566,_;_;_;1792
12,64,mh_fused,mh_attention_fused_fp8_out,block25,448,128,448,7.771599770,7.829239845,0.057640001,23.032720566,_;_;_;56;32;512
12,65,mh_fast,mh_attention_project_frag_c512,block25,896,32,917504,7.830719948,7.897920132,0.067199998,23.032720566,_;_;_;_;1792;0;50;30;56;4;0
12,66,mh,mh_shift_pack,block26,4480,256,1146880,7.900959969,7.954279900,0.053320002,23.032720566,_;_;50;30;56;40;0;4;512;0
12,67,deep_fast,split_mix_blocked_h16w,block26,1120,32,1146880,7.960879803,8.032119751,0.071240000,23.032720566,_;_;_;2240
12,68,deep_fast,split_ffn_fused_fp8_t8,block26,1120,128,1146880,8.035960197,8.101079941,0.065119997,23.032720566,_;_;_;_;2240
12,69,deep_fast,split_projection_frag,block26,1120,32,1146880,8.102560043,8.159879684,0.057319999,23.032720566,_;_;_;_;_;2240
12,70,mh_fast,mh_qkv_normalize_frag_c512,block26,3360,32,3440640,8.164159775,8.239800453,0.075640000,23.032720566,_;_;_;2240
12,71,mh_fused,mh_attention_fused_fp8_out,block26,560,128,560,8.241200447,8.303640366,0.062440000,23.032720566,_;_;_;56;40;512
12,72,mh_fast,mh_attention_project_frag_c512,block26,1120,32,1146880,8.305040359,8.372719765,0.067680001,23.032720566,_;_;_;_;2240;0;50;30;56;0;4
12,73,mh,mh_shift_pack,block27,3584,256,917504,8.375720024,8.428359985,0.052639998,23.032720566,_;_;50;30;56;32;0;0;512;0
12,74,deep_fast,split_mix_blocked_h16w,block27,896,32,917504,8.434559822,8.498120308,0.063560002,23.032720566,_;_;_;1792
12,75,deep_fast,split_ffn_fused_fp8_t8,block27,896,128,917504,8.501440048,8.564519882,0.063079998,23.032720566,_;_;_;_;1792
12,76,deep_fast,split_projection_frag,block27,896,32,917504,8.566080093,8.619199753,0.053119998,23.032720566,_;_;_;_;_;1792
12,77,mh_fast,mh_qkv_normalize_frag_c512,block27,2688,32,2752512,8.622960091,8.697440147,0.074479997,23.032720566,_;_;_;1792
12,78,mh_fused,mh_attention_fused_fp8_out,block27,448,128,448,8.698840141,8.761039734,0.062199999,23.032720566,_;_;_;56;32;512
12,79,mh_fast,mh_attention_project_frag_c512,block27,896,32,917504,8.762559891,8.830160141,0.067599997,23.032720566,_;_;_;_;1792;0;50;30;56;0;0
12,80,mh,mh_shift_pack,block28,4480,256,1146880,8.833160400,8.888919830,0.055760000,23.032720566,_;_;50;30;56;40;4;4;512;0
12,81,deep_fast,split_mix_blocked_h16w,block28,1120,32,1146880,8.896679878,8.964920044,0.068240002,23.032720566,_;_;_;2240
12,82,deep_fast,split_ffn_fused_fp8_t8,block28,1120,128,1146880,8.968720436,9.034239769,0.065520003,23.032720566,_;_;_;_;2240
12,83,deep_fast,split_projection_frag,block28,1120,32,1146880,9.035639763,9.093999863,0.058359999,23.032720566,_;_;_;_;_;2240
12,84,mh_fast,mh_qkv_normalize_frag_c512,block28,3360,32,3440640,9.098199844,9.175439835,0.077239998,23.032720566,_;_;_;2240
12,85,mh_fused,mh_attention_fused_fp8_out,block28,560,128,560,9.176799774,9.243000031,0.066200003,23.032720566,_;_;_;56;40;512
12,86,mh_fast,mh_attention_project_frag_c512,block28,1120,32,1146880,9.244400024,9.311960220,0.067560002,23.032720566,_;_;_;_;2240;0;50;30;56;4;4
12,87,mh,mh_shift_pack,block29,3584,256,917504,9.314999580,9.368439674,0.053440001,23.032720566,_;_;50;30;56;32;4;0;512;0
12,88,deep_fast,split_mix_blocked_h16w,block29,896,32,917504,9.375040054,9.440799713,0.065760002,23.032720566,_;_;_;1792
12,89,deep_fast,split_ffn_fused_fp8_t8,block29,896,128,917504,9.444080353,9.507040024,0.062959999,23.032720566,_;_;_;_;1792
12,90,deep_fast,split_projection_frag,block29,896,32,917504,9.508600235,9.561759949,0.053160001,23.032720566,_;_;_;_;_;1792
12,91,mh_fast,mh_qkv_normalize_frag_c512,block29,2688,32,2752512,9.565480232,9.640319824,0.074840002,23.032720566,_;_;_;1792
12,92,mh_fused,mh_attention_fused_fp8_out,block29,448,128,448,9.641719818,9.700119972,0.058400001,23.032720566,_;_;_;56;32;512
12,93,mh_fast,mh_attention_project_frag_c512,block29,896,32,917504,9.701600075,9.770680428,0.069080003,23.032720566,_;_;_;_;1792;0;50;30;56;4;0
12,94,mh,mh_shift_pack,block30,4480,256,1146880,9.773719788,9.828040123,0.054320000,23.032720566,_;_;50;30;56;40;0;4;512;0
12,95,deep_fast,split_mix_blocked_h16w,block30,1120,32,1146880,9.834639549,9.907360077,0.072719999,23.032720566,_;_;_;2240
12,96,deep_fast,split_ffn_fused_fp8_t8,block30,1120,128,1146880,9.911199570,9.976960182,0.065760002,23.032720566,_;_;_;_;2240
12,97,deep_fast,split_projection_frag,block30,1120,32,1146880,9.978440285,10.035639763,0.057200000,23.032720566,_;_;_;_;_;2240
12,98,mh_fast,mh_qkv_normalize_frag_c512,block30,3360,32,3440640,10.039919853,10.116239548,0.076320000,23.032720566,_;_;_;2240
12,99,mh_fused,mh_attention_fused_fp8_out,block30,560,128,560,10.117639542,10.180319786,0.062679999,23.032720566,_;_;_;56;40;512
12,100,mh_fast,mh_attention_project_frag_c512,block30,1120,32,1146880,10.181719780,10.248840332,0.067120001,23.032720566,_;_;_;_;2240;3;50;30;56;0;4
12,101,mh,mh_pool,head,800,256,204800,10.251839638,10.300880432,0.049040001,23.032720566,_;_;25;16;50;25;15;512
12,102,mh_fast,mh_pool_project_production_h16w,head,1600,32,409600,10.305680275,10.366519928,0.060839999,23.032720566,_;_;_;25;16;25;15;512
12,103,deep,vit_gather,block31,1600,256,409600,10.368760109,10.418880463,0.050120000,23.032720566,_;_;_;409600
12,104,deep_fast,vit_pack_input,block31,400,256,102400,10.424079895,10.445639610,0.021560000,23.032720566,_;_;409600
12,105,deep_fast,vit_expand_blocked_fp8_frag_bytein,block31,1600,32,1638400,10.450599670,10.500800133,0.050200000,23.032720566,_;_;_;400;1024;4096
12,106,deep_fast,vit_contract_blocked_fp8_frag,block31,400,32,409600,10.503040314,10.583479881,0.080440000,23.032720566,_;_;_;_;400;4096;1024
12,107,deep_fast,vit_qkv_project_normalize_fused_f16compact_fp8_frag,block31,2400,32,1228800,10.585680008,10.675600052,0.089919999,23.032720566,_;_;_;400
12,108,deep_fast,vit_attention_fused_400_bytein,block31,800,32,204800,10.677280426,10.749320030,0.072039999,23.032720566,_;_;400
12,109,deep_fast,vit_project_frag,block31,1600,32,409600,10.751560211,10.834560394,0.082999997,23.032720566,_;_;_;_;400;1024;1024
12,110,deep_fast,vit_pack_input,block32,400,256,102400,10.836799622,10.883279800,0.046480000,23.032720566,_;_;409600
12,111,deep_fast,vit_expand_blocked_fp8_frag_bytein,block32,1600,32,1638400,10.889240265,10.939080238,0.049840000,23.032720566,_;_;_;400;1024;4096
12,112,deep_fast,vit_contract_blocked_fp8_frag,block32,400,32,409600,10.941320419,11.019800186,0.078479998,23.032720566,_;_;_;_;400;4096;1024
12,113,deep_fast,vit_qkv_project_normalize_fused_f16compact_fp8_frag,block32,2400,32,1228800,11.022040367,11.110719681,0.088679999,23.032720566,_;_;_;400
12,114,deep_fast,vit_attention_fused_400_bytein,block32,800,32,204800,11.112440109,11.185640335,0.073200002,23.032720566,_;_;400
12,115,deep_fast,vit_project_frag,block32,1600,32,409600,11.187879562,11.271160126,0.083279997,23.032720566,_;_;_;_;400;1024;1024
12,116,deep_fast,vit_pack_input,block33,400,256,102400,11.273360252,11.319479942,0.046119999,23.032720566,_;_;409600
12,117,deep_fast,vit_expand_blocked_fp8_frag_bytein,block33,1600,32,1638400,11.325599670,11.375599861,0.050000001,23.032720566,_;_;_;400;1024;4096
12,118,deep_fast,vit_contract_blocked_fp8_frag,block33,400,32,409600,11.377880096,11.456119537,0.078240000,23.032720566,_;_;_;_;400;4096;1024
12,119,deep_fast,vit_qkv_project_normalize_fused_f16compact_fp8_frag,block33,2400,32,1228800,11.458359718,11.550640106,0.092280000,23.032720566,_;_;_;400
12,120,deep_fast,vit_attention_fused_400_bytein,block33,800,32,204800,11.552280426,11.622599602,0.070320003,23.032720566,_;_;400
12,121,deep_fast,vit_project_frag,block33,1600,32,409600,11.624799728,11.707759857,0.082960002,23.032720566,_;_;_;_;400;1024;1024
12,122,deep_fast,vit_pack_input,block34,400,256,102400,11.709959984,11.756959915,0.046999998,23.032720566,_;_;409600
12,123,deep_fast,vit_expand_blocked_fp8_frag_bytein,block34,1600,32,1638400,11.762800217,11.813079834,0.050280001,23.032720566,_;_;_;400;1024;4096
12,124,deep_fast,vit_contract_blocked_fp8_frag,block34,400,32,409600,11.815320015,11.893959999,0.078639999,23.032720566,_;_;_;_;400;4096;1024
12,125,deep_fast,vit_qkv_project_normalize_fused_f16compact_fp8_frag,block34,2400,32,1228800,11.896200180,11.985280037,0.089079998,23.032720566,_;_;_;400
12,126,deep_fast,vit_attention_fused_400_bytein,block34,800,32,204800,11.986960411,12.061079979,0.074120000,23.032720566,_;_;400
12,127,deep_fast,vit_project_frag,block34,1600,32,409600,12.063320160,12.147640228,0.084320001,23.032720566,_;_;_;_;400;1024;1024
12,128,deep_fast,vit_pack_input,block35,400,256,102400,12.149880409,12.197640419,0.047759999,23.032720566,_;_;409600
12,129,deep_fast,vit_expand_blocked_fp8_frag_bytein,block35,1600,32,1638400,12.203880310,12.253359795,0.049479999,23.032720566,_;_;_;400;1024;4096
12,130,deep_fast,vit_contract_blocked_fp8_frag,block35,400,32,409600,12.255599976,12.334360123,0.078759998,23.032720566,_;_;_;_;400;4096;1024
12,131,deep_fast,vit_qkv_project_normalize_fused_f16compact_fp8_frag,block35,2400,32,1228800,12.336640358,12.428279877,0.091640003,23.032720566,_;_;_;400
12,132,deep_fast,vit_attention_fused_400_bytein,block35,800,32,204800,12.430000305,12.500399590,0.070400000,23.032720566,_;_;400
12,133,deep_fast,vit_project_frag,block35,1600,32,409600,12.502599716,12.586199760,0.083600000,23.032720566,_;_;_;_;400;1024;1024
12,134,deep_fast,vit_pack_input,block36,400,256,102400,12.588399887,12.634880066,0.046480000,23.032720566,_;_;409600
12,135,deep_fast,vit_expand_blocked_fp8_frag_bytein,block36,1600,32,1638400,12.641079903,12.689319611,0.048239999,23.032720566,_;_;_;400;1024;4096
12,136,deep_fast,vit_contract_blocked_fp8_frag,block36,400,32,409600,12.691559792,12.770799637,0.079240002,23.032720566,_;_;_;_;400;4096;1024
12,137,deep_fast,vit_qkv_project_normalize_fused_f16compact_fp8_frag,block36,2400,32,1228800,12.773079872,12.859760284,0.086680003,23.032720566,_;_;_;400
12,138,deep_fast,vit_attention_fused_400_bytein,block36,800,32,204800,12.861399651,12.932239532,0.070840001,23.032720566,_;_;400
12,139,deep_fast,vit_project_frag,block36,1600,32,409600,12.934479713,13.017680168,0.083200000,23.032720566,_;_;_;_;400;1024;1024
12,140,deep_fast,vit_pack_input,block37,400,256,102400,13.019880295,13.066439629,0.046560001,23.032720566,_;_;409600
12,141,deep_fast,vit_expand_blocked_fp8_frag_bytein,block37,1600,32,1638400,13.072640419,13.121680260,0.049040001,23.032720566,_;_;_;400;1024;4096
12,142,deep_fast,vit_contract_blocked_fp8_frag,block37,400,32,409600,13.123959541,13.202639580,0.078680001,23.032720566,_;_;_;_;400;4096;1024
12,143,deep_fast,vit_qkv_project_normalize_fused_f16compact_fp8_frag,block37,2400,32,1228800,13.204919815,13.299759865,0.094839998,23.032720566,_;_;_;400
12,144,deep_fast,vit_attention_fused_400_bytein,block37,800,32,204800,13.301440239,13.372039795,0.070600003,23.032720566,_;_;400
12,145,deep_fast,vit_project_frag,block37,1600,32,409600,13.374320030,13.457960129,0.083640002,23.032720566,_;_;_;_;400;1024;1024
12,146,deep_fast,vit_pack_input,block38,400,256,102400,13.460160255,13.506799698,0.046640001,23.032720566,_;_;409600
12,147,deep_fast,vit_expand_blocked_fp8_frag_bytein,block38,1600,32,1638400,13.512999535,13.562279701,0.049279999,23.032720566,_;_;_;400;1024;4096
12,148,deep_fast,vit_contract_blocked_fp8_frag,block38,400,32,409600,13.564519882,13.643759727,0.079240002,23.032720566,_;_;_;_;400;4096;1024
12,149,deep_fast,vit_qkv_project_normalize_fused_f16compact_fp8_frag,block38,2400,32,1228800,13.646039963,13.734840393,0.088799998,23.032720566,_;_;_;400
12,150,deep_fast,vit_attention_fused_400_bytein,block38,800,32,204800,13.736519814,13.808600426,0.072080001,23.032720566,_;_;400
12,151,deep_fast,vit_project_frag,block38,1600,32,409600,13.810839653,13.894200325,0.083360001,23.032720566,_;_;_;_;400;1024;1024
12,152,deep,vit_gather,block39,1600,256,409600,13.896400452,13.945639610,0.049240001,23.032720566,_;_;_;409600
12,153,deep_fast,decoder_project2x_h16w,block39,800,32,204800,13.952520370,13.998840332,0.046319999,23.032720566,_;_;_;_;25;16;50;30;1024;512
12,154,mh,mh_shift_pack,block40,3584,256,917504,14.001799583,14.057279587,0.055480000,23.032720566,_;_;50;30;56;32;0;0;512;0
12,155,deep_fast,split_mix_blocked_h16w,block40,896,32,917504,14.064800262,14.127479553,0.062679999,23.032720566,_;_;_;1792
12,156,deep_fast,split_ffn_fused_fp8_t8,block40,896,128,917504,14.130840302,14.193400383,0.062560000,23.032720566,_;_;_;_;1792
12,157,deep_fast,split_projection_frag,block40,896,32,917504,14.194959641,14.249079704,0.054120000,23.032720566,_;_;_;_;_;1792
12,158,mh_fast,mh_qkv_normalize_frag_c512,block40,2688,32,2752512,14.252880096,14.325360298,0.072480001,23.032720566,_;_;_;1792
12,159,mh_fused,mh_attention_fused_fp8_out,block40,448,128,448,14.326760292,14.386079788,0.059319999,23.032720566,_;_;_;56;32;512
12,160,mh_fast,mh_attention_project_frag_c512,block40,896,32,917504,14.387519836,14.452879906,0.065360002,23.032720566,_;_;_;_;1792;0;50;30;56;0;0
12,161,mh,mh_shift_pack,block41,4480,256,1146880,14.455920219,14.510279655,0.054359999,23.032720566,_;_;50;30;56;40;4;4;512;0
12,162,deep_fast,split_mix_blocked_h16w,block41,1120,32,1146880,14.518199921,14.587479591,0.069279999,23.032720566,_;_;_;2240
12,163,deep_fast,split_ffn_fused_fp8_t8,block41,1120,128,1146880,14.591320038,14.657440186,0.066119999,23.032720566,_;_;_;_;2240
12,164,deep_fast,split_projection_frag,block41,1120,32,1146880,14.658920288,14.715640068,0.056720000,23.032720566,_;_;_;_;_;2240
12,165,mh_fast,mh_qkv_normalize_frag_c512,block41,3360,32,3440640,14.719880104,14.800160408,0.080279998,23.032720566,_;_;_;2240
12,166,mh_fused,mh_attention_fused_fp8_out,block41,560,128,560,14.801520348,14.863800049,0.062279999,23.032720566,_;_;_;56;40;512
12,167,mh_fast,mh_attention_project_frag_c512,block41,1120,32,1146880,14.865159988,14.933039665,0.067879997,23.032720566,_;_;_;_;2240;0;50;30;56;4;4
12,168,mh,mh_shift_pack,block44,3584,256,917504,14.936039925,14.988639832,0.052600000,23.032720566,_;_;50;30;56;32;0;0;512;0
12,169,deep_fast,split_mix_blocked_h16w,block44,896,32,917504,14.996359825,15.034359932,0.037999999,23.032720566,_;_;_;1792
12,170,deep_fast,split_ffn_fused_fp8_t8,block44,896,128,917504,15.037639618,15.100079536,0.062440000,23.032720566,_;_;_;_;1792
12,171,deep_fast,split_projection_frag,block44,896,32,917504,15.101599693,15.155480385,0.053879999,23.032720566,_;_;_;_;_;1792
12,172,mh_fast,mh_qkv_normalize_frag_c512,block44,2688,32,2752512,15.159279823,15.203920364,0.044640001,23.032720566,_;_;_;1792
12,173,mh_fused,mh_attention_fused_fp8_out,block44,448,128,448,15.205360413,15.236160278,0.030800000,23.032720566,_;_;_;56;32;512
12,174,mh_fast,mh_attention_project_frag_c512,block44,896,32,917504,15.237600327,15.273799896,0.036200002,23.032720566,_;_;_;_;1792;0;50;30;56;0;0
12,175,mh,mh_shift_pack,block45,4480,256,1146880,15.276760101,15.325880051,0.049120001,23.032720566,_;_;50;30;56;40;4;4;512;0
12,176,deep_fast,split_mix_blocked_h16w,block45,1120,32,1146880,15.332119942,15.378239632,0.046119999,23.032720566,_;_;_;2240
12,177,deep_fast,split_ffn_fused_fp8_t8,block45,1120,128,1146880,15.382120132,15.443519592,0.061400000,23.032720566,_;_;_;_;2240
12,178,deep_fast,split_projection_frag,block45,1120,32,1146880,15.445039749,15.500359535,0.055319998,23.032720566,_;_;_;_;_;2240
12,179,mh_fast,mh_qkv_normalize_frag_c512,block45,3360,32,3440640,15.504599571,15.578040123,0.073440000,23.032720566,_;_;_;2240
12,180,mh_fused,mh_attention_fused_fp8_out,block45,560,128,560,15.579440117,15.642560005,0.063120000,23.032720566,_;_;_;56;40;512
12,181,mh_fast,mh_attention_project_frag_c512,block45,1120,32,1146880,15.644000053,15.713080406,0.069080003,23.032720566,_;_;_;_;2240;0;50;30;56;4;4
12,182,mh,mh_shift_pack,block47,4480,256,1146880,15.716119766,15.771320343,0.055199999,23.032720566,_;_;50;30;56;40;0;4;512;0
12,183,deep_fast,split_mix_blocked_h16w,block47,1120,32,1146880,15.779199600,15.847599983,0.068400003,23.032720566,_;_;_;2240
12,184,deep_fast,split_ffn_fused_fp8_t8,block47,1120,128,1146880,15.851400375,15.917840004,0.066440001,23.032720566,_;_;_;_;2240
12,185,deep_fast,split_projection_frag,block47,1120,32,1146880,15.919320107,15.975480080,0.056159999,23.032720566,_;_;_;_;_;2240
12,186,mh_fast,mh_qkv_normalize_frag_c512,block47,3360,32,3440640,15.979760170,16.055759430,0.075999998,23.032720566,_;_;_;2240
12,187,mh_fused,mh_attention_fused_fp8_out,block47,560,128,560,16.058359146,16.093879700,0.035519999,23.032720566,_;_;_;56;40;512
12,188,mh_fast,mh_attention_project_frag_c512,block47,1120,32,1146880,16.095319748,16.159280777,0.063960001,23.032720566,_;_;_;_;2240;0;50;30;56;0;4
12,189,deep_fast,decoder_project2x_h16w_byteout,block48,1504,32,384000,16.162319183,16.256599426,0.094279997,23.032720566,_;_;_;_;50;30;100;60;512;256
12,190,mh_fast,mh_ffn_fused_c256_frag_project_mapped_g128_qkv_bytein_fb,block48,416,512,1703936,16.258640289,16.360960007,0.102320001,23.032720566,_;_;_;_;_;6656;100;60;104;0;0
12,191,mh_fused,c256_attention_project_fb_bout_diag,block48,104,512,104,16.362440109,16.453559875,0.091119997,23.032720566,_;_;_;_;104;64;0;100;60;0;0
12,192,mh_fast,mh_ffn_fused_c256_frag_project_mapped_g128_qkv_bytein_fb,block49,416,512,1703936,16.455200195,16.561439514,0.106239997,23.032720566,_;_;_;_;_;6656;100;60;104;4;4
12,193,mh_fused,c256_attention_project_fb_bout_diag,block49,104,512,104,16.562959671,16.644559860,0.081600003,23.032720566,_;_;_;_;104;64;4;100;60;4;4
12,194,mh_fast,mh_ffn_fused_c256_frag_project_mapped_g128_qkv_bytein_fb,block50,416,512,1703936,16.646240234,16.749599457,0.103359997,23.032720566,_;_;_;_;_;6656;100;60;104;4;0
12,195,mh_fused,c256_attention_project_fb_bout_diag,block50,104,512,104,16.751079559,16.833879471,0.082800001,23.032720566,_;_;_;_;104;64;4;100;60;4;0
12,196,mh_fast,mh_ffn_fused_c256_frag_project_mapped_g128_qkv_bytein_fb,block51,416,512,1703936,16.835519791,16.956079483,0.120559998,23.032720566,_;_;_;_;_;6656;100;60;104;0;4
12,197,mh_fused,c256_attention_project_fb_bout_diag,block51,104,512,104,16.957559586,17.041559219,0.083999999,23.032720566,_;_;_;_;104;64;4;100;60;0;4
12,198,mh_fast,mh_ffn_fused_c256_frag_project_mapped_g128_qkv_bytein_fb,block52,416,512,1703936,17.043279648,17.149879456,0.106600001,23.032720566,_;_;_;_;_;6656;100;60;104;0;0
12,199,mh_fused,c256_attention_project_fb_bout_diag,block52,104,512,104,17.151319504,17.237520218,0.086199999,23.032720566,_;_;_;_;104;64;4;100;60;0;0
12,200,mh_fast,mh_ffn_fused_c256_frag_project_mapped_g128_qkv_bytein_fb,block53,416,512,1703936,17.239160538,17.344320297,0.105159998,23.032720566,_;_;_;_;_;6656;100;60;104;4;4
12,201,mh_fused,c256_attention_project_fb_bout_diag,block53,104,512,104,17.345920563,17.428239822,0.082319997,23.032720566,_;_;_;_;104;64;4;100;60;4;4
12,202,mh_fast,mh_ffn_fused_c256_frag_project_mapped_g128_qkv_bytein_fb,block54,416,512,1703936,17.429960251,17.532760620,0.102799997,23.032720566,_;_;_;_;_;6656;100;60;104;4;0
12,203,mh_fused,c256_attention_project_fb_bout_diag,block54,104,512,104,17.534160614,17.615959167,0.081799999,23.032720566,_;_;_;_;104;64;4;100;60;4;0
12,204,mh_fast,mh_ffn_fused_c256_frag_project_mapped_g128_qkv_bytein_fb,block55,416,512,1703936,17.617639542,17.722799301,0.105159998,23.032720566,_;_;_;_;_;6656;100;60;104;0;4
12,205,mh_fused,c256_attention_project_fb_diag,block55,104,512,104,17.724359512,17.811040878,0.086680003,23.032720566,_;_;_;_;104;64;0;100;60;0;4
12,206,deep_fast,decoder_project2x_h16w_byteout,block56,3000,32,768000,17.813480377,17.909839630,0.096359998,23.032720566,_;_;_;_;100;60;200;120;256;128
12,207,mh_fast,mh_ffn_fused_c128_project_mapped_g128_qkv_bytein_fb,block56,1560,256,3194880,17.911760330,18.033000946,0.121239997,23.032720566,_;_;_;_;_;24960;200;120;208;4;0
12,208,mh_fused,c128_attention_project_fb_bout_diag,block56,390,512,390,18.034400940,18.126600266,0.092200004,23.032720566,_;_;_;_;208;120;4;200;120;4;0
12,209,mh_fast,mh_ffn_fused_c128_project_mapped_g128_qkv_bytein_fb,block57,1600,256,3276800,18.128040314,18.244119644,0.116080001,23.032720566,_;_;_;_;_;25600;200;120;200;0;4
12,210,mh_fused,c128_attention_project_fb_bout_diag,block57,400,512,400,18.251680374,18.339199066,0.087520003,23.032720566,_;_;_;_;200;128;4;200;120;0;4
12,211,mh_fast,mh_ffn_fused_c128_project_g128_qkv_bytein_fb,block58,1500,256,3072000,18.340599060,18.456880569,0.116279997,23.032720566,_;_;_;_;_;24000;200;120;200;0;0
12,212,mh_fused,c128_attention_project_fb_bout_diag,block58,375,512,375,18.458240509,18.540960312,0.082719997,23.032720566,_;_;_;_;200;120;4;0;0;0;0
12,213,mh_fast,mh_ffn_fused_c128_project_mapped_g128_qkv_bytein_fb,block59,1664,256,3407872,18.542400360,18.665479660,0.123080000,23.032720566,_;_;_;_;_;26624;200;120;208;4;4
12,214,mh_fused,c128_attention_project_fb_bout_diag,block59,416,512,416,18.668079376,18.768199921,0.100120001,23.032720566,_;_;_;_;208;128;4;200;120;4;4
12,215,mh_fast,mh_ffn_fused_c128_project_mapped_g128_qkv_bytein_fb,block60,1560,256,3194880,18.769680023,18.896919250,0.127240002,23.032720566,_;_;_;_;_;24960;200;120;208;4;0
12,216,mh_fused,c128_attention_project_fb_bout_diag,block60,390,512,390,18.898239136,18.989200592,0.090960003,23.032720566,_;_;_;_;208;120;4;200;120;4;0
12,217,mh_fast,mh_ffn_fused_c128_project_mapped_g128_qkv_bytein_fb,block61,1600,256,3276800,18.990680695,19.110519409,0.119840004,23.032720566,_;_;_;_;_;25600;200;120;200;0;4
12,218,mh_fused,c128_attention_project_fb_diag,block61,400,512,400,19.117359161,19.210559845,0.093199998,23.032720566,_;_;_;_;200;128;0;200;120;0;4
12,219,deep_fast,decoder_project2x_h16w_byteout,block62,6000,32,1536000,19.212240219,19.334560394,0.122319996,23.032720566,_;_;_;_;200;120;400;240;128;64
12,220,mh_fast,mh_ffn_fused_c64_project_g128_qkv_bytein_fb,block62,6000,128,6144000,19.336839676,19.480079651,0.143240005,23.032720566,_;_;_;_;_;96000;400;240;400;0;0
12,221,mh_fused,c64_attention_project_fb_bout_diag,block62,1500,256,1500,19.481479645,19.589000702,0.107519999,23.032720566,_;_;_;_;400;240;4;0;0;0;0
12,222,mh_fast,mh_ffn_fused_c64_project_mapped_g128_qkv_bytein_fb,block63,6324,128,6475776,19.590400696,19.756839752,0.166439995,23.032720566,_;_;_;_;_;101184;400;240;408;4;4
12,223,mh_fused,c64_attention_project_fb_bout_diag,block63,1581,256,1581,19.758239746,19.888000488,0.129759997,23.032720566,_;_;_;_;408;248;4;400;240;4;4
12,224,mh_fast,mh_ffn_fused_c64_project_mapped_g128_qkv_bytein_fb,block64,6120,128,6266880,19.889440536,20.050760269,0.161320001,23.032720566,_;_;_;_;_;97920;400;240;408;4;0
12,225,mh_fused,c64_attention_project_fb_bout_diag,block64,1530,256,1530,20.052160263,20.177320480,0.125159994,23.032720566,_;_;_;_;408;240;4;400;240;4;0
12,226,mh_fast,mh_ffn_fused_c64_project_mapped_g128_qkv_bytein_fb,block65,6200,128,6348800,20.178840637,20.342239380,0.163399994,23.032720566,_;_;_;_;_;99200;400;240;400;0;4
12,227,mh_fused,c64_attention_project_fb_diag,block65,1550,256,1550,20.343639374,20.475120544,0.131479993,23.032720566,_;_;_;_;400;248;0;400;240;0;4
12,228,deep_fast,decoder_project2x_h16w,block69,12000,32,3072000,20.476720810,20.711839676,0.235119998,23.032720566,_;_;_;_;400;240;800;480;64;32
12,229,c32_fused_ffn,c32_fast_ffn_attention_fused_half_mapped,block69,6000,128,6000,20.714920044,21.016019821,0.301099986,23.032720566,_;_;_;_;6000;0;1;800;480;0;0
12,230,c32_fused_ffn,c32_fast_ffn_attention_fused_half_chain,block69,6161,128,6161,21.017419815,21.303819656,0.286399990,23.032720566,_;_;_;_;6161;3;1;800;480;4;4;800;0;0
12,231,c32_fused_ffn,c32_fast_ffn_attention_fused_half_chain,block69,6060,128,6060,21.305419922,21.588920593,0.283499986,23.032720566,_;_;_;_;6060;3;1;800;480;4;0;808;4;4
12,232,c32_fused_ffn,c32_fast_ffn_attention_fused_half_chain_finish,block69,6100,128,6100,21.590520859,21.895719528,0.305200011,23.032720566,_;_;_;_;_;6100;3;1;800;480;0;4;808;4;0
12,233,c32_fused_ffn,c32_post_merge_head_half,block70,24321,128,24321,21.897279739,23.003320694,1.106040001,23.032720566,_;_;_;_;_;_;_;_;24321;1600;960;4;4;_
13,0,c32_fused_ffn,c32_fast_ffn_attention_fused_half_prefix_finish_main8,pre-down,24000,128,24000,0.005880000,1.109799981,1.103919983,22.969039917,_;_;_;_;_;_;24000;0;1;1600;960;0;0
13,1,c32_fused_ffn,c32_fast_ffn_attention_fused_half_mapped,block4,6000,128,6000,1.111359954,1.421560049,0.310200006,22.969039917,_;_;_;_;6000;0;1;800;480;0;0
13,2,c32_fused_ffn,c32_fast_ffn_attention_fused_half_chain,block4,6161,128,6161,1.423040032,1.723000050,0.299959987,22.969039917,_;_;_;_;6161;3;1;800;480;4;4;800;0;0
13,3,c32_fused_ffn,c32_fast_ffn_attention_fused_half_chain,block4,6060,128,6060,1.724560022,2.017839909,0.293280005,22.969039917,_;_;_;_;6060;3;1;800;480;4;0;808;4;4
13,4,c32_fused_ffn,c32_fast_ffn_attention_fused_half_chain_finish_dcrop,block4,6100,128,6100,2.019439936,2.348560095,0.329120010,22.969039917,_;_;_;_;_;6100;3;1;800;480;0;4;808;4;0
13,5,mh_fast,mh_pool_project_production_h16w,block5,24000,32,6144000,2.350199938,2.435920000,0.085720003,22.969039917,_;_;_;400;240;0;0;32
13,6,mh_fast,mh_ffn_fused_c64_project_g128_qkv_fb,block5,6000,128,6144000,2.444319963,2.583120108,0.138799995,22.969039917,_;_;_;_;_;96000;400;240;400;0;0
13,7,mh_fused,c64_attention_project_fb_bout_diag,block5,1500,256,1500,2.584559917,2.693799973,0.109240003,22.969039917,_;_;_;_;400;240;4;0;0;0;0
13,8,mh_fast,mh_ffn_fused_c64_project_mapped_g128_qkv_bytein_fb,block6,6324,128,6475776,2.695159912,2.861799955,0.166639999,22.969039917,_;_;_;_;_;101184;400;240;408;4;4
13,9,mh_fused,c64_attention_project_fb_bout_diag,block6,1581,256,1581,2.863199949,2.989599943,0.126399994,22.969039917,_;_;_;_;408;248;4;400;240;4;4
13,10,mh_fast,mh_ffn_fused_c64_project_mapped_g128_qkv_bytein_fb,block7,6120,128,6266880,2.991039991,3.153559923,0.162520006,22.969039917,_;_;_;_;_;97920;400;240;408;4;0
13,11,mh_fused,c64_attention_project_fb_bout_diag,block7,1530,256,1530,3.154959917,3.276799917,0.121840000,22.969039917,_;_;_;_;408;240;4;400;240;4;0
13,12,mh_fast,mh_ffn_fused_c64_project_mapped_g128_qkv_bytein_fb,block8,6200,128,6348800,3.278239965,3.442399979,0.164159998,22.969039917,_;_;_;_;_;99200;400;240;400;0;4
13,13,mh_fused,c64_attention_project_fb_diag,block8,1550,256,1550,3.443720102,3.568320036,0.124600001,22.969039917,_;_;_;_;400;248;3;400;240;0;4
13,14,mh_fast,mh_pool_project_group_c64,block9,1500,64,3072000,3.569920063,3.647039890,0.077119999,22.969039917,_;_;_;200;120;400;0;0
13,15,mh_fast,mh_ffn_fused_c128_project_g128_qkv_fb,block9,1500,256,3072000,3.651520014,3.800080061,0.148560002,22.969039917,_;_;_;_;_;24000;200;120;200;0;0
13,16,mh_fused,c128_attention_project_fb_bout_diag,block9,375,512,375,3.801480055,3.884759903,0.083279997,22.969039917,_;_;_;_;200;120;4;0;0;0;0
13,17,mh_fast,mh_ffn_fused_c128_project_mapped_g128_qkv_bytein_fb,block10,1664,256,3407872,3.886199951,4.010920048,0.124720000,22.969039917,_;_;_;_;_;26624;200;120;208;4;4
13,18,mh_fused,c128_attention_project_fb_bout_diag,block10,416,512,416,4.019159794,4.106400013,0.087240003,22.969039917,_;_;_;_;208;128;4;200;120;4;4
13,19,mh_fast,mh_ffn_fused_c128_project_mapped_g128_qkv_bytein_fb,block11,1560,256,3194880,4.107840061,4.236839771,0.128999993,22.969039917,_;_;_;_;_;24960;200;120;208;4;0
13,20,mh_fused,c128_attention_project_fb_bout_diag,block11,390,512,390,4.238239765,4.332719803,0.094480000,22.969039917,_;_;_;_;208;120;4;200;120;4;0
13,21,mh_fast,mh_ffn_fused_c128_project_mapped_g128_qkv_bytein_fb,block12,1600,256,3276800,4.334199905,4.455239773,0.121040002,22.969039917,_;_;_;_;_;25600;200;120;200;0;4
13,22,mh_fused,c128_attention_project_fb_bout_diag,block12,400,512,400,4.463079929,4.548880100,0.085800000,22.969039917,_;_;_;_;200;128;4;200;120;0;4
13,23,mh_fast,mh_ffn_fused_c128_project_g128_qkv_bytein_fb,block13,1500,256,3072000,4.550320148,4.669919968,0.119599998,22.969039917,_;_;_;_;_;24000;200;120;200;0;0
13,24,mh_fused,c128_attention_project_fb_bout_diag,block13,375,512,375,4.671239853,4.755640030,0.084399998,22.969039917,_;_;_;_;200;120;4;0;0;0;0
13,25,mh_fast,mh_ffn_fused_c128_project_mapped_g128_qkv_bytein_fb,block14,1664,256,3407872,4.757120132,4.884079933,0.126959994,22.969039917,_;_;_;_;_;26624;200;120;208;4;4
13,26,mh_fused,c128_attention_project_fb_diag,block14,416,512,416,4.892399788,4.980160236,0.087760001,22.969039917,_;_;_;_;208;128;3;200;120;4;4
13,27,mh_fast,mh_pool_project_group_c128,block15,375,128,1536000,4.981840134,5.043320179,0.061480001,22.969039917,_;_;_;100;60;200;0;0
13,28,mh_fast,mh_ffn_fused_c256_frag_project_mapped_g128_qkv_fb,block15,416,512,1703936,5.047880173,5.155200005,0.107320003,22.969039917,_;_;_;_;_;6656;100;60;104;0;0
13,29,mh_fused,c256_attention_project_fb_bout_diag,block15,104,512,104,5.156680107,5.237319946,0.080640003,22.969039917,_;_;_;_;104;64;4;100;60;0;0
13,30,mh_fast,mh_ffn_fused_c256_frag_project_mapped_g128_qkv_bytein_fb,block16,416,512,1703936,5.238959789,5.324800014,0.085840002,22.969039917,_;_;_;_;_;6656;100;60;104;4;4
13,31,mh_fused,c256_attention_project_fb_bout_diag,block16,104,512,104,5.326360226,5.384880066,0.058520000,22.969039917,_;_;_;_;104;64;4;100;60;4;4
13,32,mh_fast,mh_ffn_fused_c256_frag_project_mapped_g128_qkv_bytein_fb,block17,416,512,1703936,5.386559963,5.489759922,0.103200004,22.969039917,_;_;_;_;_;6656;100;60;104;4;0
13,33,mh_fused,c256_attention_project_fb_bout_diag,block17,104,512,104,5.491119862,5.574679852,0.083559997,22.969039917,_;_;_;_;104;64;4;100;60;4;0
13,34,mh_fast,mh_ffn_fused_c256_frag_project_mapped_g128_qkv_bytein_fb,block18,416,512,1703936,5.576320171,5.682919979,0.106600001,22.969039917,_;_;_;_;_;6656;100;60;104;0;4
13,35,mh_fused,c256_attention_project_fb_bout_diag,block18,104,512,104,5.684440136,5.766560078,0.082120001,22.969039917,_;_;_;_;104;64;4;100;60;0;4
13,36,mh_fast,mh_ffn_fused_c256_frag_project_mapped_g128_qkv_bytein_fb,block19,416,512,1703936,5.768280029,5.873799801,0.105520003,22.969039917,_;_;_;_;_;6656;100;60;104;0;0
13,37,mh_fused,c256_attention_project_fb_bout_diag,block19,104,512,104,5.875199795,5.956880093,0.081680000,22.969039917,_;_;_;_;104;64;4;100;60;0;0
13,38,mh_fast,mh_ffn_fused_c256_frag_project_mapped_g128_qkv_bytein_fb,block20,416,512,1703936,5.958600044,6.061639786,0.103040002,22.969039917,_;_;_;_;_;6656;100;60;104;4;4
13,39,mh_fused,c256_attention_project_fb_bout_diag,block20,104,512,104,6.063159943,6.145760059,0.082599998,22.969039917,_;_;_;_;104;64;4;100;60;4;4
13,40,mh_fast,mh_ffn_fused_c256_frag_project_mapped_g128_qkv_bytein_fb,block21,416,512,1703936,6.147480011,6.248559952,0.101080000,22.969039917,_;_;_;_;_;6656;100;60;104;4;0
13,41,mh_fused,c256_attention_project_fb_bout_diag,block21,104,512,104,6.251239777,6.335800171,0.084559999,22.969039917,_;_;_;_;104;64;4;100;60;4;0
13,42,mh_fast,mh_ffn_fused_c256_frag_project_mapped_g128_qkv_bytein_fb,block22,416,512,1703936,6.337480068,6.440559864,0.103079997,22.969039917,_;_;_;_;_;6656;100;60;104;0;4
13,43,mh_fused,c256_attention_project_fb_diag,block22,104,512,104,6.442160130,6.525320053,0.083159998,22.969039917,_;_;_;_;104;64;3;100;60;0;4
13,44,mh_fast,mh_pool_project_group_c256,block23,94,256,768000,6.527999878,6.587440014,0.059440002,22.969039917,_;_;_;50;30;100;0;0
13,45,mh,mh_shift_pack,block23,3584,256,917504,6.590439796,6.643159866,0.052719999,22.969039917,_;_;50;30;56;32;0;0;512;0
13,46,deep_fast,split_mix_blocked_h16w,block23,896,32,917504,6.650680065,6.709720135,0.059039999,22.969039917,_;_;_;1792
13,47,deep_fast,split_ffn_fused_fp8_t8,block23,896,128,917504,6.712999821,6.775199890,0.062199999,22.969039917,_;_;_;_;1792
13,48,deep_fast,split_projection_frag,block23,896,32,917504,6.776760101,6.831079960,0.054320000,22.969039917,_;_;_;_;_;1792
13,49,mh_fast,mh_qkv_normalize_frag_c512,block23,2688,32,2752512,6.834879875,6.908880234,0.074000001,22.969039917,_;_;_;1792
13,50,mh_fused,mh_attention_fused_fp8_out,block23,448,128,448,6.910280228,6.968760014,0.058479998,22.969039917,_;_;_;56;32;512
13,51,mh_fast,mh_attention_project_frag_c512,block23,896,32,917504,6.970240116,7.033959866,0.063720003,22.969039917,_;_;_;_;1792;0;50;30;56;0;0
13,52,mh,mh_shift_pack,block24,4480,256,1146880,7.036920071,7.138679981,0.101760000,22.969039917,_;_;50;30;56;40;4;4;512;0
13,53,deep_fast,split_mix_blocked_h16w,block24,1120,32,1146880,7.145199776,7.192679882,0.047479998,22.969039917,_;_;_;2240
13,54,deep_fast,split_ffn_fused_fp8_t8,block24,1120,128,1146880,7.196479797,7.257599831,0.061120000,22.969039917,_;_;_;_;2240
13,55,deep_fast,split_projection_frag,block24,1120,32,1146880,7.259039879,7.316319942,0.057280000,22.969039917,_;_;_;_;_;2240
13,56,mh_fast,mh_qkv_normalize_frag_c512,block24,3360,32,3440640,7.320640087,7.391200066,0.070560001,22.969039917,_;_;_;2240
13,57,mh_fused,mh_attention_fused_fp8_out,block24,560,128,560,7.393760204,7.428719997,0.034960002,22.969039917,_;_;_;56;40;512
13,58,mh_fast,mh_attention_project_frag_c512,block24,1120,32,1146880,7.430079937,7.492839813,0.062760003,22.969039917,_;_;_;_;2240;0;50;30;56;4;4
13,59,mh,mh_shift_pack,block25,3584,256,917504,7.495880127,7.549560070,0.053679999,22.969039917,_;_;50;30;56;32;4;0;512;0
13,60,deep_fast,split_mix_blocked_h16w,block25,896,32,917504,7.557040215,7.616159916,0.059119999,22.969039917,_;_;_;1792
13,61,deep_fast,split_ffn_fused_fp8_t8,block25,896,128,917504,7.619400024,7.682839870,0.063440003,22.969039917,_;_;_;_;1792
13,62,deep_fast,split_projection_frag,block25,896,32,917504,7.684360027,7.740479946,0.056120001,22.969039917,_;_;_;_;_;1792
13,63,mh_fast,mh_qkv_normalize_frag_c512,block25,2688,32,2752512,7.744200230,7.815519810,0.071319997,22.969039917,_;_;_;1792
13,64,mh_fused,mh_attention_fused_fp8_out,block25,448,128,448,7.816919804,7.875520229,0.058600001,22.969039917,_;_;_;56;32;512
13,65,mh_fast,mh_attention_project_frag_c512,block25,896,32,917504,7.877039909,7.940199852,0.063160002,22.969039917,_;_;_;_;1792;0;50;30;56;4;0
13,66,mh,mh_shift_pack,block26,4480,256,1146880,7.943160057,7.996759892,0.053599998,22.969039917,_;_;50;30;56;40;0;4;512;0
13,67,deep_fast,split_mix_blocked_h16w,block26,1120,32,1146880,8.003239632,8.071720123,0.068480000,22.969039917,_;_;_;2240
13,68,deep_fast,split_ffn_fused_fp8_t8,block26,1120,128,1146880,8.075559616,8.141240120,0.065679997,22.969039917,_;_;_;_;2240
13,69,deep_fast,split_projection_frag,block26,1120,32,1146880,8.142720222,8.199959755,0.057240002,22.969039917,_;_;_;_;_;2240
13,70,mh_fast,mh_qkv_normalize_frag_c512,block26,3360,32,3440640,8.204319954,8.281439781,0.077119999,22.969039917,_;_;_;2240
13,71,mh_fused,mh_attention_fused_fp8_out,block26,560,128,560,8.282839775,8.345720291,0.062880002,22.969039917,_;_;_;56;40;512
13,72,mh_fast,mh_attention_project_frag_c512,block26,1120,32,1146880,8.347120285,8.415120125,0.068000004,22.969039917,_;_;_;_;2240;0;50;30;56;0;4
13,73,mh,mh_shift_pack,block27,3584,256,917504,8.418120384,8.470800400,0.052680001,22.969039917,_;_;50;30;56;32;0;0;512;0
13,74,deep_fast,split_mix_blocked_h16w,block27,896,32,917504,8.478400230,8.538399696,0.059999999,22.969039917,_;_;_;1792
13,75,deep_fast,split_ffn_fused_fp8_t8,block27,896,128,917504,8.541680336,8.604359627,0.062679999,22.969039917,_;_;_;_;1792
13,76,deep_fast,split_projection_frag,block27,896,32,917504,8.605919838,8.661520004,0.055599999,22.969039917,_;_;_;_;_;1792
13,77,mh_fast,mh_qkv_normalize_frag_c512,block27,2688,32,2752512,8.665320396,8.738160133,0.072839998,22.969039917,_;_;_;1792
13,78,mh_fused,mh_attention_fused_fp8_out,block27,448,128,448,8.739520073,8.798600197,0.059080001,22.969039917,_;_;_;56;32;512
13,79,mh_fast,mh_attention_project_frag_c512,block27,896,32,917504,8.800080299,8.859279633,0.059200000,22.969039917,_;_;_;_;1792;0;50;30;56;0;0
13,80,mh,mh_shift_pack,block28,4480,256,1146880,8.862239838,8.915679932,0.053440001,22.969039917,_;_;50;30;56;40;4;4;512;0
13,81,deep_fast,split_mix_blocked_h16w,block28,1120,32,1146880,8.922160149,8.993040085,0.070880003,22.969039917,_;_;_;2240
13,82,deep_fast,split_ffn_fused_fp8_t8,block28,1120,128,1146880,8.996879578,9.062640190,0.065760002,22.969039917,_;_;_;_;2240
13,83,deep_fast,split_projection_frag,block28,1120,32,1146880,9.064120293,9.121239662,0.057119999,22.969039917,_;_;_;_;_;2240
13,84,mh_fast,mh_qkv_normalize_frag_c512,block28,3360,32,3440640,9.125439644,9.200480461,0.075039998,22.969039917,_;_;_;2240
13,85,mh_fused,mh_attention_fused_fp8_out,block28,560,128,560,9.203160286,9.238160133,0.035000000,22.969039917,_;_;_;56;40;512
13,86,mh_fast,mh_attention_project_frag_c512,block28,1120,32,1146880,9.239560127,9.306159973,0.066600002,22.969039917,_;_;_;_;2240;0;50;30;56;4;4
13,87,mh,mh_shift_pack,block29,3584,256,917504,9.309200287,9.362360001,0.053160001,22.969039917,_;_;50;30;56;32;4;0;512;0
13,88,deep_fast,split_mix_blocked_h16w,block29,896,32,917504,9.368840218,9.410679817,0.041839998,22.969039917,_;_;_;1792
13,89,deep_fast,split_ffn_fused_fp8_t8,block29,896,128,917504,9.413960457,9.471599579,0.057640001,22.969039917,_;_;_;_;1792
13,90,deep_fast,split_projection_frag,block29,896,32,917504,9.473159790,9.526519775,0.053360000,22.969039917,_;_;_;_;_;1792
13,91,mh_fast,mh_qkv_normalize_frag_c512,block29,2688,32,2752512,9.530280113,9.602600098,0.072319999,22.969039917,_;_;_;1792
13,92,mh_fused,mh_attention_fused_fp8_out,block29,448,128,448,9.604040146,9.662599564,0.058559999,22.969039917,_;_;_;56;32;512
13,93,mh_fast,mh_attention_project_frag_c512,block29,896,32,917504,9.664119720,9.729040146,0.064920001,22.969039917,_;_;_;_;1792;0;50;30;56;4;0
13,94,mh,mh_shift_pack,block30,4480,256,1146880,9.732080460,9.788640022,0.056559999,22.969039917,_;_;50;30;56;40;0;4;512;0
13,95,deep_fast,split_mix_blocked_h16w,block30,1120,32,1146880,9.795120239,9.843480110,0.048360001,22.969039917,_;_;_;2240
13,96,deep_fast,split_ffn_fused_fp8_t8,block30,1120,128,1146880,9.847319603,9.914520264,0.067199998,22.969039917,_;_;_;_;2240
13,97,deep_fast,split_projection_frag,block30,1120,32,1146880,9.916000366,9.973199844,0.057200000,22.969039917,_;_;_;_;_;2240
13,98,mh_fast,mh_qkv_normalize_frag_c512,block30,3360,32,3440640,9.977479935,10.052599907,0.075120002,22.969039917,_;_;_;2240
13,99,mh_fused,mh_attention_fused_fp8_out,block30,560,128,560,10.055239677,10.090640068,0.035399999,22.969039917,_;_;_;56;40;512
13,100,mh_fast,mh_attention_project_frag_c512,block30,1120,32,1146880,10.092080116,10.153840065,0.061760001,22.969039917,_;_;_;_;2240;3;50;30;56;0;4
13,101,mh,mh_pool,head,800,256,204800,10.156880379,10.205679893,0.048799999,22.969039917,_;_;25;16;50;25;15;512
13,102,mh_fast,mh_pool_project_production_h16w,head,1600,32,409600,10.210720062,10.293640137,0.082920000,22.969039917,_;_;_;25;16;25;15;512
13,103,deep,vit_gather,block31,1600,256,409600,10.295880318,10.345999718,0.050120000,22.969039917,_;_;_;409600
13,104,deep_fast,vit_pack_input,block31,400,256,102400,10.351320267,10.402640343,0.051320001,22.969039917,_;_;409600
13,105,deep_fast,vit_expand_blocked_fp8_frag_bytein,block31,1600,32,1638400,10.407480240,10.458000183,0.050519999,22.969039917,_;_;_;400;1024;4096
13,106,deep_fast,vit_contract_blocked_fp8_frag,block31,400,32,409600,10.460240364,10.539159775,0.078919999,22.969039917,_;_;_;_;400;4096;1024
13,107,deep_fast,vit_qkv_project_normalize_fused_f16compact_fp8_frag,block31,2400,32,1228800,10.541399956,10.629839897,0.088440001,22.969039917,_;_;_;400
13,108,deep_fast,vit_attention_fused_400_bytein,block31,800,32,204800,10.631520271,10.698240280,0.066720001,22.969039917,_;_;400
13,109,deep_fast,vit_project_frag,block31,1600,32,409600,10.700480461,10.781880379,0.081400000,22.969039917,_;_;_;_;400;1024;1024
13,110,deep_fast,vit_pack_input,block32,400,256,102400,10.784079552,10.805879593,0.021800000,22.969039917,_;_;409600
13,111,deep_fast,vit_expand_blocked_fp8_frag_bytein,block32,1600,32,1638400,10.810759544,10.963760376,0.152999997,22.969039917,_;_;_;400;1024;4096
13,112,deep_fast,vit_contract_blocked_fp8_frag,block32,400,32,409600,10.965999603,11.045080185,0.079080001,22.969039917,_;_;_;_;400;4096;1024
13,113,deep_fast,vit_qkv_project_normalize_fused_f16compact_fp8_frag,block32,2400,32,1228800,11.047280312,11.137920380,0.090640001,22.969039917,_;_;_;400
13,114,deep_fast,vit_attention_fused_400_bytein,block32,800,32,204800,11.139599800,11.211000443,0.071400002,22.969039917,_;_;400
13,115,deep_fast,vit_project_frag,block32,1600,32,409600,11.213279724,11.299599648,0.086319998,22.969039917,_;_;_;_;400;1024;1024
13,116,deep_fast,vit_pack_input,block33,400,256,102400,11.301799774,11.350919724,0.049120001,22.969039917,_;_;409600
13,117,deep_fast,vit_expand_blocked_fp8_frag_bytein,block33,1600,32,1638400,11.355839729,11.406959534,0.051120002,22.969039917,_;_;_;400;1024;4096
13,118,deep_fast,vit_contract_blocked_fp8_frag,block33,400,32,409600,11.409239769,11.487919807,0.078680001,22.969039917,_;_;_;_;400;4096;1024
13,119,deep_fast,vit_qkv_project_normalize_fused_f16compact_fp8_frag,block33,2400,32,1228800,11.490159988,11.583479881,0.093319997,22.969039917,_;_;_;400
13,120,deep_fast,vit_attention_fused_400_bytein,block33,800,32,204800,11.585200310,11.656840324,0.071640000,22.969039917,_;_;400
13,121,deep_fast,vit_project_frag,block33,1600,32,409600,11.659079552,11.721599579,0.062519997,22.969039917,_;_;_;_;400;1024;1024
13,122,deep_fast,vit_pack_input,block34,400,256,102400,11.723799706,11.769920349,0.046119999,22.969039917,_;_;409600
13,123,deep_fast,vit_expand_blocked_fp8_frag_bytein,block34,1600,32,1638400,11.774760246,11.851559639,0.076800004,22.969039917,_;_;_;400;1024;4096
13,124,deep_fast,vit_contract_blocked_fp8_frag,block34,400,32,409600,11.853839874,11.933039665,0.079200000,22.969039917,_;_;_;_;400;4096;1024
13,125,deep_fast,vit_qkv_project_normalize_fused_f16compact_fp8_frag,block34,2400,32,1228800,11.935319901,12.024920464,0.089599997,22.969039917,_;_;_;400
13,126,deep_fast,vit_attention_fused_400_bytein,block34,800,32,204800,12.026639938,12.100359917,0.073720001,22.969039917,_;_;400
13,127,deep_fast,vit_project_frag,block34,1600,32,409600,12.102600098,12.185839653,0.083240002,22.969039917,_;_;_;_;400;1024;1024
13,128,deep_fast,vit_pack_input,block35,400,256,102400,12.188039780,12.215239525,0.027200000,22.969039917,_;_;409600
13,129,deep_fast,vit_expand_blocked_fp8_frag_bytein,block35,1600,32,1638400,12.220120430,12.270279884,0.050159998,22.969039917,_;_;_;400;1024;4096
13,130,deep_fast,vit_contract_blocked_fp8_frag,block35,400,32,409600,12.272560120,12.355560303,0.082999997,22.969039917,_;_;_;_;400;4096;1024
13,131,deep_fast,vit_qkv_project_normalize_fused_f16compact_fp8_frag,block35,2400,32,1228800,12.357799530,12.447199821,0.089400001,22.969039917,_;_;_;400
13,132,deep_fast,vit_attention_fused_400_bytein,block35,800,32,204800,12.448920250,12.521200180,0.072279997,22.969039917,_;_;400
13,133,deep_fast,vit_project_frag,block35,1600,32,409600,12.523440361,12.607959747,0.084519997,22.969039917,_;_;_;_;400;1024;1024
13,134,deep_fast,vit_pack_input,block36,400,256,102400,12.610119820,12.656479836,0.046360001,22.969039917,_;_;409600
13,135,deep_fast,vit_expand_blocked_fp8_frag_bytein,block36,1600,32,1638400,12.661319733,12.711999893,0.050680000,22.969039917,_;_;_;400;1024;4096
13,136,deep_fast,vit_contract_blocked_fp8_frag,block36,400,32,409600,12.714280128,12.793519974,0.079240002,22.969039917,_;_;_;_;400;4096;1024
13,137,deep_fast,vit_qkv_project_normalize_fused_f16compact_fp8_frag,block36,2400,32,1228800,12.795760155,12.887680054,0.091920003,22.969039917,_;_;_;400
13,138,deep_fast,vit_attention_fused_400_bytein,block36,800,32,204800,12.889399529,12.962120056,0.072719999,22.969039917,_;_;400
13,139,deep_fast,vit_project_frag,block36,1600,32,409600,12.964360237,13.048159599,0.083800003,22.969039917,_;_;_;_;400;1024;1024
13,140,deep_fast,vit_pack_input,block37,400,256,102400,13.050359726,13.097319603,0.046960000,22.969039917,_;_;409600
13,141,deep_fast,vit_expand_blocked_fp8_frag_bytein,block37,1600,32,1638400,13.102239609,13.153400421,0.051160000,22.969039917,_;_;_;400;1024;4096
13,142,deep_fast,vit_contract_blocked_fp8_frag,block37,400,32,409600,13.155639648,13.235159874,0.079520002,22.969039917,_;_;_;_;400;4096;1024
13,143,deep_fast,vit_qkv_project_normalize_fused_f16compact_fp8_frag,block37,2400,32,1228800,13.237400055,13.330200195,0.092799999,22.969039917,_;_;_;400
13,144,deep_fast,vit_attention_fused_400_bytein,block37,800,32,204800,13.331919670,13.403639793,0.071719997,22.969039917,_;_;400
13,145,deep_fast,vit_project_frag,block37,1600,32,409600,13.405879974,13.488639832,0.082759999,22.969039917,_;_;_;_;400;1024;1024
13,146,deep_fast,vit_pack_input,block38,400,256,102400,13.490839958,13.539719582,0.048880000,22.969039917,_;_;409600
13,147,deep_fast,vit_expand_blocked_fp8_frag_bytein,block38,1600,32,1638400,13.544560432,13.595640182,0.051080000,22.969039917,_;_;_;400;1024;4096
13,148,deep_fast,vit_contract_blocked_fp8_frag,block38,400,32,409600,13.597880363,13.676959991,0.079080001,22.969039917,_;_;_;_;400;4096;1024
13,149,deep_fast,vit_qkv_project_normalize_fused_f16compact_fp8_frag,block38,2400,32,1228800,13.679200172,13.766920090,0.087719999,22.969039917,_;_;_;400
13,150,deep_fast,vit_attention_fused_400_bytein,block38,800,32,204800,13.768560410,13.838399887,0.069839999,22.969039917,_;_;400
13,151,deep_fast,vit_project_frag,block38,1600,32,409600,13.840640068,13.924559593,0.083920002,22.969039917,_;_;_;_;400;1024;1024
13,152,deep,vit_gather,block39,1600,256,409600,13.926799774,13.975879669,0.049079999,22.969039917,_;_;_;409600
13,153,deep_fast,decoder_project2x_h16w,block39,800,32,204800,13.981080055,14.029800415,0.048719998,22.969039917,_;_;_;_;25;16;50;30;1024;512
13,154,mh,mh_shift_pack,block40,3584,256,917504,14.032759666,14.083600044,0.050840002,22.969039917,_;_;50;30;56;32;0;0;512;0
13,155,deep_fast,split_mix_blocked_h16w,block40,896,32,917504,14.090080261,14.151519775,0.061439998,22.969039917,_;_;_;1792
13,156,deep_fast,split_ffn_fused_fp8_t8,block40,896,128,917504,14.154840469,14.217399597,0.062560000,22.969039917,_;_;_;_;1792
13,157,deep_fast,split_projection_frag,block40,896,32,917504,14.218919754,14.274840355,0.055920001,22.969039917,_;_;_;_;_;1792
13,158,mh_fast,mh_qkv_normalize_frag_c512,block40,2688,32,2752512,14.278679848,14.350520134,0.071840003,22.969039917,_;_;_;1792
13,159,mh_fused,mh_attention_fused_fp8_out,block40,448,128,448,14.351880074,14.411199570,0.059319999,22.969039917,_;_;_;56;32;512
13,160,mh_fast,mh_attention_project_frag_c512,block40,896,32,917504,14.412719727,14.477439880,0.064719997,22.969039917,_;_;_;_;1792;0;50;30;56;0;0
13,161,mh,mh_shift_pack,block41,4480,256,1146880,14.480520248,14.534199715,0.053679999,22.969039917,_;_;50;30;56;40;4;4;512;0
13,162,deep_fast,split_mix_blocked_h16w,block41,1120,32,1146880,14.541839600,14.586759567,0.044920001,22.969039917,_;_;_;2240
13,163,deep_fast,split_ffn_fused_fp8_t8,block41,1120,128,1146880,14.590559959,14.657600403,0.067039996,22.969039917,_;_;_;_;2240
13,164,deep_fast,split_projection_frag,block41,1120,32,1146880,14.659119606,14.717439651,0.058320001,22.969039917,_;_;_;_;_;2240
13,165,mh_fast,mh_qkv_normalize_frag_c512,block41,3360,32,3440640,14.721639633,14.797039986,0.075400002,22.969039917,_;_;_;2240
13,166,mh_fused,mh_attention_fused_fp8_out,block41,560,128,560,14.798439980,14.856920242,0.058479998,22.969039917,_;_;_;56;40;512
13,167,mh_fast,mh_attention_project_frag_c512,block41,1120,32,1146880,14.858360291,14.924360275,0.066000000,22.969039917,_;_;_;_;2240;0;50;30;56;4;4
13,168,mh,mh_shift_pack,block44,3584,256,917504,14.927399635,14.980400085,0.052999999,22.969039917,_;_;50;30;56;32;0;0;512;0
13,169,deep_fast,split_mix_blocked_h16w,block44,896,32,917504,14.986599922,15.048640251,0.062040001,22.969039917,_;_;_;1792
13,170,deep_fast,split_ffn_fused_fp8_t8,block44,896,128,917504,15.051959991,15.115400314,0.063440003,22.969039917,_;_;_;_;1792
13,171,deep_fast,split_projection_frag,block44,896,32,917504,15.116959572,15.174240112,0.057280000,22.969039917,_;_;_;_;_;1792
13,172,mh_fast,mh_qkv_normalize_frag_c512,block44,2688,32,2752512,15.178000450,15.253160477,0.075159997,22.969039917,_;_;_;1792
13,173,mh_fused,mh_attention_fused_fp8_out,block44,448,128,448,15.254520416,15.313920021,0.059400000,22.969039917,_;_;_;56;32;512
13,174,mh_fast,mh_attention_project_frag_c512,block44,896,32,917504,15.315400124,15.379320145,0.063919999,22.969039917,_;_;_;_;1792;0;50;30;56;0;0
13,175,mh,mh_shift_pack,block45,4480,256,1146880,15.382280350,15.437439919,0.055160001,22.969039917,_;_;50;30;56;40;4;4;512;0
13,176,deep_fast,split_mix_blocked_h16w,block45,1120,32,1146880,15.444959641,15.513640404,0.068680003,22.969039917,_;_;_;2240
13,177,deep_fast,split_ffn_fused_fp8_t8,block45,1120,128,1146880,15.517479897,15.588520050,0.071039997,22.969039917,_;_;_;_;2240
13,178,deep_fast,split_projection_frag,block45,1120,32,1146880,15.590000153,15.645400047,0.055399999,22.969039917,_;_;_;_;_;2240
13,179,mh_fast,mh_qkv_normalize_frag_c512,block45,3360,32,3440640,15.649680138,15.721920013,0.072240002,22.969039917,_;_;_;2240
13,180,mh_fused,mh_attention_fused_fp8_out,block45,560,128,560,15.724479675,15.761560440,0.037080001,22.969039917,_;_;_;56;40;512
13,181,mh_fast,mh_attention_project_frag_c512,block45,1120,32,1146880,15.762999535,15.805520058,0.042520002,22.969039917,_;_;_;_;2240;0;50;30;56;4;4
13,182,mh,mh_shift_pack,block47,4480,256,1146880,15.808520317,15.836359978,0.027840000,22.969039917,_;_;50;30;56;40;0;4;512;0
13,183,deep_fast,split_mix_blocked_h16w,block47,1120,32,1146880,15.843040466,15.888480186,0.045440000,22.969039917,_;_;_;2240
13,184,deep_fast,split_ffn_fused_fp8_t8,block47,1120,128,1146880,15.892359734,15.958680153,0.066320002,22.969039917,_;_;_;_;2240
13,185,deep_fast,split_projection_frag,block47,1120,32,1146880,15.960200310,16.016399384,0.056200001,22.969039917,_;_;_;_;_;2240
13,186,mh_fast,mh_qkv_normalize_frag_c512,block47,3360,32,3440640,16.020719528,16.097719193,0.077000000,22.969039917,_;_;_;2240
13,187,mh_fused,mh_attention_fused_fp8_out,block47,560,128,560,16.100360870,16.135400772,0.035039999,22.969039917,_;_;_;56;40;512
13,188,mh_fast,mh_attention_project_frag_c512,block47,1120,32,1146880,16.136800766,16.203479767,0.066679999,22.969039917,_;_;_;_;2240;0;50;30;56;0;4
13,189,deep_fast,decoder_project2x_h16w_byteout,block48,1504,32,384000,16.206480026,16.300720215,0.094240002,22.969039917,_;_;_;_;50;30;100;60;512;256
13,190,mh_fast,mh_ffn_fused_c256_frag_project_mapped_g128_qkv_bytein_fb,block48,416,512,1703936,16.302719116,16.405239105,0.102519996,22.969039917,_;_;_;_;_;6656;100;60;104;0;0
13,191,mh_fused,c256_attention_project_fb_bout_diag,block48,104,512,104,16.406679153,16.492279053,0.085600004,22.969039917,_;_;_;_;104;64;0;100;60;0;0
13,192,mh_fast,mh_ffn_fused_c256_frag_project_mapped_g128_qkv_bytein_fb,block49,416,512,1703936,16.493919373,16.598960876,0.105039999,22.969039917,_;_;_;_;_;6656;100;60;104;4;4
13,193,mh_fused,c256_attention_project_fb_bout_diag,block49,104,512,104,16.600439072,16.682800293,0.082359999,22.969039917,_;_;_;_;104;64;4;100;60;4;4
13,194,mh_fast,mh_ffn_fused_c256_frag_project_mapped_g128_qkv_bytein_fb,block50,416,512,1703936,16.684520721,16.789279938,0.104759999,22.969039917,_;_;_;_;_;6656;100;60;104;4;0
13,195,mh_fused,c256_attention_project_fb_bout_diag,block50,104,512,104,16.790599823,16.874639511,0.084040001,22.969039917,_;_;_;_;104;64;4;100;60;4;0
13,196,mh_fast,mh_ffn_fused_c256_frag_project_mapped_g128_qkv_bytein_fb,block51,416,512,1703936,16.876319885,16.981279373,0.104960002,22.969039917,_;_;_;_;_;6656;100;60;104;0;4
13,197,mh_fused,c256_attention_project_fb_bout_diag,block51,104,512,104,16.982879639,17.065599442,0.082719997,22.969039917,_;_;_;_;104;64;4;100;60;0;4
13,198,mh_fast,mh_ffn_fused_c256_frag_project_mapped_g128_qkv_bytein_fb,block52,416,512,1703936,17.067359924,17.172000885,0.104640000,22.969039917,_;_;_;_;_;6656;100;60;104;0;0
13,199,mh_fused,c256_attention_project_fb_bout_diag,block52,104,512,104,17.173360825,17.258880615,0.085519999,22.969039917,_;_;_;_;104;64;4;100;60;0;0
13,200,mh_fast,mh_ffn_fused_c256_frag_project_mapped_g128_qkv_bytein_fb,block53,416,512,1703936,17.260559082,17.367839813,0.107280001,22.969039917,_;_;_;_;_;6656;100;60;104;4;4
13,201,mh_fused,c256_attention_project_fb_bout_diag,block53,104,512,104,17.369359970,17.452720642,0.083360001,22.969039917,_;_;_;_;104;64;4;100;60;4;4
13,202,mh_fast,mh_ffn_fused_c256_frag_project_mapped_g128_qkv_bytein_fb,block54,416,512,1703936,17.454479218,17.559000015,0.104520001,22.969039917,_;_;_;_;_;6656;100;60;104;4;0
13,203,mh_fused,c256_attention_project_fb_bout_diag,block54,104,512,104,17.560400009,17.646200180,0.085800000,22.969039917,_;_;_;_;104;64;4;100;60;4;0
13,204,mh_fast,mh_ffn_fused_c256_frag_project_mapped_g128_qkv_bytein_fb,block55,416,512,1703936,17.647880554,17.751800537,0.103919998,22.969039917,_;_;_;_;_;6656;100;60;104;0;4
13,205,mh_fused,c256_attention_project_fb_diag,block55,104,512,104,17.753360748,17.836839676,0.083480000,22.969039917,_;_;_;_;104;64;0;100;60;0;4
13,206,deep_fast,decoder_project2x_h16w_byteout,block56,3000,32,768000,17.839559555,17.931159973,0.091600001,22.969039917,_;_;_;_;100;60;200;120;256;128
13,207,mh_fast,mh_ffn_fused_c128_project_mapped_g128_qkv_bytein_fb,block56,1560,256,3194880,17.933080673,18.058759689,0.125680000,22.969039917,_;_;_;_;_;24960;200;120;208;4;0
13,208,mh_fused,c128_attention_project_fb_bout_diag,block56,390,512,390,18.060159683,18.151279449,0.091119997,22.969039917,_;_;_;_;208;120;4;200;120;4;0
13,209,mh_fast,mh_ffn_fused_c128_project_mapped_g128_qkv_bytein_fb,block57,1600,256,3276800,18.152799606,18.271440506,0.118639998,22.969039917,_;_;_;_;_;25600;200;120;200;0;4
13,210,mh_fused,c128_attention_project_fb_bout_diag,block57,400,512,400,18.279720306,18.366079330,0.086360000,22.969039917,_;_;_;_;200;128;4;200;120;0;4
13,211,mh_fast,mh_ffn_fused_c128_project_g128_qkv_bytein_fb,block58,1500,256,3072000,18.367479324,18.485040665,0.117559999,22.969039917,_;_;_;_;_;24000;200;120;200;0;0
13,212,mh_fused,c128_attention_project_fb_bout_diag,block58,375,512,375,18.486400604,18.565160751,0.078759998,22.969039917,_;_;_;_;200;120;4;0;0;0;0
13,213,mh_fast,mh_ffn_fused_c128_project_mapped_g128_qkv_bytein_fb,block59,1664,256,3407872,18.566640854,18.686759949,0.120119996,22.969039917,_;_;_;_;_;26624;200;120;208;4;4
13,214,mh_fused,c128_attention_project_fb_bout_diag,block59,416,512,416,18.694999695,18.759639740,0.064640000,22.969039917,_;_;_;_;208;128;4;200;120;4;4
13,215,mh_fast,mh_ffn_fused_c128_project_mapped_g128_qkv_bytein_fb,block60,1560,256,3194880,18.761280060,18.885719299,0.124439999,22.969039917,_;_;_;_;_;24960;200;120;208;4;0
13,216,mh_fused,c128_attention_project_fb_bout_diag,block60,390,512,390,18.887119293,18.978000641,0.090879999,22.969039917,_;_;_;_;208;120;4;200;120;4;0
13,217,mh_fast,mh_ffn_fused_c128_project_mapped_g128_qkv_bytein_fb,block61,1600,256,3276800,18.979440689,19.096719742,0.117279999,22.969039917,_;_;_;_;_;25600;200;120;200;0;4
13,218,mh_fused,c128_attention_project_fb_diag,block61,400,512,400,19.103679657,19.195400238,0.091720000,22.969039917,_;_;_;_;200;128;0;200;120;0;4
13,219,deep_fast,decoder_project2x_h16w_byteout,block62,6000,32,1536000,19.196920395,19.317239761,0.120320000,22.969039917,_;_;_;_;200;120;400;240;128;64
13,220,mh_fast,mh_ffn_fused_c64_project_g128_qkv_bytein_fb,block62,6000,128,6144000,19.319559097,19.459560394,0.140000001,22.969039917,_;_;_;_;_;96000;400;240;400;0;0
13,221,mh_fused,c64_attention_project_fb_bout_diag,block62,1500,256,1500,19.460920334,19.567039490,0.106119998,22.969039917,_;_;_;_;400;240;4;0;0;0;0
13,222,mh_fast,mh_ffn_fused_c64_project_mapped_g128_qkv_bytein_fb,block63,6324,128,6475776,19.568399429,19.732320786,0.163920000,22.969039917,_;_;_;_;_;101184;400;240;408;4;4
13,223,mh_fused,c64_attention_project_fb_bout_diag,block63,1581,256,1581,19.733760834,19.858879089,0.125119999,22.969039917,_;_;_;_;408;248;4;400;240;4;4
13,224,mh_fast,mh_ffn_fused_c64_project_mapped_g128_qkv_bytein_fb,block64,6120,128,6266880,19.860279083,20.019439697,0.159160003,22.969039917,_;_;_;_;_;97920;400;240;408;4;0
13,225,mh_fused,c64_attention_project_fb_bout_diag,block64,1530,256,1530,20.020879745,20.148719788,0.127839997,22.969039917,_;_;_;_;408;240;4;400;240;4;0
13,226,mh_fast,mh_ffn_fused_c64_project_mapped_g128_qkv_bytein_fb,block65,6200,128,6348800,20.150239944,20.310800552,0.160559997,22.969039917,_;_;_;_;_;99200;400;240;400;0;4
13,227,mh_fused,c64_attention_project_fb_diag,block65,1550,256,1550,20.312200546,20.441680908,0.129480004,22.969039917,_;_;_;_;400;248;0;400;240;0;4
13,228,deep_fast,decoder_project2x_h16w,block69,12000,32,3072000,20.443319321,20.677600861,0.234280005,22.969039917,_;_;_;_;400;240;800;480;64;32
13,229,c32_fused_ffn,c32_fast_ffn_attention_fused_half_mapped,block69,6000,128,6000,20.680639267,20.966939926,0.286300004,22.969039917,_;_;_;_;6000;0;1;800;480;0;0
13,230,c32_fused_ffn,c32_fast_ffn_attention_fused_half_chain,block69,6161,128,6161,20.968420029,21.250240326,0.281819999,22.969039917,_;_;_;_;6161;3;1;800;480;4;4;800;0;0
13,231,c32_fused_ffn,c32_fast_ffn_attention_fused_half_chain,block69,6060,128,6060,21.251800537,21.529539108,0.277740002,22.969039917,_;_;_;_;6060;3;1;800;480;4;0;808;4;4
13,232,c32_fused_ffn,c32_fast_ffn_attention_fused_half_chain_finish,block69,6100,128,6100,21.531139374,21.836740494,0.305599988,22.969039917,_;_;_;_;_;6100;3;1;800;480;0;4;808;4;0
13,233,c32_fused_ffn,c32_post_merge_head_half,block70,24321,128,24321,21.838380814,22.936439514,1.098060012,22.969039917,_;_;_;_;_;_;_;_;24321;1600;960;4;4;_
14,0,c32_fused_ffn,c32_fast_ffn_attention_fused_half_prefix_finish_main8,pre-down,24000,128,24000,0.004400000,1.104159951,1.099760056,23.327819824,_;_;_;_;_;_;24000;0;1;1600;960;0;0
14,1,c32_fused_ffn,c32_fast_ffn_attention_fused_half_mapped,block4,6000,128,6000,1.105679989,1.413840055,0.308160007,23.327819824,_;_;_;_;6000;0;1;800;480;0;0
14,2,c32_fused_ffn,c32_fast_ffn_attention_fused_half_chain,block4,6161,128,6161,1.415240049,1.713240027,0.298000008,23.327819824,_;_;_;_;6161;3;1;800;480;4;4;800;0;0
14,3,c32_fused_ffn,c32_fast_ffn_attention_fused_half_chain,block4,6060,128,6060,1.714800000,2.005320072,0.290520012,23.327819824,_;_;_;_;6060;3;1;800;480;4;0;808;4;4
14,4,c32_fused_ffn,c32_fast_ffn_attention_fused_half_chain_finish_dcrop,block4,6100,128,6100,2.006880045,2.319679976,0.312799990,23.327819824,_;_;_;_;_;6100;3;1;800;480;0;4;808;4;0
14,5,mh_fast,mh_pool_project_production_h16w,block5,24000,32,6144000,2.321360111,2.387320042,0.065959997,23.327819824,_;_;_;400;240;0;0;32
14,6,mh_fast,mh_ffn_fused_c64_project_g128_qkv_fb,block5,6000,128,6144000,2.395600080,2.544320107,0.148719996,23.327819824,_;_;_;_;_;96000;400;240;400;0;0
14,7,mh_fused,c64_attention_project_fb_bout_diag,block5,1500,256,1500,2.545720100,2.654680014,0.108960003,23.327819824,_;_;_;_;400;240;4;0;0;0;0
14,8,mh_fast,mh_ffn_fused_c64_project_mapped_g128_qkv_bytein_fb,block6,6324,128,6475776,2.656080008,2.822400093,0.166319996,23.327819824,_;_;_;_;_;101184;400;240;408;4;4
14,9,mh_fused,c64_attention_project_fb_bout_diag,block6,1581,256,1581,2.823800087,2.949199915,0.125400007,23.327819824,_;_;_;_;408;248;4;400;240;4;4
14,10,mh_fast,mh_ffn_fused_c64_project_mapped_g128_qkv_bytein_fb,block7,6120,128,6266880,2.950599909,3.111599922,0.160999998,23.327819824,_;_;_;_;_;97920;400;240;408;4;0
14,11,mh_fused,c64_attention_project_fb_bout_diag,block7,1530,256,1530,3.112960100,3.235480070,0.122520000,23.327819824,_;_;_;_;408;240;4;400;240;4;0
14,12,mh_fast,mh_ffn_fused_c64_project_mapped_g128_qkv_bytein_fb,block8,6200,128,6348800,3.236959934,3.398600101,0.161640003,23.327819824,_;_;_;_;_;99200;400;240;400;0;4
14,13,mh_fused,c64_attention_project_fb_diag,block8,1550,256,1550,3.400000095,3.524600029,0.124600001,23.327819824,_;_;_;_;400;248;3;400;240;0;4
14,14,mh_fast,mh_pool_project_group_c64,block9,1500,64,3072000,3.526119947,3.604799986,0.078680001,23.327819824,_;_;_;200;120;400;0;0
14,15,mh_fast,mh_ffn_fused_c128_project_g128_qkv_fb,block9,1500,256,3072000,3.609280109,3.728319883,0.119039997,23.327819824,_;_;_;_;_;24000;200;120;200;0;0
14,16,mh_fused,c128_attention_project_fb_bout_diag,block9,375,512,375,3.729640007,3.813479900,0.083839998,23.327819824,_;_;_;_;200;120;4;0;0;0;0
14,17,mh_fast,mh_ffn_fused_c128_project_mapped_g128_qkv_bytein_fb,block10,1664,256,3407872,3.814960003,3.938999891,0.124040000,23.327819824,_;_;_;_;_;26624;200;120;208;4;4
14,18,mh_fused,c128_attention_project_fb_bout_diag,block10,416,512,416,3.945359945,4.101560116,0.156200007,23.327819824,_;_;_;_;208;128;4;200;120;4;4
14,19,mh_fast,mh_ffn_fused_c128_project_mapped_g128_qkv_bytein_fb,block11,1560,256,3194880,4.103000164,4.229599953,0.126599997,23.327819824,_;_;_;_;_;24960;200;120;208;4;0
14,20,mh_fused,c128_attention_project_fb_bout_diag,block11,390,512,390,4.230959892,4.326759815,0.095799997,23.327819824,_;_;_;_;208;120;4;200;120;4;0
14,21,mh_fast,mh_ffn_fused_c128_project_mapped_g128_qkv_bytein_fb,block12,1600,256,3276800,4.328159809,4.447120190,0.118960001,23.327819824,_;_;_;_;_;25600;200;120;200;0;4
14,22,mh_fused,c128_attention_project_fb_bout_diag,block12,400,512,400,4.455160141,4.541719913,0.086560003,23.327819824,_;_;_;_;200;128;4;200;120;0;4
14,23,mh_fast,mh_ffn_fused_c128_project_g128_qkv_bytein_fb,block13,1500,256,3072000,4.543119907,4.661920071,0.118799999,23.327819824,_;_;_;_;_;24000;200;120;200;0;0
14,24,mh_fused,c128_attention_project_fb_bout_diag,block13,375,512,375,4.663280010,4.745800018,0.082520001,23.327819824,_;_;_;_;200;120;4;0;0;0;0
14,25,mh_fast,mh_ffn_fused_c128_project_mapped_g128_qkv_bytein_fb,block14,1664,256,3407872,4.747360229,4.875400066,0.128040001,23.327819824,_;_;_;_;_;26624;200;120;208;4;4
14,26,mh_fused,c128_attention_project_fb_diag,block14,416,512,416,4.883679867,4.973800182,0.090120003,23.327819824,_;_;_;_;208;128;3;200;120;4;4
14,27,mh_fast,mh_pool_project_group_c128,block15,375,128,1536000,4.975480080,5.037240028,0.061760001,23.327819824,_;_;_;100;60;200;0;0
14,28,mh_fast,mh_ffn_fused_c256_frag_project_mapped_g128_qkv_fb,block15,416,512,1703936,5.041800022,5.151599884,0.109800003,23.327819824,_;_;_;_;_;6656;100;60;104;0;0
14,29,mh_fused,c256_attention_project_fb_bout_diag,block15,104,512,104,5.152959824,5.237880230,0.084919997,23.327819824,_;_;_;_;104;64;4;100;60;0;0
14,30,mh_fast,mh_ffn_fused_c256_frag_project_mapped_g128_qkv_bytein_fb,block16,416,512,1703936,5.239560127,5.348559856,0.108999997,23.327819824,_;_;_;_;_;6656;100;60;104;4;4
14,31,mh_fused,c256_attention_project_fb_bout_diag,block16,104,512,104,5.350080013,5.433800220,0.083719999,23.327819824,_;_;_;_;104;64;4;100;60;4;4
14,32,mh_fast,mh_ffn_fused_c256_frag_project_mapped_g128_qkv_bytein_fb,block17,416,512,1703936,5.435560226,5.543360233,0.107799999,23.327819824,_;_;_;_;_;6656;100;60;104;4;0
14,33,mh_fused,c256_attention_project_fb_bout_diag,block17,104,512,104,5.544720173,5.630360126,0.085639998,23.327819824,_;_;_;_;104;64;4;100;60;4;0
14,34,mh_fast,mh_ffn_fused_c256_frag_project_mapped_g128_qkv_bytein_fb,block18,416,512,1703936,5.632040024,5.741640091,0.109600000,23.327819824,_;_;_;_;_;6656;100;60;104;0;4
14,35,mh_fused,c256_attention_project_fb_bout_diag,block18,104,512,104,5.743159771,5.826439857,0.083279997,23.327819824,_;_;_;_;104;64;4;100;60;0;4
14,36,mh_fast,mh_ffn_fused_c256_frag_project_mapped_g128_qkv_bytein_fb,block19,416,512,1703936,5.828239918,5.934959888,0.106720001,23.327819824,_;_;_;_;_;6656;100;60;104;0;0
14,37,mh_fused,c256_attention_project_fb_bout_diag,block19,104,512,104,5.936359882,6.021440029,0.085079998,23.327819824,_;_;_;_;104;64;4;100;60;0;0
14,38,mh_fast,mh_ffn_fused_c256_frag_project_mapped_g128_qkv_bytein_fb,block20,416,512,1703936,6.023119926,6.133319855,0.110200003,23.327819824,_;_;_;_;_;6656;100;60;104;4;4
14,39,mh_fused,c256_attention_project_fb_bout_diag,block20,104,512,104,6.134880066,6.219399929,0.084519997,23.327819824,_;_;_;_;104;64;4;100;60;4;4
14,40,mh_fast,mh_ffn_fused_c256_frag_project_mapped_g128_qkv_bytein_fb,block21,416,512,1703936,6.221119881,6.328080177,0.106959999,23.327819824,_;_;_;_;_;6656;100;60;104;4;0
14,41,mh_fused,c256_attention_project_fb_bout_diag,block21,104,512,104,6.329440117,6.413760185,0.084320001,23.327819824,_;_;_;_;104;64;4;100;60;4;0
14,42,mh_fast,mh_ffn_fused_c256_frag_project_mapped_g128_qkv_bytein_fb,block22,416,512,1703936,6.415400028,6.527919769,0.112520002,23.327819824,_;_;_;_;_;6656;100;60;104;0;4
14,43,mh_fused,c256_attention_project_fb_diag,block22,104,512,104,6.529399872,6.614079952,0.084679998,23.327819824,_;_;_;_;104;64;3;100;60;0;4
14,44,mh_fast,mh_pool_project_group_c256,block23,94,256,768000,6.616720200,6.674880028,0.058160000,23.327819824,_;_;_;50;30;100;0;0
14,45,mh,mh_shift_pack,block23,3584,256,917504,6.677879810,6.731480122,0.053599998,23.327819824,_;_;50;30;56;32;0;0;512;0
14,46,deep_fast,split_mix_blocked_h16w,block23,896,32,917504,6.737880230,6.777880192,0.039999999,23.327819824,_;_;_;1792
14,47,deep_fast,split_ffn_fused_fp8_t8,block23,896,128,917504,6.781159878,6.839719772,0.058559999,23.327819824,_;_;_;_;1792
14,48,deep_fast,split_projection_frag,block23,896,32,917504,6.841239929,6.900040150,0.058800001,23.327819824,_;_;_;_;_;1792
14,49,mh_fast,mh_qkv_normalize_frag_c512,block23,2688,32,2752512,6.903800011,6.976160049,0.072360002,23.327819824,_;_;_;1792
14,50,mh_fused,mh_attention_fused_fp8_out,block23,448,128,448,6.977560043,7.036920071,0.059360001,23.327819824,_;_;_;56;32;512
14,51,mh_fast,mh_attention_project_frag_c512,block23,896,32,917504,7.038360119,7.104360104,0.066000000,23.327819824,_;_;_;_;1792;0;50;30;56;0;0
14,52,mh,mh_shift_pack,block24,4480,256,1146880,7.107319832,7.163239956,0.055920001,23.327819824,_;_;50;30;56;40;4;4;512;0
14,53,deep_fast,split_mix_blocked_h16w,block24,1120,32,1146880,7.170919895,7.239679813,0.068760000,23.327819824,_;_;_;2240
14,54,deep_fast,split_ffn_fused_fp8_t8,block24,1120,128,1146880,7.243559837,7.311240196,0.067680001,23.327819824,_;_;_;_;2240
14,55,deep_fast,split_projection_frag,block24,1120,32,1146880,7.312759876,7.371600151,0.058839999,23.327819824,_;_;_;_;_;2240
14,56,mh_fast,mh_qkv_normalize_frag_c512,block24,3360,32,3440640,7.375999928,7.452280045,0.076279998,23.327819824,_;_;_;2240
14,57,mh_fused,mh_attention_fused_fp8_out,block24,560,128,560,7.454880238,7.491879940,0.037000000,23.327819824,_;_;_;56;40;512
14,58,mh_fast,mh_attention_project_frag_c512,block24,1120,32,1146880,7.493319988,7.559000015,0.065679997,23.327819824,_;_;_;_;2240;0;50;30;56;4;4
14,59,mh,mh_shift_pack,block25,3584,256,917504,7.562039852,7.616559982,0.054520000,23.327819824,_;_;50;30;56;32;4;0;512;0
14,60,deep_fast,split_mix_blocked_h16w,block25,896,32,917504,7.624199867,7.660679817,0.036479998,23.327819824,_;_;_;1792
14,61,deep_fast,split_ffn_fused_fp8_t8,block25,896,128,917504,7.664000034,7.722599983,0.058600001,23.327819824,_;_;_;_;1792
14,62,deep_fast,split_projection_frag,block25,896,32,917504,7.724080086,7.780839920,0.056759998,23.327819824,_;_;_;_;_;1792
14,63,mh_fast,mh_qkv_normalize_frag_c512,block25,2688,32,2752512,7.784599781,7.857120037,0.072520003,23.327819824,_;_;_;1792
14,64,mh_fused,mh_attention_fused_fp8_out,block25,448,128,448,7.858520031,7.919760227,0.061239999,23.327819824,_;_;_;56;32;512
14,65,mh_fast,mh_attention_project_frag_c512,block25,896,32,917504,7.921239853,7.986159801,0.064920001,23.327819824,_;_;_;_;1792;0;50;30;56;4;0
14,66,mh,mh_shift_pack,block26,4480,256,1146880,7.989160061,8.044839859,0.055679999,23.327819824,_;_;50;30;56;40;0;4;512;0
14,67,deep_fast,split_mix_blocked_h16w,block26,1120,32,1146880,8.052559853,8.120079994,0.067520000,23.327819824,_;_;_;2240
14,68,deep_fast,split_ffn_fused_fp8_t8,block26,1120,128,1146880,8.123920441,8.192319870,0.068400003,23.327819824,_;_;_;_;2240
14,69,deep_fast,split_projection_frag,block26,1120,32,1146880,8.193799973,8.252320290,0.058520000,23.327819824,_;_;_;_;_;2240
14,70,mh_fast,mh_qkv_normalize_frag_c512,block26,3360,32,3440640,8.256600380,8.334039688,0.077440001,23.327819824,_;_;_;2240
14,71,mh_fused,mh_attention_fused_fp8_out,block26,560,128,560,8.335399628,8.399200439,0.063800000,23.327819824,_;_;_;56;40;512
14,72,mh_fast,mh_attention_project_frag_c512,block26,1120,32,1146880,8.400600433,8.475279808,0.074680001,23.327819824,_;_;_;_;2240;0;50;30;56;0;4
14,73,mh,mh_shift_pack,block27,3584,256,917504,8.478280067,8.535200119,0.056919999,23.327819824,_;_;50;30;56;32;0;0;512;0
14,74,deep_fast,split_mix_blocked_h16w,block27,896,32,917504,8.541760445,8.581159592,0.039400000,23.327819824,_;_;_;1792
14,75,deep_fast,split_ffn_fused_fp8_t8,block27,896,128,917504,8.584400177,8.688839912,0.104440004,23.327819824,_;_;_;_;1792
14,76,deep_fast,split_projection_frag,block27,896,32,917504,8.690400124,8.746959686,0.056559999,23.327819824,_;_;_;_;_;1792
14,77,mh_fast,mh_qkv_normalize_frag_c512,block27,2688,32,2752512,8.750720024,8.818360329,0.067639999,23.327819824,_;_;_;1792
14,78,mh_fused,mh_attention_fused_fp8_out,block27,448,128,448,8.819680214,8.880999565,0.061319999,23.327819824,_;_;_;56;32;512
14,79,mh_fast,mh_attention_project_frag_c512,block27,896,32,917504,8.882519722,8.948200226,0.065679997,23.327819824,_;_;_;_;1792;0;50;30;56;0;0
14,80,mh,mh_shift_pack,block28,4480,256,1146880,8.951199532,9.007360458,0.056159999,23.327819824,_;_;50;30;56;40;4;4;512;0
14,81,deep_fast,split_mix_blocked_h16w,block28,1120,32,1146880,9.014960289,9.087479591,0.072520003,23.327819824,_;_;_;2240
14,82,deep_fast,split_ffn_fused_fp8_t8,block28,1120,128,1146880,9.091320038,9.158439636,0.067120001,23.327819824,_;_;_;_;2240
14,83,deep_fast,split_projection_frag,block28,1120,32,1146880,9.159959793,9.217639923,0.057680000,23.327819824,_;_;_;_;_;2240
14,84,mh_fast,mh_qkv_normalize_frag_c512,block28,3360,32,3440640,9.221839905,9.298919678,0.077079996,23.327819824,_;_;_;2240
14,85,mh_fused,mh_attention_fused_fp8_out,block28,560,128,560,9.301560402,9.339400291,0.037840001,23.327819824,_;_;_;56;40;512
14,86,mh_fast,mh_attention_project_frag_c512,block28,1120,32,1146880,9.340760231,9.406800270,0.066040002,23.327819824,_;_;_;_;2240;0;50;30;56;4;4
14,87,mh,mh_shift_pack,block29,3584,256,917504,9.409839630,9.464960098,0.055119999,23.327819824,_;_;50;30;56;32;4;0;512;0
14,88,deep_fast,split_mix_blocked_h16w,block29,896,32,917504,9.471360207,9.536520004,0.065159999,23.327819824,_;_;_;1792
14,89,deep_fast,split_ffn_fused_fp8_t8,block29,896,128,917504,9.539839745,9.604920387,0.065080002,23.327819824,_;_;_;_;1792
14,90,deep_fast,split_projection_frag,block29,896,32,917504,9.606519699,9.666000366,0.059480000,23.327819824,_;_;_;_;_;1792
14,91,mh_fast,mh_qkv_normalize_frag_c512,block29,2688,32,2752512,9.669759750,9.743200302,0.073440000,23.327819824,_;_;_;1792
14,92,mh_fused,mh_attention_fused_fp8_out,block29,448,128,448,9.744640350,9.804519653,0.059880000,23.327819824,_;_;_;56;32;512
14,93,mh_fast,mh_attention_project_frag_c512,block29,896,32,917504,9.805959702,9.872440338,0.066480003,23.327819824,_;_;_;_;1792;0;50;30;56;4;0
14,94,mh,mh_shift_pack,block30,4480,256,1146880,9.875439644,9.931599617,0.056159999,23.327819824,_;_;50;30;56;40;0;4;512;0
14,95,deep_fast,split_mix_blocked_h16w,block30,1120,32,1146880,9.939519882,10.008879662,0.069360003,23.327819824,_;_;_;2240
14,96,deep_fast,split_ffn_fused_fp8_t8,block30,1120,128,1146880,10.012720108,10.080920219,0.068200000,23.327819824,_;_;_;_;2240
14,97,deep_fast,split_projection_frag,block30,1120,32,1146880,10.082519531,10.140520096,0.057999998,23.327819824,_;_;_;_;_;2240
14,98,mh_fast,mh_qkv_normalize_frag_c512,block30,3360,32,3440640,10.144800186,10.221960068,0.077160001,23.327819824,_;_;_;2240
14,99,mh_fused,mh_attention_fused_fp8_out,block30,560,128,560,10.224599838,10.261919975,0.037319999,23.327819824,_;_;_;56;40;512
14,100,mh_fast,mh_attention_project_frag_c512,block30,1120,32,1146880,10.263360023,10.329079628,0.065719999,23.327819824,_;_;_;_;2240;3;50;30;56;0;4
14,101,mh,mh_pool,head,800,256,204800,10.332119942,10.382960320,0.050840002,23.327819824,_;_;25;16;50;25;15;512
14,102,mh_fast,mh_pool_project_production_h16w,head,1600,32,409600,10.389320374,10.470120430,0.080799997,23.327819824,_;_;_;25;16;25;15;512
14,103,deep,vit_gather,block31,1600,256,409600,10.472399712,10.523280144,0.050880000,23.327819824,_;_;_;409600
14,104,deep_fast,vit_pack_input,block31,400,256,102400,10.528679848,10.580320358,0.051640000,23.327819824,_;_;409600
14,105,deep_fast,vit_expand_blocked_fp8_frag_bytein,block31,1600,32,1638400,10.586359978,10.663200378,0.076839998,23.327819824,_;_;_;400;1024;4096
14,106,deep_fast,vit_contract_blocked_fp8_frag,block31,400,32,409600,10.665439606,10.746359825,0.080920003,23.327819824,_;_;_;_;400;4096;1024
14,107,deep_fast,vit_qkv_project_normalize_fused_f16compact_fp8_frag,block31,2400,32,1228800,10.748600006,10.841600418,0.093000002,23.327819824,_;_;_;400
14,108,deep_fast,vit_attention_fused_400_bytein,block31,800,32,204800,10.843319893,10.916999817,0.073679999,23.327819824,_;_;400
14,109,deep_fast,vit_project_frag,block31,1600,32,409600,10.919199944,11.003040314,0.083839998,23.327819824,_;_;_;_;400;1024;1024
14,110,deep_fast,vit_pack_input,block32,400,256,102400,11.005240440,11.055879593,0.050639998,23.327819824,_;_;409600
14,111,deep_fast,vit_expand_blocked_fp8_frag_bytein,block32,1600,32,1638400,11.060560226,11.110839844,0.050280001,23.327819824,_;_;_;400;1024;4096
14,112,deep_fast,vit_contract_blocked_fp8_frag,block32,400,32,409600,11.113120079,11.194640160,0.081519999,23.327819824,_;_;_;_;400;4096;1024
14,113,deep_fast,vit_qkv_project_normalize_fused_f16compact_fp8_frag,block32,2400,32,1228800,11.196880341,11.288359642,0.091480002,23.327819824,_;_;_;400
14,114,deep_fast,vit_attention_fused_400_bytein,block32,800,32,204800,11.289999962,11.364560127,0.074560001,23.327819824,_;_;400
14,115,deep_fast,vit_project_frag,block32,1600,32,409600,11.366760254,11.452159882,0.085400000,23.327819824,_;_;_;_;400;1024;1024
14,116,deep_fast,vit_pack_input,block33,400,256,102400,11.454360008,11.503760338,0.049400002,23.327819824,_;_;409600
14,117,deep_fast,vit_expand_blocked_fp8_frag_bytein,block33,1600,32,1638400,11.510080338,11.584280014,0.074199997,23.327819824,_;_;_;400;1024;4096
14,118,deep_fast,vit_contract_blocked_fp8_frag,block33,400,32,409600,11.586520195,11.647319794,0.060800001,23.327819824,_;_;_;_;400;4096;1024
14,119,deep_fast,vit_qkv_project_normalize_fused_f16compact_fp8_frag,block33,2400,32,1228800,11.649559975,11.742440224,0.092880003,23.327819824,_;_;_;400
14,120,deep_fast,vit_attention_fused_400_bytein,block33,800,32,204800,11.744159698,11.819479942,0.075319998,23.327819824,_;_;400
14,121,deep_fast,vit_project_frag,block33,1600,32,409600,11.821760178,11.907919884,0.086159997,23.327819824,_;_;_;_;400;1024;1024
14,122,deep_fast,vit_pack_input,block34,400,256,102400,11.910120010,11.959959984,0.049840000,23.327819824,_;_;409600
14,123,deep_fast,vit_expand_blocked_fp8_frag_bytein,block34,1600,32,1638400,11.966239929,12.018560410,0.052320000,23.327819824,_;_;_;400;1024;4096
14,124,deep_fast,vit_contract_blocked_fp8_frag,block34,400,32,409600,12.020799637,12.101200104,0.080399998,23.327819824,_;_;_;_;400;4096;1024
14,125,deep_fast,vit_qkv_project_normalize_fused_f16compact_fp8_frag,block34,2400,32,1228800,12.103440285,12.199640274,0.096199997,23.327819824,_;_;_;400
14,126,deep_fast,vit_attention_fused_400_bytein,block34,800,32,204800,12.201319695,12.276320457,0.075000003,23.327819824,_;_;400
14,127,deep_fast,vit_project_frag,block34,1600,32,409600,12.278559685,12.363080025,0.084519997,23.327819824,_;_;_;_;400;1024;1024
14,128,deep_fast,vit_pack_input,block35,400,256,102400,12.365320206,12.413439751,0.048119999,23.327819824,_;_;409600
14,129,deep_fast,vit_expand_blocked_fp8_frag_bytein,block35,1600,32,1638400,12.419480324,12.471920013,0.052439999,23.327819824,_;_;_;400;1024;4096
14,130,deep_fast,vit_contract_blocked_fp8_frag,block35,400,32,409600,12.474160194,12.558400154,0.084239997,23.327819824,_;_;_;_;400;4096;1024
14,131,deep_fast,vit_qkv_project_normalize_fused_f16compact_fp8_frag,block35,2400,32,1228800,12.560640335,12.653639793,0.093000002,23.327819824,_;_;_;400
14,132,deep_fast,vit_attention_fused_400_bytein,block35,800,32,204800,12.655320168,12.728960037,0.073639996,23.327819824,_;_;400
14,133,deep_fast,vit_project_frag,block35,1600,32,409600,12.731200218,12.816519737,0.085320003,23.327819824,_;_;_;_;400;1024;1024
14,134,deep_fast,vit_pack_input,block36,400,256,102400,12.818719864,12.867679596,0.048960000,23.327819824,_;_;409600
14,135,deep_fast,vit_expand_blocked_fp8_frag_bytein,block36,1600,32,1638400,12.873720169,12.926360130,0.052639998,23.327819824,_;_;_;400;1024;4096
14,136,deep_fast,vit_contract_blocked_fp8_frag,block36,400,32,409600,12.928640366,13.010479927,0.081840001,23.327819824,_;_;_;_;400;4096;1024
14,137,deep_fast,vit_qkv_project_normalize_fused_f16compact_fp8_frag,block36,2400,32,1228800,13.012760162,13.100839615,0.088079996,23.327819824,_;_;_;400
14,138,deep_fast,vit_attention_fused_400_bytein,block36,800,32,204800,13.102519989,13.179800034,0.077280000,23.327819824,_;_;400
14,139,deep_fast,vit_project_frag,block36,1600,32,409600,13.182080269,13.266799927,0.084720001,23.327819824,_;_;_;_;400;1024;1024
14,140,deep_fast,vit_pack_input,block37,400,256,102400,13.269000053,13.318079948,0.049079999,23.327819824,_;_;409600
14,141,deep_fast,vit_expand_blocked_fp8_frag_bytein,block37,1600,32,1638400,13.324080467,13.398240089,0.074160002,23.327819824,_;_;_;400;1024;4096
14,142,deep_fast,vit_contract_blocked_fp8_frag,block37,400,32,409600,13.400520325,13.481800079,0.081280001,23.327819824,_;_;_;_;400;4096;1024
14,143,deep_fast,vit_qkv_project_normalize_fused_f16compact_fp8_frag,block37,2400,32,1228800,13.484040260,13.574879646,0.090839997,23.327819824,_;_;_;400
14,144,deep_fast,vit_attention_fused_400_bytein,block37,800,32,204800,13.576600075,13.649800301,0.073200002,23.327819824,_;_;400
14,145,deep_fast,vit_project_frag,block37,1600,32,409600,13.652039528,13.736479759,0.084440000,23.327819824,_;_;_;_;400;1024;1024
14,146,deep_fast,vit_pack_input,block38,400,256,102400,13.738679886,13.787480354,0.048799999,23.327819824,_;_;409600
14,147,deep_fast,vit_expand_blocked_fp8_frag_bytein,block38,1600,32,1638400,13.792160034,13.845040321,0.052880000,23.327819824,_;_;_;400;1024;4096
14,148,deep_fast,vit_contract_blocked_fp8_frag,block38,400,32,409600,13.847279549,13.927200317,0.079920001,23.327819824,_;_;_;_;400;4096;1024
14,149,deep_fast,vit_qkv_project_normalize_fused_f16compact_fp8_frag,block38,2400,32,1228800,13.929439545,14.021080017,0.091640003,23.327819824,_;_;_;400
14,150,deep_fast,vit_attention_fused_400_bytein,block38,800,32,204800,14.022760391,14.101400375,0.078639999,23.327819824,_;_;400
14,151,deep_fast,vit_project_frag,block38,1600,32,409600,14.103639603,14.188639641,0.085000001,23.327819824,_;_;_;_;400;1024;1024
14,152,deep,vit_gather,block39,1600,256,409600,14.190879822,14.242759705,0.051879998,23.327819824,_;_;_;409600
14,153,deep_fast,decoder_project2x_h16w,block39,800,32,204800,14.249320030,14.322879791,0.073559999,23.327819824,_;_;_;_;25;16;50;30;1024;512
14,154,mh,mh_shift_pack,block40,3584,256,917504,14.325799942,14.379920006,0.054120000,23.327819824,_;_;50;30;56;32;0;0;512;0
14,155,deep_fast,split_mix_blocked_h16w,block40,896,32,917504,14.386440277,14.448320389,0.061880000,23.327819824,_;_;_;1792
14,156,deep_fast,split_ffn_fused_fp8_t8,block40,896,128,917504,14.451640129,14.516519547,0.064879999,23.327819824,_;_;_;_;1792
14,157,deep_fast,split_projection_frag,block40,896,32,917504,14.518079758,14.575679779,0.057599999,23.327819824,_;_;_;_;_;1792
14,158,mh_fast,mh_qkv_normalize_frag_c512,block40,2688,32,2752512,14.579480171,14.647560120,0.068080001,23.327819824,_;_;_;1792
14,159,mh_fused,mh_attention_fused_fp8_out,block40,448,128,448,14.648880005,14.703720093,0.054839998,23.327819824,_;_;_;56;32;512
14,160,mh_fast,mh_attention_project_frag_c512,block40,896,32,917504,14.705240250,14.772600174,0.067359999,23.327819824,_;_;_;_;1792;0;50;30;56;0;0
14,161,mh,mh_shift_pack,block41,4480,256,1146880,14.775600433,14.827719688,0.052120000,23.327819824,_;_;50;30;56;40;4;4;512;0
14,162,deep_fast,split_mix_blocked_h16w,block41,1120,32,1146880,14.835559845,14.905119896,0.069559999,23.327819824,_;_;_;2240
14,163,deep_fast,split_ffn_fused_fp8_t8,block41,1120,128,1146880,14.908920288,14.974200249,0.065279998,23.327819824,_;_;_;_;2240
14,164,deep_fast,split_projection_frag,block41,1120,32,1146880,14.975680351,15.033200264,0.057519998,23.327819824,_;_;_;_;_;2240
14,165,mh_fast,mh_qkv_normalize_frag_c512,block41,3360,32,3440640,15.037440300,15.113280296,0.075839996,23.327819824,_;_;_;2240
14,166,mh_fused,mh_attention_fused_fp8_out,block41,560,128,560,15.114600182,15.177880287,0.063280001,23.327819824,_;_;_;56;40;512
14,167,mh_fast,mh_attention_project_frag_c512,block41,1120,32,1146880,15.179280281,15.250120163,0.070840001,23.327819824,_;_;_;_;2240;0;50;30;56;4;4
14,168,mh,mh_shift_pack,block44,3584,256,917504,15.253160477,15.301839828,0.048680000,23.327819824,_;_;50;30;56;32;0;0;512;0
14,169,deep_fast,split_mix_blocked_h16w,block44,896,32,917504,15.309399605,15.370160103,0.060759999,23.327819824,_;_;_;1792
14,170,deep_fast,split_ffn_fused_fp8_t8,block44,896,128,917504,15.373439789,15.436240196,0.062799998,23.327819824,_;_;_;_;1792
14,171,deep_fast,split_projection_frag,block44,896,32,917504,15.437800407,15.492520332,0.054719999,23.327819824,_;_;_;_;_;1792
14,172,mh_fast,mh_qkv_normalize_frag_c512,block44,2688,32,2752512,15.496279716,15.568840027,0.072559997,23.327819824,_;_;_;1792
14,173,mh_fused,mh_attention_fused_fp8_out,block44,448,128,448,15.570240021,15.628999710,0.058759999,23.327819824,_;_;_;56;32;512
14,174,mh_fast,mh_attention_project_frag_c512,block44,896,32,917504,15.630479813,15.694600105,0.064120002,23.327819824,_;_;_;_;1792;0;50;30;56;0;0
14,175,mh,mh_shift_pack,block45,4480,256,1146880,15.697600365,15.751199722,0.053599998,23.327819824,_;_;50;30;56;40;4;4;512;0
14,176,deep_fast,split_mix_blocked_h16w,block45,1120,32,1146880,15.757679939,15.806119919,0.048439998,23.327819824,_;_;_;2240
14,177,deep_fast,split_ffn_fused_fp8_t8,block45,1120,128,1146880,15.809960365,15.876239777,0.066280000,23.327819824,_;_;_;_;2240
14,178,deep_fast,split_projection_frag,block45,1120,32,1146880,15.877759933,15.934639931,0.056880001,23.327819824,_;_;_;_;_;2240
14,179,mh_fast,mh_qkv_normalize_frag_c512,block45,3360,32,3440640,15.938879967,16.014160156,0.075280003,23.327819824,_;_;_;2240
14,180,mh_fused,mh_attention_fused_fp8_out,block45,560,128,560,16.016839981,16.052280426,0.035440002,23.327819824,_;_;_;56;40;512
14,181,mh_fast,mh_attention_project_frag_c512,block45,1120,32,1146880,16.053680420,16.116359711,0.062679999,23.327819824,_;_;_;_;2240;0;50;30;56;4;4
14,182,mh,mh_shift_pack,block47,4480,256,1146880,16.119400024,16.173719406,0.054320000,23.327819824,_;_;50;30;56;40;0;4;512;0
14,183,deep_fast,split_mix_blocked_h16w,block47,1120,32,1146880,16.181360245,16.249559402,0.068200000,23.327819824,_;_;_;2240
14,184,deep_fast,split_ffn_fused_fp8_t8,block47,1120,128,1146880,16.253440857,16.319759369,0.066320002,23.327819824,_;_;_;_;2240
14,185,deep_fast,split_projection_frag,block47,1120,32,1146880,16.321199417,16.377599716,0.056400001,23.327819824,_;_;_;_;_;2240
14,186,mh_fast,mh_qkv_normalize_frag_c512,block47,3360,32,3440640,16.381919861,16.459119797,0.077200003,23.327819824,_;_;_;2240
14,187,mh_fused,mh_attention_fused_fp8_out,block47,560,128,560,16.460519791,16.523239136,0.062720001,23.327819824,_;_;_;56;40;512
14,188,mh_fast,mh_attention_project_frag_c512,block47,1120,32,1146880,16.524679184,16.596359253,0.071680002,23.327819824,_;_;_;_;2240;0;50;30;56;0;4
14,189,deep_fast,decoder_project2x_h16w_byteout,block48,1504,32,384000,16.599399567,16.673599243,0.074199997,23.327819824,_;_;_;_;50;30;100;60;512;256
14,190,mh_fast,mh_ffn_fused_c256_frag_project_mapped_g128_qkv_bytein_fb,block48,416,512,1703936,16.675600052,16.778360367,0.102760002,23.327819824,_;_;_;_;_;6656;100;60;104;0;0
14,191,mh_fused,c256_attention_project_fb_bout_diag,block48,104,512,104,16.779760361,16.864000320,0.084239997,23.327819824,_;_;_;_;104;64;0;100;60;0;0
14,192,mh_fast,mh_ffn_fused_c256_frag_project_mapped_g128_qkv_bytein_fb,block49,416,512,1703936,16.865720749,16.970560074,0.104840003,23.327819824,_;_;_;_;_;6656;100;60;104;4;4
14,193,mh_fused,c256_attention_project_fb_bout_diag,block49,104,512,104,16.972080231,17.054920197,0.082840003,23.327819824,_;_;_;_;104;64;4;100;60;4;4
14,194,mh_fast,mh_ffn_fused_c256_frag_project_mapped_g128_qkv_bytein_fb,block50,416,512,1703936,17.056640625,17.159599304,0.102959998,23.327819824,_;_;_;_;_;6656;100;60;104;4;0
14,195,mh_fused,c256_attention_project_fb_bout_diag,block50,104,512,104,17.160999298,17.244960785,0.083959997,23.327819824,_;_;_;_;104;64;4;100;60;4;0
14,196,mh_fast,mh_ffn_fused_c256_frag_project_mapped_g128_qkv_bytein_fb,block51,416,512,1703936,17.246639252,17.352079391,0.105439998,23.327819824,_;_;_;_;_;6656;100;60;104;0;4
14,197,mh_fused,c256_attention_project_fb_bout_diag,block51,104,512,104,17.353599548,17.435680389,0.082079999,23.327819824,_;_;_;_;104;64;4;100;60;0;4
14,198,mh_fast,mh_ffn_fused_c256_frag_project_mapped_g128_qkv_bytein_fb,block52,416,512,1703936,17.437400818,17.539840698,0.102440000,23.327819824,_;_;_;_;_;6656;100;60;104;0;0
14,199,mh_fused,c256_attention_project_fb_bout_diag,block52,104,512,104,17.541240692,17.625560760,0.084320001,23.327819824,_;_;_;_;104;64;4;100;60;0;0
14,200,mh_fast,mh_ffn_fused_c256_frag_project_mapped_g128_qkv_bytein_fb,block53,416,512,1703936,17.627199173,17.729200363,0.101999998,23.327819824,_;_;_;_;_;6656;100;60;104;4;4
14,201,mh_fused,c256_attention_project_fb_bout_diag,block53,104,512,104,17.730920792,17.813959122,0.083039999,23.327819824,_;_;_;_;104;64;4;100;60;4;4
14,202,mh_fast,mh_ffn_fused_c256_frag_project_mapped_g128_qkv_bytein_fb,block54,416,512,1703936,17.815679550,17.918760300,0.103079997,23.327819824,_;_;_;_;_;6656;100;60;104;4;0
14,203,mh_fused,c256_attention_project_fb_bout_diag,block54,104,512,104,17.920200348,18.004760742,0.084559999,23.327819824,_;_;_;_;104;64;4;100;60;4;0
14,204,mh_fast,mh_ffn_fused_c256_frag_project_mapped_g128_qkv_bytein_fb,block55,416,512,1703936,18.006399155,18.111440659,0.105039999,23.327819824,_;_;_;_;_;6656;100;60;104;0;4
14,205,mh_fused,c256_attention_project_fb_diag,block55,104,512,104,18.113159180,18.199520111,0.086360000,23.327819824,_;_;_;_;104;64;0;100;60;0;4
14,206,deep_fast,decoder_project2x_h16w_byteout,block56,3000,32,768000,18.202159882,18.294200897,0.092040002,23.327819824,_;_;_;_;100;60;200;120;256;128
14,207,mh_fast,mh_ffn_fused_c128_project_mapped_g128_qkv_bytein_fb,block56,1560,256,3194880,18.296079636,18.416000366,0.119920000,23.327819824,_;_;_;_;_;24960;200;120;208;4;0
14,208,mh_fused,c128_attention_project_fb_bout_diag,block56,390,512,390,18.417440414,18.508760452,0.091320001,23.327819824,_;_;_;_;208;120;4;200;120;4;0
14,209,mh_fast,mh_ffn_fused_c128_project_mapped_g128_qkv_bytein_fb,block57,1600,256,3276800,18.510200500,18.629039764,0.118840002,23.327819824,_;_;_;_;_;25600;200;120;200;0;4
14,210,mh_fused,c128_attention_project_fb_bout_diag,block57,400,512,400,18.631679535,18.724599838,0.092919998,23.327819824,_;_;_;_;200;128;4;200;120;0;4
14,211,mh_fast,mh_ffn_fused_c128_project_g128_qkv_bytein_fb,block58,1500,256,3072000,18.726079941,18.841159821,0.115079999,23.327819824,_;_;_;_;_;24000;200;120;200;0;0
14,212,mh_fused,c128_attention_project_fb_bout_diag,block58,375,512,375,18.842519760,18.926200867,0.083679996,23.327819824,_;_;_;_;200;120;4;0;0;0;0
14,213,mh_fast,mh_ffn_fused_c128_project_mapped_g128_qkv_bytein_fb,block59,1664,256,3407872,18.927679062,19.048879623,0.121200003,23.327819824,_;_;_;_;_;26624;200;120;208;4;4
14,214,mh_fused,c128_attention_project_fb_bout_diag,block59,416,512,416,19.056600571,19.144079208,0.087480001,23.327819824,_;_;_;_;208;128;4;200;120;4;4
14,215,mh_fast,mh_ffn_fused_c128_project_mapped_g128_qkv_bytein_fb,block60,1560,256,3194880,19.145559311,19.269840240,0.124279998,23.327819824,_;_;_;_;_;24960;200;120;208;4;0
14,216,mh_fused,c128_attention_project_fb_bout_diag,block60,390,512,390,19.271200180,19.367519379,0.096320003,23.327819824,_;_;_;_;208;120;4;200;120;4;0
14,217,mh_fast,mh_ffn_fused_c128_project_mapped_g128_qkv_bytein_fb,block61,1600,256,3276800,19.368959427,19.484119415,0.115160003,23.327819824,_;_;_;_;_;25600;200;120;200;0;4
14,218,mh_fused,c128_attention_project_fb_diag,block61,400,512,400,19.491079330,19.560640335,0.069559999,23.327819824,_;_;_;_;200;128;0;200;120;0;4
14,219,deep_fast,decoder_project2x_h16w_byteout,block62,6000,32,1536000,19.562480927,19.680759430,0.118280001,23.327819824,_;_;_;_;200;120;400;240;128;64
14,220,mh_fast,mh_ffn_fused_c64_project_g128_qkv_bytein_fb,block62,6000,128,6144000,19.683080673,19.821199417,0.138119996,23.327819824,_;_;_;_;_;96000;400;240;400;0;0
14,221,mh_fused,c64_attention_project_fb_bout_diag,block62,1500,256,1500,19.822719574,19.929599762,0.106880002,23.327819824,_;_;_;_;400;240;4;0;0;0;0
14,222,mh_fast,mh_ffn_fused_c64_project_mapped_g128_qkv_bytein_fb,block63,6324,128,6475776,19.930999756,20.094839096,0.163839996,23.327819824,_;_;_;_;_;101184;400;240;408;4;4
14,223,mh_fused,c64_attention_project_fb_bout_diag,block63,1581,256,1581,20.096239090,20.219800949,0.123559996,23.327819824,_;_;_;_;408;248;4;400;240;4;4
14,224,mh_fast,mh_ffn_fused_c64_project_mapped_g128_qkv_bytein_fb,block64,6120,128,6266880,20.221279144,20.381719589,0.160439998,23.327819824,_;_;_;_;_;97920;400;240;408;4;0
14,225,mh_fused,c64_attention_project_fb_bout_diag,block64,1530,256,1530,20.383159637,20.505599976,0.122440003,23.327819824,_;_;_;_;408;240;4;400;240;4;0
14,226,mh_fast,mh_ffn_fused_c64_project_mapped_g128_qkv_bytein_fb,block65,6200,128,6348800,20.507120132,20.670160294,0.163039997,23.327819824,_;_;_;_;_;99200;400;240;400;0;4
14,227,mh_fused,c64_attention_project_fb_diag,block65,1550,256,1550,20.671520233,20.800519943,0.128999993,23.327819824,_;_;_;_;400;248;0;400;240;0;4
14,228,deep_fast,decoder_project2x_h16w,block69,12000,32,3072000,20.802160263,21.034999847,0.232840002,23.327819824,_;_;_;_;400;240;800;480;64;32
14,229,c32_fused_ffn,c32_fast_ffn_attention_fused_half_mapped,block69,6000,128,6000,21.038040161,21.328220367,0.290179998,23.327819824,_;_;_;_;6000;0;1;800;480;0;0
14,230,c32_fused_ffn,c32_fast_ffn_attention_fused_half_chain,block69,6161,128,6161,21.329620361,21.614719391,0.285100013,23.327819824,_;_;_;_;6161;3;1;800;480;4;4;800;0;0
14,231,c32_fused_ffn,c32_fast_ffn_attention_fused_half_chain,block69,6060,128,6060,21.616319656,21.893119812,0.276800007,23.327819824,_;_;_;_;6060;3;1;800;480;4;0;808;4;4
14,232,c32_fused_ffn,c32_fast_ffn_attention_fused_half_chain_finish,block69,6100,128,6100,21.894720078,22.196119308,0.301400006,23.327819824,_;_;_;_;_;6100;3;1;800;480;0;4;808;4;0
14,233,c32_fused_ffn,c32_post_merge_head_half,block70,24321,128,24321,22.197759628,23.296520233,1.098760009,23.327819824,_;_;_;_;_;_;_;_;24321;1600;960;4;4;_
15,0,c32_fused_ffn,c32_fast_ffn_attention_fused_half_prefix_finish_main8,pre-down,24000,128,24000,0.005920000,1.107079983,1.101160049,23.267860413,_;_;_;_;_;_;24000;0;1;1600;960;0;0
15,1,c32_fused_ffn,c32_fast_ffn_attention_fused_half_mapped,block4,6000,128,6000,1.108600020,1.405560017,0.296959996,23.267860413,_;_;_;_;6000;0;1;800;480;0;0
15,2,c32_fused_ffn,c32_fast_ffn_attention_fused_half_chain,block4,6161,128,6161,1.406999946,1.689839959,0.282840014,23.267860413,_;_;_;_;6161;3;1;800;480;4;4;800;0;0
15,3,c32_fused_ffn,c32_fast_ffn_attention_fused_half_chain,block4,6060,128,6060,1.691400051,1.982800007,0.291399986,23.267860413,_;_;_;_;6060;3;1;800;480;4;0;808;4;4
15,4,c32_fused_ffn,c32_fast_ffn_attention_fused_half_chain_finish_dcrop,block4,6100,128,6100,1.984359980,2.296080112,0.311720014,23.267860413,_;_;_;_;_;6100;3;1;800;480;0;4;808;4;0
15,5,mh_fast,mh_pool_project_production_h16w,block5,24000,32,6144000,2.297679901,2.381400108,0.083719999,23.267860413,_;_;_;400;240;0;0;32
15,6,mh_fast,mh_ffn_fused_c64_project_g128_qkv_fb,block5,6000,128,6144000,2.389839888,2.532239914,0.142399997,23.267860413,_;_;_;_;_;96000;400;240;400;0;0
15,7,mh_fused,c64_attention_project_fb_bout_diag,block5,1500,256,1500,2.533679962,2.640799999,0.107120000,23.267860413,_;_;_;_;400;240;4;0;0;0;0
15,8,mh_fast,mh_ffn_fused_c64_project_mapped_g128_qkv_bytein_fb,block6,6324,128,6475776,2.642199993,2.806119919,0.163920000,23.267860413,_;_;_;_;_;101184;400;240;408;4;4
15,9,mh_fused,c64_attention_project_fb_bout_diag,block6,1581,256,1581,2.807480097,2.931479931,0.123999998,23.267860413,_;_;_;_;408;248;4;400;240;4;4
15,10,mh_fast,mh_ffn_fused_c64_project_mapped_g128_qkv_bytein_fb,block7,6120,128,6266880,2.932919979,3.093039989,0.160119995,23.267860413,_;_;_;_;_;97920;400;240;408;4;0
15,11,mh_fused,c64_attention_project_fb_bout_diag,block7,1530,256,1530,3.094399929,3.215440035,0.121040002,23.267860413,_;_;_;_;408;240;4;400;240;4;0
15,12,mh_fast,mh_ffn_fused_c64_project_mapped_g128_qkv_bytein_fb,block8,6200,128,6348800,3.216919899,3.376719952,0.159799993,23.267860413,_;_;_;_;_;99200;400;240;400;0;4
15,13,mh_fused,c64_attention_project_fb_diag,block8,1550,256,1550,3.378079891,3.500839949,0.122759998,23.267860413,_;_;_;_;400;248;3;400;240;0;4
15,14,mh_fast,mh_pool_project_group_c64,block9,1500,64,3072000,3.502439976,3.578959942,0.076520003,23.267860413,_;_;_;200;120;400;0;0
15,15,mh_fast,mh_ffn_fused_c128_project_g128_qkv_fb,block9,1500,256,3072000,3.583440065,3.702800035,0.119360000,23.267860413,_;_;_;_;_;24000;200;120;200;0;0
15,16,mh_fused,c128_attention_project_fb_bout_diag,block9,375,512,375,3.704200029,3.785599947,0.081400000,23.267860413,_;_;_;_;200;120;4;0;0;0;0
15,17,mh_fast,mh_ffn_fused_c128_project_mapped_g128_qkv_bytein_fb,block10,1664,256,3407872,3.787080050,3.909199953,0.122120000,23.267860413,_;_;_;_;_;26624;200;120;208;4;4
15,18,mh_fused,c128_attention_project_fb_bout_diag,block10,416,512,416,3.916160107,4.003479958,0.087320000,23.267860413,_;_;_;_;208;128;4;200;120;4;4
15,19,mh_fast,mh_ffn_fused_c128_project_mapped_g128_qkv_bytein_fb,block11,1560,256,3194880,4.004960060,4.132279873,0.127320006,23.267860413,_;_;_;_;_;24960;200;120;208;4;0
15,20,mh_fused,c128_attention_project_fb_bout_diag,block11,390,512,390,4.133679867,4.224239826,0.090559997,23.267860413,_;_;_;_;208;120;4;200;120;4;0
15,21,mh_fast,mh_ffn_fused_c128_project_mapped_g128_qkv_bytein_fb,block12,1600,256,3276800,4.225679874,4.343719959,0.118040003,23.267860413,_;_;_;_;_;25600;200;120;200;0;4
15,22,mh_fused,c128_attention_project_fb_bout_diag,block12,400,512,400,4.350679874,4.417200089,0.066519998,23.267860413,_;_;_;_;200;128;4;200;120;0;4
15,23,mh_fast,mh_ffn_fused_c128_project_g128_qkv_bytein_fb,block13,1500,256,3072000,4.418759823,4.536079884,0.117320001,23.267860413,_;_;_;_;_;24000;200;120;200;0;0
15,24,mh_fused,c128_attention_project_fb_bout_diag,block13,375,512,375,4.537479877,4.619279861,0.081799999,23.267860413,_;_;_;_;200;120;4;0;0;0;0
15,25,mh_fast,mh_ffn_fused_c128_project_mapped_g128_qkv_bytein_fb,block14,1664,256,3407872,4.620719910,4.743840218,0.123120002,23.267860413,_;_;_;_;_;26624;200;120;208;4;4
15,26,mh_fused,c128_attention_project_fb_diag,block14,416,512,416,4.751999855,4.839200020,0.087200001,23.267860413,_;_;_;_;208;128;3;200;120;4;4
15,27,mh_fast,mh_pool_project_group_c128,block15,375,128,1536000,4.840879917,4.900159836,0.059280001,23.267860413,_;_;_;100;60;200;0;0
15,28,mh_fast,mh_ffn_fused_c256_frag_project_mapped_g128_qkv_fb,block15,416,512,1703936,4.904719830,5.009679794,0.104960002,23.267860413,_;_;_;_;_;6656;100;60;104;0;0
15,29,mh_fused,c256_attention_project_fb_bout_diag,block15,104,512,104,5.011079788,5.095079899,0.083999999,23.267860413,_;_;_;_;104;64;4;100;60;0;0
15,30,mh_fast,mh_ffn_fused_c256_frag_project_mapped_g128_qkv_bytein_fb,block16,416,512,1703936,5.096759796,5.203199863,0.106440000,23.267860413,_;_;_;_;_;6656;100;60;104;4;4
15,31,mh_fused,c256_attention_project_fb_bout_diag,block16,104,512,104,5.204679966,5.287199974,0.082520001,23.267860413,_;_;_;_;104;64;4;100;60;4;4
15,32,mh_fast,mh_ffn_fused_c256_frag_project_mapped_g128_qkv_bytein_fb,block17,416,512,1703936,5.288879871,5.392960072,0.104079999,23.267860413,_;_;_;_;_;6656;100;60;104;4;0
15,33,mh_fused,c256_attention_project_fb_bout_diag,block17,104,512,104,5.394320011,5.477640152,0.083319999,23.267860413,_;_;_;_;104;64;4;100;60;4;0
15,34,mh_fast,mh_ffn_fused_c256_frag_project_mapped_g128_qkv_bytein_fb,block18,416,512,1703936,5.479279995,5.585199833,0.105920002,23.267860413,_;_;_;_;_;6656;100;60;104;0;4
15,35,mh_fused,c256_attention_project_fb_bout_diag,block18,104,512,104,5.586800098,5.669159889,0.082359999,23.267860413,_;_;_;_;104;64;4;100;60;0;4
15,36,mh_fast,mh_ffn_fused_c256_frag_project_mapped_g128_qkv_bytein_fb,block19,416,512,1703936,5.670879841,5.769279957,0.098399997,23.267860413,_;_;_;_;_;6656;100;60;104;0;0
15,37,mh_fused,c256_attention_project_fb_bout_diag,block19,104,512,104,5.770639896,5.858160019,0.087520003,23.267860413,_;_;_;_;104;64;4;100;60;0;0
15,38,mh_fast,mh_ffn_fused_c256_frag_project_mapped_g128_qkv_bytein_fb,block20,416,512,1703936,5.859799862,5.965040207,0.105240002,23.267860413,_;_;_;_;_;6656;100;60;104;4;4
15,39,mh_fused,c256_attention_project_fb_bout_diag,block20,104,512,104,5.966559887,6.048920155,0.082359999,23.267860413,_;_;_;_;104;64;4;100;60;4;4
15,40,mh_fast,mh_ffn_fused_c256_frag_project_mapped_g128_qkv_bytein_fb,block21,416,512,1703936,6.050600052,6.154160023,0.103560001,23.267860413,_;_;_;_;_;6656;100;60;104;4;0
15,41,mh_fused,c256_attention_project_fb_bout_diag,block21,104,512,104,6.155479908,6.238719940,0.083240002,23.267860413,_;_;_;_;104;64;4;100;60;4;0
15,42,mh_fast,mh_ffn_fused_c256_frag_project_mapped_g128_qkv_bytein_fb,block22,416,512,1703936,6.240399837,6.347119808,0.106720001,23.267860413,_;_;_;_;_;6656;100;60;104;0;4
15,43,mh_fused,c256_attention_project_fb_diag,block22,104,512,104,6.348599911,6.431039810,0.082439996,23.267860413,_;_;_;_;104;64;3;100;60;0;4
15,44,mh_fast,mh_pool_project_group_c256,block23,94,256,768000,6.433680058,6.493840218,0.060160000,23.267860413,_;_;_;50;30;100;0;0
15,45,mh,mh_shift_pack,block23,3584,256,917504,6.496840000,6.549280167,0.052439999,23.267860413,_;_;50;30;56;32;0;0;512;0
15,46,deep_fast,split_mix_blocked_h16w,block23,896,32,917504,6.556879997,6.617360115,0.060479999,23.267860413,_;_;_;1792
15,47,deep_fast,split_ffn_fused_fp8_t8,block23,896,128,917504,6.620639801,6.682720184,0.062080000,23.267860413,_;_;_;_;1792
15,48,deep_fast,split_projection_frag,block23,896,32,917504,6.684279919,6.737239838,0.052960001,23.267860413,_;_;_;_;_;1792
15,49,mh_fast,mh_qkv_normalize_frag_c512,block23,2688,32,2752512,6.741000175,6.814519882,0.073519997,23.267860413,_;_;_;1792
15,50,mh_fused,mh_attention_fused_fp8_out,block23,448,128,448,6.815879822,6.874159813,0.058279999,23.267860413,_;_;_;56;32;512
15,51,mh_fast,mh_attention_project_frag_c512,block23,896,32,917504,6.875639915,6.941880226,0.066239998,23.267860413,_;_;_;_;1792;0;50;30;56;0;0
15,52,mh,mh_shift_pack,block24,4480,256,1146880,6.944839954,6.998360157,0.053520001,23.267860413,_;_;50;30;56;40;4;4;512;0
15,53,deep_fast,split_mix_blocked_h16w,block24,1120,32,1146880,7.004799843,7.095680237,0.090879999,23.267860413,_;_;_;2240
15,54,deep_fast,split_ffn_fused_fp8_t8,block24,1120,128,1146880,7.099520206,7.167439938,0.067919999,23.267860413,_;_;_;_;2240
15,55,deep_fast,split_projection_frag,block24,1120,32,1146880,7.168839931,7.204400063,0.035560001,23.267860413,_;_;_;_;_;2240
15,56,mh_fast,mh_qkv_normalize_frag_c512,block24,3360,32,3440640,7.208640099,7.278079987,0.069440000,23.267860413,_;_;_;2240
15,57,mh_fused,mh_attention_fused_fp8_out,block24,560,128,560,7.280720234,7.339240074,0.058520000,23.267860413,_;_;_;56;40;512
15,58,mh_fast,mh_attention_project_frag_c512,block24,1120,32,1146880,7.340640068,7.407919884,0.067280002,23.267860413,_;_;_;_;2240;0;50;30;56;4;4
15,59,mh,mh_shift_pack,block25,3584,256,917504,7.410960197,7.464079857,0.053119998,23.267860413,_;_;50;30;56;32;4;0;512;0
15,60,deep_fast,split_mix_blocked_h16w,block25,896,32,917504,7.471600056,7.533480167,0.061880000,23.267860413,_;_;_;1792
15,61,deep_fast,split_ffn_fused_fp8_t8,block25,896,128,917504,7.536759853,7.594039917,0.057280000,23.267860413,_;_;_;_;1792
15,62,deep_fast,split_projection_frag,block25,896,32,917504,7.595600128,7.650000095,0.054400001,23.267860413,_;_;_;_;_;1792
15,63,mh_fast,mh_qkv_normalize_frag_c512,block25,2688,32,2752512,7.653759956,7.728879929,0.075120002,23.267860413,_;_;_;1792
15,64,mh_fused,mh_attention_fused_fp8_out,block25,448,128,448,7.730239868,7.789879799,0.059640002,23.267860413,_;_;_;56;32;512
15,65,mh_fast,mh_attention_project_frag_c512,block25,896,32,917504,7.791399956,7.855679989,0.064280003,23.267860413,_;_;_;_;1792;0;50;30;56;4;0
15,66,mh,mh_shift_pack,block26,4480,256,1146880,7.858640194,7.914080143,0.055440001,23.267860413,_;_;50;30;56;40;0;4;512;0
15,67,deep_fast,split_mix_blocked_h16w,block26,1120,32,1146880,7.921879768,7.989439964,0.067560002,23.267860413,_;_;_;2240
15,68,deep_fast,split_ffn_fused_fp8_t8,block26,1120,128,1146880,7.993319988,8.058919907,0.065600000,23.267860413,_;_;_;_;2240
15,69,deep_fast,split_projection_frag,block26,1120,32,1146880,8.060440063,8.117079735,0.056639999,23.267860413,_;_;_;_;_;2240
15,70,mh_fast,mh_qkv_normalize_frag_c512,block26,3360,32,3440640,8.121319771,8.198519707,0.077200003,23.267860413,_;_;_;2240
15,71,mh_fused,mh_attention_fused_fp8_out,block26,560,128,560,8.199879646,8.262439728,0.062560000,23.267860413,_;_;_;56;40;512
15,72,mh_fast,mh_attention_project_frag_c512,block26,1120,32,1146880,8.263839722,8.326239586,0.062399998,23.267860413,_;_;_;_;2240;0;50;30;56;0;4
15,73,mh,mh_shift_pack,block27,3584,256,917504,8.329239845,8.381440163,0.052200001,23.267860413,_;_;50;30;56;32;0;0;512;0
15,74,deep_fast,split_mix_blocked_h16w,block27,896,32,917504,8.388999939,8.451319695,0.062320001,23.267860413,_;_;_;1792
15,75,deep_fast,split_ffn_fused_fp8_t8,block27,896,128,917504,8.454600334,8.534279823,0.079680003,23.267860413,_;_;_;_;1792
15,76,deep_fast,split_projection_frag,block27,896,32,917504,8.535840034,8.591119766,0.055280000,23.267860413,_;_;_;_;_;1792
15,77,mh_fast,mh_qkv_normalize_frag_c512,block27,2688,32,2752512,8.594840050,8.670479774,0.075640000,23.267860413,_;_;_;1792
15,78,mh_fused,mh_attention_fused_fp8_out,block27,448,128,448,8.671879768,8.736760139,0.064879999,23.267860413,_;_;_;56;32;512
15,79,mh_fast,mh_attention_project_frag_c512,block27,896,32,917504,8.738280296,8.797439575,0.059160002,23.267860413,_;_;_;_;1792;0;50;30;56;0;0
15,80,mh,mh_shift_pack,block28,4480,256,1146880,8.800399780,8.855839729,0.055440001,23.267860413,_;_;50;30;56;40;4;4;512;0
15,81,deep_fast,split_mix_blocked_h16w,block28,1120,32,1146880,8.863559723,8.906880379,0.043320000,23.267860413,_;_;_;2240
15,82,deep_fast,split_ffn_fused_fp8_t8,block28,1120,128,1146880,8.910679817,8.971240044,0.060559999,23.267860413,_;_;_;_;2240
15,83,deep_fast,split_projection_frag,block28,1120,32,1146880,8.972720146,9.030520439,0.057799999,23.267860413,_;_;_;_;_;2240
15,84,mh_fast,mh_qkv_normalize_frag_c512,block28,3360,32,3440640,9.034720421,9.109319687,0.074600004,23.267860413,_;_;_;2240
15,85,mh_fused,mh_attention_fused_fp8_out,block28,560,128,560,9.111920357,9.146880150,0.034960002,23.267860413,_;_;_;56;40;512
15,86,mh_fast,mh_attention_project_frag_c512,block28,1120,32,1146880,9.148280144,9.211079597,0.062799998,23.267860413,_;_;_;_;2240;0;50;30;56;4;4
15,87,mh,mh_shift_pack,block29,3584,256,917504,9.214079857,9.266480446,0.052400000,23.267860413,_;_;50;30;56;32;4;0;512;0
15,88,deep_fast,split_mix_blocked_h16w,block29,896,32,917504,9.274040222,9.335559845,0.061519999,23.267860413,_;_;_;1792
15,89,deep_fast,split_ffn_fused_fp8_t8,block29,896,128,917504,9.338839531,9.402159691,0.063320003,23.267860413,_;_;_;_;1792
15,90,deep_fast,split_projection_frag,block29,896,32,917504,9.403719902,9.459639549,0.055920001,23.267860413,_;_;_;_;_;1792
15,91,mh_fast,mh_qkv_normalize_frag_c512,block29,2688,32,2752512,9.463399887,9.535440445,0.072039999,23.267860413,_;_;_;1792
15,92,mh_fused,mh_attention_fused_fp8_out,block29,448,128,448,9.536800385,9.595640182,0.058839999,23.267860413,_;_;_;56;32;512
15,93,mh_fast,mh_attention_project_frag_c512,block29,896,32,917504,9.597160339,9.663080215,0.065920003,23.267860413,_;_;_;_;1792;0;50;30;56;4;0
15,94,mh,mh_shift_pack,block30,4480,256,1146880,9.666119576,9.719880104,0.053760000,23.267860413,_;_;50;30;56;40;0;4;512;0
15,95,deep_fast,split_mix_blocked_h16w,block30,1120,32,1146880,9.726360321,9.797599792,0.071240000,23.267860413,_;_;_;2240
15,96,deep_fast,split_ffn_fused_fp8_t8,block30,1120,128,1146880,9.801440239,9.866880417,0.065439999,23.267860413,_;_;_;_;2240
15,97,deep_fast,split_projection_frag,block30,1120,32,1146880,9.868399620,9.925080299,0.056680001,23.267860413,_;_;_;_;_;2240
15,98,mh_fast,mh_qkv_normalize_frag_c512,block30,3360,32,3440640,9.929360390,10.005279541,0.075920001,23.267860413,_;_;_;2240
15,99,mh_fused,mh_attention_fused_fp8_out,block30,560,128,560,10.006640434,10.068880081,0.062240001,23.267860413,_;_;_;56;40;512
15,100,mh_fast,mh_attention_project_frag_c512,block30,1120,32,1146880,10.070320129,10.137080193,0.066760004,23.267860413,_;_;_;_;2240;3;50;30;56;0;4
15,101,mh,mh_pool,head,800,256,204800,10.140040398,10.189599991,0.049559999,23.267860413,_;_;25;16;50;25;15;512
15,102,mh_fast,mh_pool_project_production_h16w,head,1600,32,409600,10.195759773,10.282079697,0.086319998,23.267860413,_;_;_;25;16;25;15;512
15,103,deep,vit_gather,block31,1600,256,409600,10.284359932,10.334199905,0.049840000,23.267860413,_;_;_;409600
15,104,deep_fast,vit_pack_input,block31,400,256,102400,10.340760231,10.361160278,0.020400001,23.267860413,_;_;409600
15,105,deep_fast,vit_expand_blocked_fp8_frag_bytein,block31,1600,32,1638400,10.366000175,10.415880203,0.049880002,23.267860413,_;_;_;400;1024;4096
15,106,deep_fast,vit_contract_blocked_fp8_frag,block31,400,32,409600,10.418160439,10.498080254,0.079920001,23.267860413,_;_;_;_;400;4096;1024
15,107,deep_fast,vit_qkv_project_normalize_fused_f16compact_fp8_frag,block31,2400,32,1228800,10.500280380,10.588600159,0.088320002,23.267860413,_;_;_;400
15,108,deep_fast,vit_attention_fused_400_bytein,block31,800,32,204800,10.590279579,10.661800385,0.071520001,23.267860413,_;_;400
15,109,deep_fast,vit_project_frag,block31,1600,32,409600,10.663999557,10.746319771,0.082319997,23.267860413,_;_;_;_;400;1024;1024
15,110,deep_fast,vit_pack_input,block32,400,256,102400,10.748519897,10.795399666,0.046879999,23.267860413,_;_;409600
15,111,deep_fast,vit_expand_blocked_fp8_frag_bytein,block32,1600,32,1638400,10.800279617,10.851479530,0.051199999,23.267860413,_;_;_;400;1024;4096
15,112,deep_fast,vit_contract_blocked_fp8_frag,block32,400,32,409600,10.853679657,10.933400154,0.079719998,23.267860413,_;_;_;_;400;4096;1024
15,113,deep_fast,vit_qkv_project_normalize_fused_f16compact_fp8_frag,block32,2400,32,1228800,10.935640335,11.028719902,0.093079999,23.267860413,_;_;_;400
15,114,deep_fast,vit_attention_fused_400_bytein,block32,800,32,204800,11.030400276,11.100720406,0.070320003,23.267860413,_;_;400
15,115,deep_fast,vit_project_frag,block32,1600,32,409600,11.102959633,11.183959961,0.081000000,23.267860413,_;_;_;_;400;1024;1024
15,116,deep_fast,vit_pack_input,block33,400,256,102400,11.186200142,11.230600357,0.044399999,23.267860413,_;_;409600
15,117,deep_fast,vit_expand_blocked_fp8_frag_bytein,block33,1600,32,1638400,11.236720085,11.284879684,0.048160002,23.267860413,_;_;_;400;1024;4096
15,118,deep_fast,vit_contract_blocked_fp8_frag,block33,400,32,409600,11.287159920,11.368880272,0.081720002,23.267860413,_;_;_;_;400;4096;1024
15,119,deep_fast,vit_qkv_project_normalize_fused_f16compact_fp8_frag,block33,2400,32,1228800,11.371120453,11.463680267,0.092560001,23.267860413,_;_;_;400
15,120,deep_fast,vit_attention_fused_400_bytein,block33,800,32,204800,11.465359688,11.539600372,0.074239999,23.267860413,_;_;400
15,121,deep_fast,vit_project_frag,block33,1600,32,409600,11.541839600,11.627679825,0.085840002,23.267860413,_;_;_;_;400;1024;1024
15,122,deep_fast,vit_pack_input,block34,400,256,102400,11.629879951,11.677960396,0.048080001,23.267860413,_;_;409600
15,123,deep_fast,vit_expand_blocked_fp8_frag_bytein,block34,1600,32,1638400,11.682800293,11.760279655,0.077480003,23.267860413,_;_;_;400;1024;4096
15,124,deep_fast,vit_contract_blocked_fp8_frag,block34,400,32,409600,11.762559891,11.843919754,0.081359997,23.267860413,_;_;_;_;400;4096;1024
15,125,deep_fast,vit_qkv_project_normalize_fused_f16compact_fp8_frag,block34,2400,32,1228800,11.846199989,11.937680244,0.091480002,23.267860413,_;_;_;400
15,126,deep_fast,vit_attention_fused_400_bytein,block34,800,32,204800,11.939359665,12.013400078,0.074040003,23.267860413,_;_;400
15,127,deep_fast,vit_project_frag,block34,1600,32,409600,12.015640259,12.101200104,0.085560001,23.267860413,_;_;_;_;400;1024;1024
15,128,deep_fast,vit_pack_input,block35,400,256,102400,12.103400230,12.151599884,0.048200000,23.267860413,_;_;409600
15,129,deep_fast,vit_expand_blocked_fp8_frag_bytein,block35,1600,32,1638400,12.157799721,12.209159851,0.051360000,23.267860413,_;_;_;400;1024;4096
15,130,deep_fast,vit_contract_blocked_fp8_frag,block35,400,32,409600,12.211400032,12.297439575,0.086039998,23.267860413,_;_;_;_;400;4096;1024
15,131,deep_fast,vit_qkv_project_normalize_fused_f16compact_fp8_frag,block35,2400,32,1228800,12.299719810,12.392800331,0.093079999,23.267860413,_;_;_;400
15,132,deep_fast,vit_attention_fused_400_bytein,block35,800,32,204800,12.394519806,12.468560219,0.074040003,23.267860413,_;_;400
15,133,deep_fast,vit_project_frag,block35,1600,32,409600,12.470800400,12.555040359,0.084239997,23.267860413,_;_;_;_;400;1024;1024
15,134,deep_fast,vit_pack_input,block36,400,256,102400,12.557200432,12.605400085,0.048200000,23.267860413,_;_;409600
15,135,deep_fast,vit_expand_blocked_fp8_frag_bytein,block36,1600,32,1638400,12.610320091,12.663319588,0.052999999,23.267860413,_;_;_;400;1024;4096
15,136,deep_fast,vit_contract_blocked_fp8_frag,block36,400,32,409600,12.665559769,12.748800278,0.083240002,23.267860413,_;_;_;_;400;4096;1024
15,137,deep_fast,vit_qkv_project_normalize_fused_f16compact_fp8_frag,block36,2400,32,1228800,12.751040459,12.840200424,0.089160003,23.267860413,_;_;_;400
15,138,deep_fast,vit_attention_fused_400_bytein,block36,800,32,204800,12.841879845,12.918279648,0.076399997,23.267860413,_;_;400
15,139,deep_fast,vit_project_frag,block36,1600,32,409600,12.920559883,13.005680084,0.085120000,23.267860413,_;_;_;_;400;1024;1024
15,140,deep_fast,vit_pack_input,block37,400,256,102400,13.007880211,13.055640221,0.047759999,23.267860413,_;_;409600
15,141,deep_fast,vit_expand_blocked_fp8_frag_bytein,block37,1600,32,1638400,13.060480118,13.109000206,0.048519999,23.267860413,_;_;_;400;1024;4096
15,142,deep_fast,vit_contract_blocked_fp8_frag,block37,400,32,409600,13.111240387,13.190320015,0.079080001,23.267860413,_;_;_;_;400;4096;1024
15,143,deep_fast,vit_qkv_project_normalize_fused_f16compact_fp8_frag,block37,2400,32,1228800,13.192560196,13.281399727,0.088840000,23.267860413,_;_;_;400
15,144,deep_fast,vit_attention_fused_400_bytein,block37,800,32,204800,13.283080101,13.355999947,0.072920002,23.267860413,_;_;400
15,145,deep_fast,vit_project_frag,block37,1600,32,409600,13.358240128,13.444160461,0.085919999,23.267860413,_;_;_;_;400;1024;1024
15,146,deep_fast,vit_pack_input,block38,400,256,102400,13.446359634,13.499199867,0.052839998,23.267860413,_;_;409600
15,147,deep_fast,vit_expand_blocked_fp8_frag_bytein,block38,1600,32,1638400,13.504039764,13.553239822,0.049199998,23.267860413,_;_;_;400;1024;4096
15,148,deep_fast,vit_contract_blocked_fp8_frag,block38,400,32,409600,13.555480003,13.634079933,0.078599997,23.267860413,_;_;_;_;400;4096;1024
15,149,deep_fast,vit_qkv_project_normalize_fused_f16compact_fp8_frag,block38,2400,32,1228800,13.636320114,13.725079536,0.088760003,23.267860413,_;_;_;400
15,150,deep_fast,vit_attention_fused_400_bytein,block38,800,32,204800,13.726759911,13.799960136,0.073200002,23.267860413,_;_;400
15,151,deep_fast,vit_project_frag,block38,1600,32,409600,13.802200317,13.888039589,0.085840002,23.267860413,_;_;_;_;400;1024;1024
15,152,deep,vit_gather,block39,1600,256,409600,13.890199661,13.942760468,0.052560002,23.267860413,_;_;_;409600
15,153,deep_fast,decoder_project2x_h16w,block39,800,32,204800,13.949600220,14.025400162,0.075800002,23.267860413,_;_;_;_;25;16;50;30;1024;512
15,154,mh,mh_shift_pack,block40,3584,256,917504,14.028400421,14.082079887,0.053679999,23.267860413,_;_;50;30;56;32;0;0;512;0
15,155,deep_fast,split_mix_blocked_h16w,block40,896,32,917504,14.089839935,14.128199577,0.038360000,23.267860413,_;_;_;1792
15,156,deep_fast,split_ffn_fused_fp8_t8,block40,896,128,917504,14.131560326,14.195960045,0.064400002,23.267860413,_;_;_;_;1792
15,157,deep_fast,split_projection_frag,block40,896,32,917504,14.197640419,14.249440193,0.051800001,23.267860413,_;_;_;_;_;1792
15,158,mh_fast,mh_qkv_normalize_frag_c512,block40,2688,32,2752512,14.253239632,14.326560020,0.073320001,23.267860413,_;_;_;1792
15,159,mh_fused,mh_attention_fused_fp8_out,block40,448,128,448,14.327960014,14.386759758,0.058800001,23.267860413,_;_;_;56;32;512
15,160,mh_fast,mh_attention_project_frag_c512,block40,896,32,917504,14.388319969,14.453800201,0.065480001,23.267860413,_;_;_;_;1792;0;50;30;56;0;0
15,161,mh,mh_shift_pack,block41,4480,256,1146880,14.456800461,14.511879921,0.055080000,23.267860413,_;_;50;30;56;40;4;4;512;0
15,162,deep_fast,split_mix_blocked_h16w,block41,1120,32,1146880,14.519519806,14.592000008,0.072480001,23.267860413,_;_;_;2240
15,163,deep_fast,split_ffn_fused_fp8_t8,block41,1120,128,1146880,14.595840454,14.662759781,0.066919997,23.267860413,_;_;_;_;2240
15,164,deep_fast,split_projection_frag,block41,1120,32,1146880,14.664239883,14.724720001,0.060479999,23.267860413,_;_;_;_;_;2240
15,165,mh_fast,mh_qkv_normalize_frag_c512,block41,3360,32,3440640,14.728919983,14.806280136,0.077359997,23.267860413,_;_;_;2240
15,166,mh_fused,mh_attention_fused_fp8_out,block41,560,128,560,14.808919907,14.846119881,0.037200000,23.267860413,_;_;_;56;40;512
15,167,mh_fast,mh_attention_project_frag_c512,block41,1120,32,1146880,14.847559929,14.911959648,0.064400002,23.267860413,_;_;_;_;2240;0;50;30;56;4;4
15,168,mh,mh_shift_pack,block44,3584,256,917504,14.914959908,14.965080261,0.050120000,23.267860413,_;_;50;30;56;32;0;0;512;0
15,169,deep_fast,split_mix_blocked_h16w,block44,896,32,917504,14.971480370,15.033519745,0.062040001,23.267860413,_;_;_;1792
15,170,deep_fast,split_ffn_fused_fp8_t8,block44,896,128,917504,15.036840439,15.100799561,0.063960001,23.267860413,_;_;_;_;1792
15,171,deep_fast,split_projection_frag,block44,896,32,917504,15.102319717,15.160160065,0.057840001,23.267860413,_;_;_;_;_;1792
15,172,mh_fast,mh_qkv_normalize_frag_c512,block44,2688,32,2752512,15.163960457,15.265399933,0.101439998,23.267860413,_;_;_;1792
15,173,mh_fused,mh_attention_fused_fp8_out,block44,448,128,448,15.266799927,15.328080177,0.061280001,23.267860413,_;_;_;56;32;512
15,174,mh_fast,mh_attention_project_frag_c512,block44,896,32,917504,15.329560280,15.396360397,0.066799998,23.267860413,_;_;_;_;1792;0;50;30;56;0;0
15,175,mh,mh_shift_pack,block45,4480,256,1146880,15.399359703,15.454759598,0.055399999,23.267860413,_;_;50;30;56;40;4;4;512;0
15,176,deep_fast,split_mix_blocked_h16w,block45,1120,32,1146880,15.461319923,15.532799721,0.071479999,23.267860413,_;_;_;2240
15,177,deep_fast,split_ffn_fused_fp8_t8,block45,1120,128,1146880,15.536600113,15.605360031,0.068760000,23.267860413,_;_;_;_;2240
15,178,deep_fast,split_projection_frag,block45,1120,32,1146880,15.606880188,15.666359901,0.059480000,23.267860413,_;_;_;_;_;2240
15,179,mh_fast,mh_qkv_normalize_frag_c512,block45,3360,32,3440640,15.670639992,15.749600410,0.078960001,23.267860413,_;_;_;2240
15,180,mh_fused,mh_attention_fused_fp8_out,block45,560,128,560,15.750960350,15.818079948,0.067120001,23.267860413,_;_;_;56;40;512
15,181,mh_fast,mh_attention_project_frag_c512,block45,1120,32,1146880,15.819479942,15.894519806,0.075039998,23.267860413,_;_;_;_;2240;0;50;30;56;4;4
15,182,mh,mh_shift_pack,block47,4480,256,1146880,15.897560120,15.953359604,0.055799998,23.267860413,_;_;50;30;56;40;0;4;512;0
15,183,deep_fast,split_mix_blocked_h16w,block47,1120,32,1146880,15.959839821,16.030479431,0.070639998,23.267860413,_;_;_;2240
15,184,deep_fast,split_ffn_fused_fp8_t8,block47,1120,128,1146880,16.034320831,16.107360840,0.073040001,23.267860413,_;_;_;_;2240
15,185,deep_fast,split_projection_frag,block47,1120,32,1146880,16.108879089,16.165679932,0.056800000,23.267860413,_;_;_;_;_;2240
15,186,mh_fast,mh_qkv_normalize_frag_c512,block47,3360,32,3440640,16.170000076,16.244440079,0.074440002,23.267860413,_;_;_;2240
15,187,mh_fused,mh_attention_fused_fp8_out,block47,560,128,560,16.247119904,16.305799484,0.058680002,23.267860413,_;_;_;56;40;512
15,188,mh_fast,mh_attention_project_frag_c512,block47,1120,32,1146880,16.307199478,16.380519867,0.073320001,23.267860413,_;_;_;_;2240;0;50;30;56;0;4
15,189,deep_fast,decoder_project2x_h16w_byteout,block48,1504,32,384000,16.383520126,16.479719162,0.096199997,23.267860413,_;_;_;_;50;30;100;60;512;256
15,190,mh_fast,mh_ffn_fused_c256_frag_project_mapped_g128_qkv_bytein_fb,block48,416,512,1703936,16.481760025,16.586959839,0.105200000,23.267860413,_;_;_;_;_;6656;100;60;104;0;0
15,191,mh_fused,c256_attention_project_fb_bout_diag,block48,104,512,104,16.588399887,16.675559998,0.087159999,23.267860413,_;_;_;_;104;64;0;100;60;0;0
15,192,mh_fast,mh_ffn_fused_c256_frag_project_mapped_g128_qkv_bytein_fb,block49,416,512,1703936,16.677240372,16.786880493,0.109640002,23.267860413,_;_;_;_;_;6656;100;60;104;4;4
15,193,mh_fused,c256_attention_project_fb_bout_diag,block49,104,512,104,16.788400650,16.873960495,0.085560001,23.267860413,_;_;_;_;104;64;4;100;60;4;4
15,194,mh_fast,mh_ffn_fused_c256_frag_project_mapped_g128_qkv_bytein_fb,block50,416,512,1703936,16.875680923,16.981039047,0.105360001,23.267860413,_;_;_;_;_;6656;100;60;104;4;0
15,195,mh_fused,c256_attention_project_fb_bout_diag,block50,104,512,104,16.982479095,17.069360733,0.086879998,23.267860413,_;_;_;_;104;64;4;100;60;4;0
15,196,mh_fast,mh_ffn_fused_c256_frag_project_mapped_g128_qkv_bytein_fb,block51,416,512,1703936,17.071039200,17.175760269,0.104719996,23.267860413,_;_;_;_;_;6656;100;60;104;0;4
15,197,mh_fused,c256_attention_project_fb_bout_diag,block51,104,512,104,17.177360535,17.262960434,0.085600004,23.267860413,_;_;_;_;104;64;4;100;60;0;4
15,198,mh_fast,mh_ffn_fused_c256_frag_project_mapped_g128_qkv_bytein_fb,block52,416,512,1703936,17.264680862,17.369239807,0.104560003,23.267860413,_;_;_;_;_;6656;100;60;104;0;0
15,199,mh_fused,c256_attention_project_fb_bout_diag,block52,104,512,104,17.370679855,17.456600189,0.085919999,23.267860413,_;_;_;_;104;64;4;100;60;0;0
15,200,mh_fast,mh_ffn_fused_c256_frag_project_mapped_g128_qkv_bytein_fb,block53,416,512,1703936,17.458280563,17.567760468,0.109480001,23.267860413,_;_;_;_;_;6656;100;60;104;4;4
15,201,mh_fused,c256_attention_project_fb_bout_diag,block53,104,512,104,17.569240570,17.655160904,0.085919999,23.267860413,_;_;_;_;104;64;4;100;60;4;4
15,202,mh_fast,mh_ffn_fused_c256_frag_project_mapped_g128_qkv_bytein_fb,block54,416,512,1703936,17.656919479,17.762159348,0.105240002,23.267860413,_;_;_;_;_;6656;100;60;104;4;0
15,203,mh_fused,c256_attention_project_fb_bout_diag,block54,104,512,104,17.763599396,17.849960327,0.086360000,23.267860413,_;_;_;_;104;64;4;100;60;4;0
15,204,mh_fast,mh_ffn_fused_c256_frag_project_mapped_g128_qkv_bytein_fb,block55,416,512,1703936,17.851680756,17.957679749,0.105999999,23.267860413,_;_;_;_;_;6656;100;60;104;0;4
15,205,mh_fused,c256_attention_project_fb_diag,block55,104,512,104,17.959159851,18.045759201,0.086599998,23.267860413,_;_;_;_;104;64;0;100;60;0;4
15,206,deep_fast,decoder_project2x_h16w_byteout,block56,3000,32,768000,18.048400879,18.140560150,0.092160001,23.267860413,_;_;_;_;100;60;200;120;256;128
15,207,mh_fast,mh_ffn_fused_c128_project_mapped_g128_qkv_bytein_fb,block56,1560,256,3194880,18.142480850,18.304559708,0.162080005,23.267860413,_;_;_;_;_;24960;200;120;208;4;0
15,208,mh_fused,c128_attention_project_fb_bout_diag,block56,390,512,390,18.305999756,18.397600174,0.091600001,23.267860413,_;_;_;_;208;120;4;200;120;4;0
15,209,mh_fast,mh_ffn_fused_c128_project_mapped_g128_qkv_bytein_fb,block57,1600,256,3276800,18.399080276,18.513879776,0.114799999,23.267860413,_;_;_;_;_;25600;200;120;200;0;4
15,210,mh_fused,c128_attention_project_fb_bout_diag,block57,400,512,400,18.521680832,18.612520218,0.090839997,23.267860413,_;_;_;_;200;128;4;200;120;0;4
15,211,mh_fast,mh_ffn_fused_c128_project_g128_qkv_bytein_fb,block58,1500,256,3072000,18.613960266,18.730640411,0.116680004,23.267860413,_;_;_;_;_;24000;200;120;200;0;0
15,212,mh_fused,c128_attention_project_fb_bout_diag,block58,375,512,375,18.732000351,18.813880920,0.081880003,23.267860413,_;_;_;_;200;120;4;0;0;0;0
15,213,mh_fast,mh_ffn_fused_c128_project_mapped_g128_qkv_bytein_fb,block59,1664,256,3407872,18.815319061,18.937959671,0.122639999,23.267860413,_;_;_;_;_;26624;200;120;208;4;4
15,214,mh_fused,c128_attention_project_fb_bout_diag,block59,416,512,416,18.940559387,19.036520004,0.095959999,23.267860413,_;_;_;_;208;128;4;200;120;4;4
15,215,mh_fast,mh_ffn_fused_c128_project_mapped_g128_qkv_bytein_fb,block60,1560,256,3194880,19.038040161,19.159999847,0.121959999,23.267860413,_;_;_;_;_;24960;200;120;208;4;0
15,216,mh_fused,c128_attention_project_fb_bout_diag,block60,390,512,390,19.161399841,19.252679825,0.091279998,23.267860413,_;_;_;_;208;120;4;200;120;4;0
15,217,mh_fast,mh_ffn_fused_c128_project_mapped_g128_qkv_bytein_fb,block61,1600,256,3276800,19.254119873,19.373319626,0.119199999,23.267860413,_;_;_;_;_;25600;200;120;200;0;4
15,218,mh_fused,c128_attention_project_fb_diag,block61,400,512,400,19.375959396,19.474000931,0.098040000,23.267860413,_;_;_;_;200;128;0;200;120;0;4
15,219,deep_fast,decoder_project2x_h16w_byteout,block62,6000,32,1536000,19.475519180,19.595600128,0.120080002,23.267860413,_;_;_;_;200;120;400;240;128;64
15,220,mh_fast,mh_ffn_fused_c64_project_g128_qkv_bytein_fb,block62,6000,128,6144000,19.597959518,19.735559464,0.137600005,23.267860413,_;_;_;_;_;96000;400;240;400;0;0
15,221,mh_fused,c64_attention_project_fb_bout_diag,block62,1500,256,1500,19.737039566,19.845840454,0.108800001,23.267860413,_;_;_;_;400;240;4;0;0;0;0
15,222,mh_fast,mh_ffn_fused_c64_project_mapped_g128_qkv_bytein_fb,block63,6324,128,6475776,19.847200394,20.015800476,0.168599993,23.267860413,_;_;_;_;_;101184;400;240;408;4;4
15,223,mh_fused,c64_attention_project_fb_bout_diag,block63,1581,256,1581,20.017240524,20.143079758,0.125839993,23.267860413,_;_;_;_;408;248;4;400;240;4;4
15,224,mh_fast,mh_ffn_fused_c64_project_mapped_g128_qkv_bytein_fb,block64,6120,128,6266880,20.144559860,20.303960800,0.159400001,23.267860413,_;_;_;_;_;97920;400;240;408;4;0
15,225,mh_fused,c64_attention_project_fb_bout_diag,block64,1530,256,1530,20.305400848,20.429479599,0.124080002,23.267860413,_;_;_;_;408;240;4;400;240;4;0
15,226,mh_fast,mh_ffn_fused_c64_project_mapped_g128_qkv_bytein_fb,block65,6200,128,6348800,20.430959702,20.594240189,0.163279995,23.267860413,_;_;_;_;_;99200;400;240;400;0;4
15,227,mh_fused,c64_attention_project_fb_diag,block65,1550,256,1550,20.595640182,20.728359222,0.132719994,23.267860413,_;_;_;_;400;248;0;400;240;0;4
15,228,deep_fast,decoder_project2x_h16w,block69,12000,32,3072000,20.729959488,20.965560913,0.235599995,23.267860413,_;_;_;_;400;240;800;480;64;32
15,229,c32_fused_ffn,c32_fast_ffn_attention_fused_half_mapped,block69,6000,128,6000,20.968599319,21.264459610,0.295859993,23.267860413,_;_;_;_;6000;0;1;800;480;0;0
15,230,c32_fused_ffn,c32_fast_ffn_attention_fused_half_chain,block69,6161,128,6161,21.265899658,21.550659180,0.284759998,23.267860413,_;_;_;_;6161;3;1;800;480;4;4;800;0;0
15,231,c32_fused_ffn,c32_fast_ffn_attention_fused_half_chain,block69,6060,128,6060,21.552259445,21.832660675,0.280400008,23.267860413,_;_;_;_;6060;3;1;800;480;4;0;808;4;4
15,232,c32_fused_ffn,c32_fast_ffn_attention_fused_half_chain_finish,block69,6100,128,6100,21.834220886,22.140060425,0.305839986,23.267860413,_;_;_;_;_;6100;3;1;800;480;0;4;808;4;0
15,233,c32_fused_ffn,c32_post_merge_head_half,block70,24321,128,24321,22.141660690,23.240060806,1.098399997,23.267860413,_;_;_;_;_;_;_;_;24321;1600;960;4;4;_
